timestamp,annualized_carry,rolling30d
2020-01-01 00:00:00+00:00,-0.1255819,
2020-01-02 00:00:00+00:00,0.0502459,
2020-01-03 00:00:00+00:00,0.02475795,
2020-01-04 00:00:00+00:00,0.06376915000000001,
2020-01-05 00:00:00+00:00,0.10950000000000001,
2020-01-06 00:00:00+00:00,0.10950000000000001,
2020-01-07 00:00:00+00:00,0.10950000000000001,
2020-01-08 00:00:00+00:00,0.1186761,
2020-01-09 00:00:00+00:00,0.10950000000000001,
2020-01-10 00:00:00+00:00,0.10950000000000001,
2020-01-11 00:00:00+00:00,0.1381379,
2020-01-12 00:00:00+00:00,0.10950000000000001,
2020-01-13 00:00:00+00:00,0.10950000000000001,
2020-01-14 00:00:00+00:00,0.167535,
2020-01-15 00:00:00+00:00,0.28794485,
2020-01-16 00:00:00+00:00,0.30169805,
2020-01-17 00:00:00+00:00,0.29848240000000004,
2020-01-18 00:00:00+00:00,0.26010995,
2020-01-19 00:00:00+00:00,0.55420505,
2020-01-20 00:00:00+00:00,0.1842666,
2020-01-21 00:00:00+00:00,0.1577603,
2020-01-22 00:00:00+00:00,0.15108080000000002,
2020-01-23 00:00:00+00:00,0.2639096,
2020-01-24 00:00:00+00:00,0.41898715000000003,
2020-01-25 00:00:00+00:00,0.10950000000000001,
2020-01-26 00:00:00+00:00,0.10950000000000001,
2020-01-27 00:00:00+00:00,0.10950000000000001,
2020-01-28 00:00:00+00:00,0.48575295,
2020-01-29 00:00:00+00:00,0.8183701499999999,
2020-01-30 00:00:00+00:00,0.30415085,0.20064196
2020-01-31 00:00:00+00:00,0.62255495,0.225579855
2020-02-01 00:00:00+00:00,0.6924415,0.246986375
2020-02-02 00:00:00+00:00,0.46976595,0.26181997500000004
2020-02-03 00:00:00+00:00,0.38886735,0.2726565816666666
2020-02-04 00:00:00+00:00,0.7005226,0.292357335
2020-02-05 00:00:00+00:00,0.26510315,0.2975441066666667
2020-02-06 00:00:00+00:00,1.0876561999999999,0.3301493133333333
2020-02-07 00:00:00+00:00,0.328354,0.3371385766666667
2020-02-08 00:00:00+00:00,0.7376212,0.35807595
2020-02-09 00:00:00+00:00,0.86968915,0.38341558833333333
2020-02-10 00:00:00+00:00,1.2033064500000001,0.4189212066666667
2020-02-11 00:00:00+00:00,0.5800069000000001,0.43460477
2020-02-12 00:00:00+00:00,1.8685773499999998,0.4932406816666667
2020-02-13 00:00:00+00:00,0.9065505,0.5178745316666666
2020-02-14 00:00:00+00:00,0.7070962499999999,0.531846245
2020-02-15 00:00:00+00:00,0.8881983,0.5513962533333333
2020-02-16 00:00:00+00:00,0.5439303,0.55957785
2020-02-17 00:00:00+00:00,0.7125347500000001,0.5746586766666667
2020-02-18 00:00:00+00:00,0.25762065,0.56477253
2020-02-19 00:00:00+00:00,0.458586,0.5739165100000001
2020-02-20 00:00:00+00:00,0.10950000000000001,0.5723078333333332
2020-02-21 00:00:00+00:00,0.10950000000000001,0.5709218066666666
2020-02-22 00:00:00+00:00,0.11768695,0.5660477183333333
2020-02-23 00:00:00+00:00,0.48903064999999996,0.5683825016666667
2020-02-24 00:00:00+00:00,0.26776765,0.57365809
2020-02-25 00:00:00+00:00,0.38945864999999996,0.5829900450000001
2020-02-26 00:00:00+00:00,0.45792900000000003,0.594604345
2020-02-27 00:00:00+00:00,0.13637495,0.5829584116666667
2020-02-28 00:00:00+00:00,0.16520995,0.5611864050000002
2020-02-29 00:00:00+00:00,0.67177155,0.5734404283333333
2020-03-01 00:00:00+00:00,0.39523294999999997,0.5658630283333335
2020-03-02 00:00:00+00:00,0.14132799999999998,0.5474925783333333
2020-03-03 00:00:00+00:00,0.10950000000000001,0.5354837133333333
2020-03-04 00:00:00+00:00,0.1617972,0.5279147083333334
2020-03-05 00:00:00+00:00,0.1934573,0.5110125316666667
2020-03-06 00:00:00+00:00,0.28410870000000005,0.51164605
2020-03-07 00:00:00+00:00,0.3806074,0.4880777566666667
2020-03-08 00:00:00+00:00,0.5378384500000001,0.4950605716666666
2020-03-09 00:00:00+00:00,0.10950000000000001,0.47412319833333333
2020-03-10 00:00:00+00:00,0.10950000000000001,0.44878356
2020-03-11 00:00:00+00:00,0.15657770000000001,0.41389260166666664
2020-03-12 00:00:00+00:00,0.01979395,0.3952188366666667
2020-03-13 00:00:00+00:00,-1.39229615,0.28652305333333333
2020-03-14 00:00:00+00:00,-0.48067580000000004,0.24028217666666668
2020-03-15 00:00:00+00:00,-0.55075215,0.19835389666666667
2020-03-16 00:00:00+00:00,-0.56762245,0.14982653833333334
2020-03-17 00:00:00+00:00,-0.1390066,0.12706197500000002
2020-03-18 00:00:00+00:00,-0.3051692,0.09313851
2020-03-19 00:00:00+00:00,-0.23409275,0.07674806333333332
2020-03-20 00:00:00+00:00,-0.024235999999999997,0.06065399666666667
2020-03-21 00:00:00+00:00,-0.015129250000000007,0.05649968833333333
2020-03-22 00:00:00+00:00,0.026944300000000004,0.05374783166666667
2020-03-23 00:00:00+00:00,-0.08428215000000001,0.047015528333333334
2020-03-24 00:00:00+00:00,0.10950000000000001,0.03436450666666667
2020-03-25 00:00:00+00:00,0.10866415,0.029061056666666665
2020-03-26 00:00:00+00:00,0.03642335000000001,0.017293213333333335
2020-03-27 00:00:00+00:00,0.04821285000000001,0.003636008333333334
2020-03-28 00:00:00+00:00,-0.2741734,-0.010048936666666668
2020-03-29 00:00:00+00:00,-0.28475475,-0.02504776
2020-03-30 00:00:00+00:00,-0.38364785,-0.060228406666666665
2020-03-31 00:00:00+00:00,-0.1345244,-0.07788698499999999
2020-04-01 00:00:00+00:00,-0.33908499999999997,-0.09390075166666666
2020-04-02 00:00:00+00:00,-0.024210450000000005,-0.09835776666666667
2020-04-03 00:00:00+00:00,0.06980990000000001,-0.10142401
2020-04-04 00:00:00+00:00,0.014851849999999996,-0.107377525
2020-04-05 00:00:00+00:00,0.0130013,-0.11641443833333334
2020-04-06 00:00:00+00:00,-0.01990345,-0.12976479999999999
2020-04-07 00:00:00+00:00,-0.05353455,-0.14947723333333335
2020-04-08 00:00:00+00:00,0.0507861,-0.15143436333333332
2020-04-09 00:00:00+00:00,-0.03233535,-0.15616220833333333
2020-04-10 00:00:00+00:00,0.05473905,-0.15955683
2020-04-11 00:00:00+00:00,0.10950000000000001,-0.15656662833333332
2020-04-12 00:00:00+00:00,0.10385345,-0.106694975
2020-04-13 00:00:00+00:00,-0.05547634999999999,-0.09252165999999999
2020-04-14 00:00:00+00:00,-0.0577357,-0.07608777833333334
2020-04-15 00:00:00+00:00,-0.05295420000000001,-0.05893216999999999
2020-04-16 00:00:00+00:00,-0.1702871,-0.05997485333333333
2020-04-17 00:00:00+00:00,0.009125,-0.049498379999999995
2020-04-18 00:00:00+00:00,-0.14570435,-0.04655209999999999
2020-04-19 00:00:00+00:00,-0.0605681,-0.047763169999999994
2020-04-20 00:00:00+00:00,-0.0326529,-0.04834729166666666
2020-04-21 00:00:00+00:00,-0.024524349999999993,-0.050062913333333334
2020-04-22 00:00:00+00:00,-0.16537785,-0.05276610333333333
2020-04-23 00:00:00+00:00,-0.10158315,-0.059802208333333336
2020-04-24 00:00:00+00:00,0.10950000000000001,-0.059774346666666665
2020-04-25 00:00:00+00:00,0.10950000000000001,-0.05733845833333333
2020-04-26 00:00:00+00:00,0.10034944999999999,-0.05560057166666666
2020-04-27 00:00:00+00:00,0.10950000000000001,-0.04281145833333332
2020-04-28 00:00:00+00:00,0.10950000000000001,-0.02966963333333333
2020-04-29 00:00:00+00:00,0.10950000000000001,-0.013231371666666662
2020-04-30 00:00:00+00:00,0.44064625,0.0059409833333333405
2020-05-01 00:00:00+00:00,0.19157025,0.023629491666666672
2020-05-02 00:00:00+00:00,0.11002560000000002,0.028104026666666674
2020-05-03 00:00:00+00:00,0.1641478,0.031248623333333336
2020-05-04 00:00:00+00:00,0.11652625,0.034637770000000005
2020-05-05 00:00:00+00:00,0.10950000000000001,0.03785439333333333
2020-05-06 00:00:00+00:00,0.20433065,0.04532886333333334
2020-05-07 00:00:00+00:00,0.10950000000000001,0.05076334833333334
2020-05-08 00:00:00+00:00,0.377045,0.06163864500000001
2020-05-09 00:00:00+00:00,0.6419291500000001,0.08411412833333334
2020-05-10 00:00:00+00:00,0.22748990000000002,0.08987249000000001
2020-05-11 00:00:00+00:00,0.10950000000000001,0.08987249000000001
2020-05-12 00:00:00+00:00,0.10950000000000001,0.09006070833333335
2020-05-13 00:00:00+00:00,0.10950000000000001,0.09555991999999999
2020-05-14 00:00:00+00:00,0.10950000000000001,0.10113444333333335
2020-05-15 00:00:00+00:00,0.08906000000000001,0.10586825000000001
2020-05-16 00:00:00+00:00,0.10950000000000001,0.11519448666666668
2020-05-17 00:00:00+00:00,0.0475011,0.11647369
2020-05-18 00:00:00+00:00,0.048763999999999995,0.12295596833333336
2020-05-19 00:00:00+00:00,0.1018058,0.12836843166666667
2020-05-20 00:00:00+00:00,0.10950000000000001,0.1331068616666667
2020-05-21 00:00:00+00:00,0.0284043,0.13487115
2020-05-22 00:00:00+00:00,-0.002478349999999998,0.14030113333333336
2020-05-23 00:00:00+00:00,0.0140525,0.144155655
2020-05-24 00:00:00+00:00,0.08993965000000001,0.14350364333333335
2020-05-25 00:00:00+00:00,-0.006307199999999999,0.13964340333333336
2020-05-26 00:00:00+00:00,0.0531586,0.138070375
2020-05-27 00:00:00+00:00,-0.007011649999999995,0.13418665333333335
2020-05-28 00:00:00+00:00,-0.07086474999999999,0.12817449500000003
2020-05-29 00:00:00+00:00,0.014202150000000002,0.12499790000000002
2020-05-30 00:00:00+00:00,0.10950000000000001,0.11395969166666668
2020-05-31 00:00:00+00:00,0.10950000000000001,0.11122401666666668
2020-06-01 00:00:00+00:00,0.02929855,0.10853311500000001
2020-06-02 00:00:00+00:00,0.44818349999999996,0.11800097166666666
2020-06-03 00:00:00+00:00,0.1045579,0.11760202666666668
2020-06-04 00:00:00+00:00,0.10950000000000001,0.11760202666666668
2020-06-05 00:00:00+00:00,0.10950000000000001,0.114441005
2020-06-06 00:00:00+00:00,0.10950000000000001,0.11444100500000001
2020-06-07 00:00:00+00:00,0.10950000000000001,0.10552283833333334
2020-06-08 00:00:00+00:00,0.10950000000000001,0.08777520000000001
2020-06-09 00:00:00+00:00,0.10950000000000001,0.08384220333333334
2020-06-10 00:00:00+00:00,0.10950000000000001,0.08384220333333334
2020-06-11 00:00:00+00:00,0.10950000000000001,0.08384220333333332
2020-06-12 00:00:00+00:00,0.0580277,0.08212646000000001
2020-06-13 00:00:00+00:00,0.05575375,0.08033491833333334
2020-06-14 00:00:00+00:00,0.0989223,0.08066366166666668
2020-06-15 00:00:00+00:00,-0.045121299999999996,0.07550961833333333
2020-06-16 00:00:00+00:00,0.017465249999999998,0.07450842333333334
2020-06-17 00:00:00+00:00,0.025382099999999994,0.07372902666666666
2020-06-18 00:00:00+00:00,-0.0509905,0.06863581666666668
2020-06-19 00:00:00+00:00,0.04300795,0.066419415
2020-06-20 00:00:00+00:00,0.0773289,0.068050235
2020-06-21 00:00:00+00:00,0.02063345,0.06882062833333333
2020-06-22 00:00:00+00:00,0.09776159999999999,0.07161093166666667
2020-06-23 00:00:00+00:00,0.11758475,0.07253243500000002
2020-06-24 00:00:00+00:00,0.11419389999999999,0.07654913833333334
2020-06-25 00:00:00+00:00,0.10950000000000001,0.07842718500000001
2020-06-26 00:00:00+00:00,0.10731365000000001,0.08223802833333334
2020-06-27 00:00:00+00:00,0.10950000000000001,0.08825018666666667
2020-06-28 00:00:00+00:00,0.09076455,0.09080226666666666
2020-06-29 00:00:00+00:00,0.10950000000000001,0.09080226666666667
2020-06-30 00:00:00+00:00,0.10950000000000001,0.09080226666666666
2020-07-01 00:00:00+00:00,0.10950000000000001,0.09347564833333334
2020-07-02 00:00:00+00:00,0.10950000000000001,0.08218619833333335
2020-07-03 00:00:00+00:00,0.10950000000000001,0.082350935
2020-07-04 00:00:00+00:00,0.10950000000000001,0.082350935
2020-07-05 00:00:00+00:00,0.10950000000000001,0.08235093500000001
2020-07-06 00:00:00+00:00,0.10950000000000001,0.08235093500000001
2020-07-07 00:00:00+00:00,0.10950000000000001,0.082350935
2020-07-08 00:00:00+00:00,0.10950000000000001,0.08235093500000001
2020-07-09 00:00:00+00:00,0.10950000000000001,0.08235093500000001
2020-07-10 00:00:00+00:00,0.10950000000000001,0.082350935
2020-07-11 00:00:00+00:00,0.10950000000000001,0.08235093500000001
2020-07-12 00:00:00+00:00,0.10950000000000001,0.08406667833333334
2020-07-13 00:00:00+00:00,0.10950000000000001,0.08585822
2020-07-14 00:00:00+00:00,0.10950000000000001,0.08621081000000001
2020-07-15 00:00:00+00:00,0.10950000000000001,0.09136485333333334
2020-07-16 00:00:00+00:00,0.10950000000000001,0.09443267833333334
2020-07-17 00:00:00+00:00,0.10950000000000001,0.09723660833333335
2020-07-18 00:00:00+00:00,0.10950000000000001,0.10258629166666668
2020-07-19 00:00:00+00:00,0.10950000000000001,0.10480269333333334
2020-07-20 00:00:00+00:00,0.10950000000000001,0.10587506333333335
2020-07-21 00:00:00+00:00,0.10950000000000001,0.10883728166666669
2020-07-22 00:00:00+00:00,0.10950000000000001,0.10922856166666668
2020-07-23 00:00:00+00:00,0.10950000000000001,0.10895907000000002
2020-07-24 00:00:00+00:00,0.10950000000000001,0.10880260666666669
2020-07-25 00:00:00+00:00,0.10950000000000001,0.10880260666666669
2020-07-26 00:00:00+00:00,0.31184504999999996,0.11562032000000001
2020-07-27 00:00:00+00:00,0.6789693499999999,0.13460263166666667
2020-07-28 00:00:00+00:00,1.3107588,0.17526910666666667
2020-07-29 00:00:00+00:00,0.7799502500000001,0.19761744833333333
2020-07-30 00:00:00+00:00,0.7419063,0.21869765833333332
2020-07-31 00:00:00+00:00,0.5829707,0.23448001499999999
2020-08-01 00:00:00+00:00,0.39307214999999995,0.24393242
2020-08-02 00:00:00+00:00,0.5940338500000001,0.26008354833333336
2020-08-03 00:00:00+00:00,0.42161150000000003,0.270487265
2020-08-04 00:00:00+00:00,0.36637605,0.2790498
2020-08-05 00:00:00+00:00,0.19182575000000002,0.2817939916666667
2020-08-06 00:00:00+00:00,0.4148663,0.29197286833333336
2020-08-07 00:00:00+00:00,0.28047330000000004,0.29767197833333336
2020-08-08 00:00:00+00:00,0.10950000000000001,0.29767197833333336
2020-08-09 00:00:00+00:00,0.166586,0.29957484500000003
2020-08-10 00:00:00+00:00,0.6282234,0.316865625
2020-08-11 00:00:00+00:00,0.35012260000000006,0.3248863783333334
2020-08-12 00:00:00+00:00,0.10950000000000001,0.3248863783333334
2020-08-13 00:00:00+00:00,0.10950000000000001,0.3248863783333333
2020-08-14 00:00:00+00:00,0.32510184999999997,0.33207310666666673
2020-08-15 00:00:00+00:00,0.2502221,0.3367638433333333
2020-08-16 00:00:00+00:00,0.35018465,0.344786665
2020-08-17 00:00:00+00:00,0.5544642,0.35961880500000004
2020-08-18 00:00:00+00:00,1.08867455,0.3922579566666667
2020-08-19 00:00:00+00:00,0.5703782000000002,0.40762056333333335
2020-08-20 00:00:00+00:00,0.197319,0.4105478633333333
2020-08-21 00:00:00+00:00,0.10950000000000001,0.4105478633333333
2020-08-22 00:00:00+00:00,0.10950000000000001,0.4105478633333333
2020-08-23 00:00:00+00:00,0.10950000000000001,0.4105478633333334
2020-08-24 00:00:00+00:00,0.10950000000000001,0.4105478633333333
2020-08-25 00:00:00+00:00,0.228417,0.40776692833333333
2020-08-26 00:00:00+00:00,0.1691921,0.3907743533333334
2020-08-27 00:00:00+00:00,0.10950000000000001,0.3507323933333334
2020-08-28 00:00:00+00:00,0.10950000000000001,0.3283840516666666
2020-08-29 00:00:00+00:00,0.10950000000000001,0.30730384166666663
2020-08-30 00:00:00+00:00,0.10950000000000001,0.291521485
2020-08-31 00:00:00+00:00,0.12943265,0.2827335016666667
2020-09-01 00:00:00+00:00,0.29134665,0.27264392833333334
2020-09-02 00:00:00+00:00,0.41247554999999997,0.2723393966666666
2020-09-03 00:00:00+00:00,0.22969815,0.2677834666666667
2020-09-04 00:00:00+00:00,0.10950000000000001,0.265039275
2020-09-05 00:00:00+00:00,0.10950000000000001,0.25486039833333335
2020-09-06 00:00:00+00:00,0.10950000000000001,0.24916128833333334
2020-09-07 00:00:00+00:00,0.10950000000000001,0.24916128833333331
2020-09-08 00:00:00+00:00,0.10950000000000001,0.2472584216666667
2020-09-09 00:00:00+00:00,0.10950000000000001,0.2299676416666667
2020-09-10 00:00:00+00:00,0.10950000000000001,0.22194688833333334
2020-09-11 00:00:00+00:00,0.10950000000000001,0.22194688833333337
2020-09-12 00:00:00+00:00,0.10950000000000001,0.22194688833333334
2020-09-13 00:00:00+00:00,0.10950000000000001,0.21476016
2020-09-14 00:00:00+00:00,0.0761682,0.20895836333333334
2020-09-15 00:00:00+00:00,-0.11031029999999999,0.19360853166666667
2020-09-16 00:00:00+00:00,-0.05791455,0.17319590666666668
2020-09-17 00:00:00+00:00,0.009095800000000001,0.13720994833333336
2020-09-18 00:00:00+00:00,0.07289414999999999,0.12062714666666668
2020-09-19 00:00:00+00:00,-0.10321835,0.11060923500000001
2020-09-20 00:00:00+00:00,-0.08869135,0.10400285666666667
2020-09-21 00:00:00+00:00,-0.03495605,0.09918765500000001
2020-09-22 00:00:00+00:00,0.10950000000000001,0.099187655
2020-09-23 00:00:00+00:00,-0.01382985,0.09507666
2020-09-24 00:00:00+00:00,0.0437635,0.08892154333333334
2020-09-25 00:00:00+00:00,-0.03897105,0.08198277166666666
2020-09-26 00:00:00+00:00,0.10950000000000001,0.08198277166666666
2020-09-27 00:00:00+00:00,0.10950000000000001,0.08198277166666669
2020-09-28 00:00:00+00:00,0.10950000000000001,0.08198277166666666
2020-09-29 00:00:00+00:00,0.10950000000000001,0.08198277166666666
2020-09-30 00:00:00+00:00,0.10950000000000001,0.08131835000000001
2020-10-01 00:00:00+00:00,0.1000538,0.07494192166666667
2020-10-02 00:00:00+00:00,0.029510250000000002,0.062176411666666674
2020-10-03 00:00:00+00:00,0.10858385000000001,0.05813926833333334
2020-10-04 00:00:00+00:00,0.0078073499999999985,0.05474951333333334
2020-10-05 00:00:00+00:00,-0.0709414,0.0487348
2020-10-06 00:00:00+00:00,-0.005482300000000001,0.044902056666666676
2020-10-07 00:00:00+00:00,0.0044019,0.041398786666666666
2020-10-08 00:00:00+00:00,0.05400905,0.03954908833333334
2020-10-09 00:00:00+00:00,0.09536720000000001,0.039077995000000004
2020-10-10 00:00:00+00:00,0.10950000000000001,0.039077995000000004
2020-10-11 00:00:00+00:00,0.10950000000000001,0.039077995000000004
2020-10-12 00:00:00+00:00,0.10950000000000001,0.039077995000000004
2020-10-13 00:00:00+00:00,0.10950000000000001,0.039077995000000004
2020-10-14 00:00:00+00:00,0.10950000000000001,0.04018905500000001
2020-10-15 00:00:00+00:00,0.10950000000000001,0.047516065
2020-10-16 00:00:00+00:00,0.10950000000000001,0.053096550000000006
2020-10-17 00:00:00+00:00,0.10950000000000001,0.05644335666666667
2020-10-18 00:00:00+00:00,0.10950000000000001,0.05766355166666668
2020-10-19 00:00:00+00:00,0.10950000000000001,0.06475416333333334
2020-10-20 00:00:00+00:00,0.08665830000000001,0.07059915166666667
2020-10-21 00:00:00+00:00,0.0721897,0.07417067666666667
2020-10-22 00:00:00+00:00,0.10950000000000001,0.07417067666666669
2020-10-23 00:00:00+00:00,0.10950000000000001,0.07828167166666669
2020-10-24 00:00:00+00:00,0.10950000000000001,0.08047288833333334
2020-10-25 00:00:00+00:00,0.10950000000000001,0.08542192333333334
2020-10-26 00:00:00+00:00,0.10950000000000001,0.08542192333333334
2020-10-27 00:00:00+00:00,0.09271365,0.08486237833333334
2020-10-28 00:00:00+00:00,0.08659625,0.08409892000000001
2020-10-29 00:00:00+00:00,-0.13595154999999998,0.07591720166666667
2020-10-30 00:00:00+00:00,-0.1082225,0.068659785
2020-10-31 00:00:00+00:00,-0.11809575000000001,0.061388133333333345
2020-11-01 00:00:00+00:00,-0.05666625,0.058515583333333336
2020-11-02 00:00:00+00:00,0.04862895,0.056517086666666674
2020-11-03 00:00:00+00:00,-0.0953088,0.053079881666666676
2020-11-04 00:00:00+00:00,-0.12503075,0.051276903333333346
2020-11-05 00:00:00+00:00,0.10950000000000001,0.05510964666666667
2020-11-06 00:00:00+00:00,0.24675824999999998,0.06318819166666668
2020-11-07 00:00:00+00:00,0.3604448,0.07340271666666667
2020-11-08 00:00:00+00:00,0.10950000000000001,0.07387381
2020-11-09 00:00:00+00:00,0.10950000000000001,0.07387381000000001
2020-11-10 00:00:00+00:00,0.10950000000000001,0.07387381000000001
2020-11-11 00:00:00+00:00,0.10950000000000001,0.07387381
2020-11-12 00:00:00+00:00,0.10950000000000001,0.07387381000000001
2020-11-13 00:00:00+00:00,0.10950000000000001,0.07387381000000001
2020-11-14 00:00:00+00:00,0.08861105,0.07317751166666667
2020-11-15 00:00:00+00:00,0.10950000000000001,0.07317751166666668
2020-11-16 00:00:00+00:00,0.10950000000000001,0.07317751166666667
2020-11-17 00:00:00+00:00,0.10950000000000001,0.07317751166666667
2020-11-18 00:00:00+00:00,0.3657154,0.08171802500000001
2020-11-19 00:00:00+00:00,0.3183603,0.089441425
2020-11-20 00:00:00+00:00,0.41943610000000003,0.101016305
2020-11-21 00:00:00+00:00,0.28994870000000006,0.10703126166666668
2020-11-22 00:00:00+00:00,0.85368025,0.13183727
2020-11-23 00:00:00+00:00,1.04298385,0.16295339833333333
2020-11-24 00:00:00+00:00,0.70205195,0.18270513000000002
2020-11-25 00:00:00+00:00,0.7212619,0.20309719333333334
2020-11-26 00:00:00+00:00,0.282291,0.20941643833333334
2020-11-27 00:00:00+00:00,0.11232144999999999,0.210273945
2020-11-28 00:00:00+00:00,0.10950000000000001,0.21845566333333336
2020-11-29 00:00:00+00:00,0.10950000000000001,0.22571307999999998
2020-11-30 00:00:00+00:00,0.18060565,0.23566979333333335
2020-12-01 00:00:00+00:00,0.36778130000000003,0.24981804500000002
2020-12-02 00:00:00+00:00,0.10950000000000001,0.25184708
2020-12-03 00:00:00+00:00,0.16591075,0.2605543983333333
2020-12-04 00:00:00+00:00,0.11936595000000001,0.268700955
2020-12-05 00:00:00+00:00,0.10950000000000001,0.268700955
2020-12-06 00:00:00+00:00,0.10950000000000001,0.26412568000000003
2020-12-07 00:00:00+00:00,0.10950000000000001,0.25576085333333337
2020-12-08 00:00:00+00:00,0.10950000000000001,0.25576085333333337
2020-12-09 00:00:00+00:00,0.10950000000000001,0.25576085333333337
2020-12-10 00:00:00+00:00,0.10950000000000001,0.25576085333333337
2020-12-11 00:00:00+00:00,0.10950000000000001,0.25576085333333337
2020-12-12 00:00:00+00:00,0.044453349999999996,0.2535926316666667
2020-12-13 00:00:00+00:00,0.10950000000000001,0.2535926316666667
2020-12-14 00:00:00+00:00,0.10950000000000001,0.25428893
2020-12-15 00:00:00+00:00,0.10950000000000001,0.25428893
2020-12-16 00:00:00+00:00,0.2410971,0.2586755
2020-12-17 00:00:00+00:00,0.31380145,0.2654855483333333
2020-12-18 00:00:00+00:00,0.46395879999999995,0.26876032833333335
2020-12-19 00:00:00+00:00,0.43280240000000003,0.272575065
2020-12-20 00:00:00+00:00,0.5643265,0.277404745
2020-12-21 00:00:00+00:00,0.34961525,0.27939363
2020-12-22 00:00:00+00:00,0.14583939999999998,0.255798935
2020-12-23 00:00:00+00:00,0.1150626,0.22486822666666667
2020-12-24 00:00:00+00:00,0.1723384,0.20721110833333334
2020-12-25 00:00:00+00:00,0.23153045,0.19088672666666667
2020-12-26 00:00:00+00:00,0.13492225,0.185974435
2020-12-27 00:00:00+00:00,0.42548779999999997,0.19641331333333334
2020-12-28 00:00:00+00:00,0.5506900999999998,0.21111965
2020-12-29 00:00:00+00:00,0.46186005,0.22286498500000002
2020-12-30 00:00:00+00:00,0.68873675,0.23980268833333335
2020-12-31 00:00:00+00:00,0.54889065,0.24583966666666665
2021-01-01 00:00:00+00:00,0.3049429,0.25235442999999996
2021-01-02 00:00:00+00:00,0.5315203000000001,0.264541415
2021-01-03 00:00:00+00:00,1.4373992,0.3084758566666667
2021-01-04 00:00:00+00:00,1.6671192500000003,0.3603964983333333
2021-01-05 00:00:00+00:00,0.7241892,0.38088613833333335
2021-01-06 00:00:00+00:00,1.7755570999999999,0.436421375
2021-01-07 00:00:00+00:00,1.25158865,0.47449099666666666
2021-01-08 00:00:00+00:00,1.59670345,0.5240644449999999
2021-01-09 00:00:00+00:00,1.0103711,0.5540934816666667
2021-01-10 00:00:00+00:00,1.1651676,0.5892824016666667
2021-01-11 00:00:00+00:00,0.80841295,0.6147477216666667
2021-01-12 00:00:00+00:00,0.5085398999999999,0.6280490516666667
2021-01-13 00:00:00+00:00,0.39379119999999995,0.637525425
2021-01-14 00:00:00+00:00,0.80103265,0.6605765133333333
2021-01-15 00:00:00+00:00,0.8697804,0.6815326233333333
2021-01-16 00:00:00+00:00,0.40540184999999995,0.68458597
2021-01-17 00:00:00+00:00,0.26785525,0.678049185
2021-01-18 00:00:00+00:00,0.7600979,0.688959035
2021-01-19 00:00:00+00:00,1.31482855,0.7139757699999999
2021-01-20 00:00:00+00:00,0.44758855000000003,0.7172415466666667
2021-01-21 00:00:00+00:00,0.42713759999999995,0.7266181533333333
2021-01-22 00:00:00+00:00,0.10950000000000001,0.7264327333333332
2021-01-23 00:00:00+00:00,0.11746430000000001,0.7246035966666667
2021-01-24 00:00:00+00:00,0.24000939999999998,0.7248862283333334
2021-01-25 00:00:00+00:00,0.38203455,0.733123305
2021-01-26 00:00:00+00:00,0.12229689999999999,0.7230169416666665
2021-01-27 00:00:00+00:00,0.10950000000000001,0.708310605
2021-01-28 00:00:00+00:00,0.1542563,0.6980571466666666
2021-01-29 00:00:00+00:00,0.8818108000000001,0.7044929483333333
2021-01-30 00:00:00+00:00,0.4556514,0.7013849733333334
2021-01-31 00:00:00+00:00,0.53032675,0.7088977683333334
2021-02-01 00:00:00+00:00,0.43194465,0.70557858
2021-02-02 00:00:00+00:00,0.7418478999999999,0.6823935366666666
2021-02-03 00:00:00+00:00,0.8518698499999999,0.6552185566666666
2021-02-04 00:00:00+00:00,0.60329025,0.6511885916666666
2021-02-05 00:00:00+00:00,0.84178855,0.6200629733333333
2021-02-06 00:00:00+00:00,0.7554770000000001,0.6035259183333334
2021-02-07 00:00:00+00:00,1.19308645,0.5900720183333334
2021-02-08 00:00:00+00:00,1.33643655,0.6009408666666667
2021-02-09 00:00:00+00:00,1.7478280499999999,0.6203628816666666
2021-02-10 00:00:00+00:00,1.5040190000000002,0.6435497499999999
2021-02-11 00:00:00+00:00,1.2188153000000002,0.6672255966666667
2021-02-12 00:00:00+00:00,1.3137627499999998,0.697891315
2021-02-13 00:00:00+00:00,1.3050721,0.71469263
2021-02-14 00:00:00+00:00,1.3896353000000001,0.7320211266666666
2021-02-15 00:00:00+00:00,0.8271265,0.7460786150000001
2021-02-16 00:00:00+00:00,1.3321186,0.78155406
2021-02-17 00:00:00+00:00,1.2578411,0.7981455
2021-02-18 00:00:00+00:00,1.5052381,0.8044924850000001
2021-02-19 00:00:00+00:00,1.1116878000000001,0.8266291266666667
2021-02-20 00:00:00+00:00,1.4429106999999999,0.86048823
2021-02-21 00:00:00+00:00,1.18697635,0.8964041083333334
2021-02-22 00:00:00+00:00,1.04643675,0.9273698566666666
2021-02-23 00:00:00+00:00,0.24764519999999998,0.9276243833333333
2021-02-24 00:00:00+00:00,0.361642,0.9269446316666666
2021-02-25 00:00:00+00:00,0.25552189999999997,0.9313854650000001
2021-02-26 00:00:00+00:00,0.10950000000000001,0.931385465
2021-02-27 00:00:00+00:00,0.30941779999999997,0.9365575150000001
2021-02-28 00:00:00+00:00,0.2106269,0.9141847183333334
2021-03-01 00:00:00+00:00,0.13476165,0.9034883933333333
2021-03-02 00:00:00+00:00,0.10950000000000001,0.889460835
2021-03-03 00:00:00+00:00,0.2375347,0.8829805033333334
2021-03-04 00:00:00+00:00,0.10950000000000001,0.8619022399999999
2021-03-05 00:00:00+00:00,0.10950000000000001,0.8371565783333333
2021-03-06 00:00:00+00:00,0.10950000000000001,0.8206969033333333
2021-03-07 00:00:00+00:00,0.1372619,0.7972126816666667
2021-03-08 00:00:00+00:00,0.16336305,0.77747555
2021-03-09 00:00:00+00:00,0.62573045,0.7585636833333333
2021-03-10 00:00:00+00:00,0.47393425,0.7298136066666667
2021-03-11 00:00:00+00:00,1.02446375,0.7057014633333334
2021-03-12 00:00:00+00:00,0.8042701999999999,0.6823765033333334
2021-03-13 00:00:00+00:00,0.60412975,0.661886985
2021-03-14 00:00:00+00:00,1.0274385,0.6523428433333334
2021-03-15 00:00:00+00:00,0.7409354,0.6335382866666667
2021-03-16 00:00:00+00:00,0.3617442,0.59927525
2021-03-17 00:00:00+00:00,0.28899240000000004,0.5813374466666666
2021-03-18 00:00:00+00:00,0.33605915000000003,0.548135465
2021-03-19 00:00:00+00:00,0.28525844999999994,0.5157160433333333
2021-03-20 00:00:00+00:00,0.5207382,0.48289938
2021-03-21 00:00:00+00:00,0.30565465,0.45603160833333334
2021-03-22 00:00:00+00:00,0.5345717,0.4257536416666667
2021-03-23 00:00:00+00:00,0.3397201,0.3975117666666667
2021-03-24 00:00:00+00:00,0.35201695,0.37436443999999997
2021-03-25 00:00:00+00:00,0.1161722,0.36998200666666664
2021-03-26 00:00:00+00:00,0.13140000000000002,0.36230727333333335
2021-03-27 00:00:00+00:00,0.10950000000000001,0.3574398766666667
2021-03-28 00:00:00+00:00,0.10950000000000001,0.35743987666666666
2021-03-29 00:00:00+00:00,0.13932415,0.35177008833333334
2021-03-30 00:00:00+00:00,0.52116525,0.3621213666666667
2021-03-31 00:00:00+00:00,0.76670805,0.38318624666666673
2021-04-01 00:00:00+00:00,0.9360644,0.41073839333333334
2021-04-02 00:00:00+00:00,1.01925885,0.436795865
2021-04-03 00:00:00+00:00,0.9943439500000001,0.4662906633333333
2021-04-04 00:00:00+00:00,0.46393690000000004,0.47810522666666666
2021-04-05 00:00:00+00:00,0.4383285,0.4890661766666667
2021-04-06 00:00:00+00:00,0.87125865,0.513532735
2021-04-07 00:00:00+00:00,0.6023157,0.5281644900000001
2021-04-08 00:00:00+00:00,0.3356248,0.5184943016666667
2021-04-09 00:00:00+00:00,0.24709405,0.5109329616666666
2021-04-10 00:00:00+00:00,1.02650775,0.511001095
2021-04-11 00:00:00+00:00,1.066384,0.5197382216666667
2021-04-12 00:00:00+00:00,1.0749031,0.5354306666666667
2021-04-13 00:00:00+00:00,1.0828455000000001,0.5372775666666667
2021-04-14 00:00:00+00:00,1.10909265,0.549549475
2021-04-15 00:00:00+00:00,0.9809046499999999,0.5701881566666667
2021-04-16 00:00:00+00:00,1.2599362,0.60255295
2021-04-17 00:00:00+00:00,0.7171702499999999,0.6152566533333333
2021-04-18 00:00:00+00:00,0.5477628,0.6240067983333334
2021-04-19 00:00:00+00:00,0.10950000000000001,0.6102988583333334
2021-04-20 00:00:00+00:00,0.10950000000000001,0.6037603699999999
2021-04-21 00:00:00+00:00,0.10950000000000001,0.5895913133333333
2021-04-22 00:00:00+00:00,0.10950000000000001,0.58191731
2021-04-23 00:00:00+00:00,0.2468057,0.5784102683333333
2021-04-24 00:00:00+00:00,0.19867680000000001,0.5811604216666667
2021-04-25 00:00:00+00:00,0.2564417,0.5853284783333333
2021-04-26 00:00:00+00:00,0.10950000000000001,0.5853284783333333
2021-04-27 00:00:00+00:00,0.10950000000000001,0.5853284783333333
2021-04-28 00:00:00+00:00,0.10950000000000001,0.58433434
2021-04-29 00:00:00+00:00,0.10950000000000001,0.570612165
2021-04-30 00:00:00+00:00,0.10950000000000001,0.5487052299999999
2021-05-01 00:00:00+00:00,0.19602325000000004,0.5240371916666667
2021-05-02 00:00:00+00:00,0.38831255,0.5030056483333333
2021-05-03 00:00:00+00:00,0.5248992,0.48735749
2021-05-04 00:00:00+00:00,0.47293414999999994,0.4876573983333333
2021-05-05 00:00:00+00:00,0.36095945,0.48507842999999995
2021-05-06 00:00:00+00:00,0.8380728499999999,0.48397223666666667
2021-05-07 00:00:00+00:00,0.4201223,0.47789912333333334
2021-05-08 00:00:00+00:00,0.55507375,0.48521408833333335
2021-05-09 00:00:00+00:00,0.5717761499999999,0.496036825
2021-05-10 00:00:00+00:00,0.8119133,0.4888836766666667
2021-05-11 00:00:00+00:00,0.42360440000000005,0.46745769
2021-05-12 00:00:00+00:00,0.3290694,0.4425965666666667
2021-05-13 00:00:00+00:00,0.16242865,0.411916005
2021-05-14 00:00:00+00:00,0.3296972,0.38593615666666664
2021-05-15 00:00:00+00:00,0.14700739999999998,0.35813958166666665
2021-05-16 00:00:00+00:00,0.3399099,0.32747203833333327
2021-05-17 00:00:00+00:00,0.48648295,0.3197824616666667
2021-05-18 00:00:00+00:00,0.33278875,0.31261666
2021-05-19 00:00:00+00:00,-0.16017659999999997,0.30362743999999997
2021-05-20 00:00:00+00:00,0.10950000000000001,0.30362743999999997
2021-05-21 00:00:00+00:00,0.060389250000000005,0.30199041499999996
2021-05-22 00:00:00+00:00,-0.01623519999999999,0.29779924166666666
2021-05-23 00:00:00+00:00,-0.005015100000000001,0.289405215
2021-05-24 00:00:00+00:00,-0.059677499999999994,0.280793405
2021-05-25 00:00:00+00:00,0.10950000000000001,0.2758953483333333
2021-05-26 00:00:00+00:00,0.10950000000000001,0.2758953483333333
2021-05-27 00:00:00+00:00,0.10950000000000001,0.27589534833333335
2021-05-28 00:00:00+00:00,0.10950000000000001,0.2758953483333333
2021-05-29 00:00:00+00:00,0.11086874999999999,0.27594097333333334
2021-05-30 00:00:00+00:00,0.10950000000000001,0.27594097333333334
2021-05-31 00:00:00+00:00,0.10950000000000001,0.273056865
2021-06-01 00:00:00+00:00,0.10950000000000001,0.2637631133333333
2021-06-02 00:00:00+00:00,0.10950000000000001,0.2499164733333333
2021-06-03 00:00:00+00:00,0.10950000000000001,0.23780200166666668
2021-06-04 00:00:00+00:00,0.14806589999999997,0.23070555
2021-06-05 00:00:00+00:00,0.10950000000000001,0.20641978833333333
2021-06-06 00:00:00+00:00,0.10950000000000001,0.1960657116666667
2021-06-07 00:00:00+00:00,0.10950000000000001,0.18121325333333335
2021-06-08 00:00:00+00:00,0.07670475000000002,0.16471087333333337
2021-06-09 00:00:00+00:00,-0.03737234999999999,0.13640135166666667
2021-06-10 00:00:00+00:00,-0.0027958999999999966,0.12218800833333333
2021-06-11 00:00:00+00:00,0.0634662,0.11333456833333334
2021-06-12 00:00:00+00:00,0.005131900000000004,0.10809134333333333
2021-06-13 00:00:00+00:00,0.02165545,0.09782328500000001
2021-06-14 00:00:00+00:00,0.0615244,0.09497385166666668
2021-06-15 00:00:00+00:00,0.1022073,0.08705043166666666
2021-06-16 00:00:00+00:00,0.10950000000000001,0.07448433333333335
2021-06-17 00:00:00+00:00,0.10950000000000001,0.06704137500000001
2021-06-18 00:00:00+00:00,0.057257550000000004,0.07428918000000001
2021-06-19 00:00:00+00:00,-0.026174149999999997,0.06976670833333334
2021-06-20 00:00:00+00:00,0.005704950000000004,0.06794389833333335
2021-06-21 00:00:00+00:00,-0.041869149999999994,0.06708943333333335
2021-06-22 00:00:00+00:00,-0.054235350000000015,0.06544875833333333
2021-06-23 00:00:00+00:00,-0.12235165,0.06335962
2021-06-24 00:00:00+00:00,-0.0607652,0.057684113333333335
2021-06-25 00:00:00+00:00,0.0816578,0.05675604000000001
2021-06-26 00:00:00+00:00,-0.12600165,0.048905985000000006
2021-06-27 00:00:00+00:00,-0.37443525,0.03277481
2021-06-28 00:00:00+00:00,0.037952700000000006,0.030344275
2021-06-29 00:00:00+00:00,0.08113585000000001,0.02939880333333334
2021-06-30 00:00:00+00:00,0.10950000000000001,0.029398803333333338
2021-07-01 00:00:00+00:00,0.10950000000000001,0.029398803333333338
2021-07-02 00:00:00+00:00,0.022327050000000005,0.026493038333333337
2021-07-03 00:00:00+00:00,-0.054333900000000004,0.021031908333333335
2021-07-04 00:00:00+00:00,-0.027765549999999996,0.015170860000000005
2021-07-05 00:00:00+00:00,0.03489400000000001,0.012683993333333336
2021-07-06 00:00:00+00:00,-0.07312409999999998,0.0065965233333333375
2021-07-07 00:00:00+00:00,0.0242287,0.003754146666666671
2021-07-08 00:00:00+00:00,-0.12081864999999999,-0.002829966666666663
2021-07-09 00:00:00+00:00,-0.1718931,-0.007313991666666663
2021-07-10 00:00:00+00:00,0.0286087,-0.006267171666666664
2021-07-11 00:00:00+00:00,0.0526038,-0.006629251666666665
2021-07-12 00:00:00+00:00,0.08144610000000001,-0.004085444999999996
2021-07-13 00:00:00+00:00,0.0731898,-0.0023676333333333298
2021-07-14 00:00:00+00:00,-0.0015913999999999972,-0.004471493333333329
2021-07-15 00:00:00+00:00,0.024429450000000005,-0.00706408833333333
2021-07-16 00:00:00+00:00,-0.015881149999999997,-0.011243459999999999
2021-07-17 00:00:00+00:00,0.0292803,-0.013917449999999996
2021-07-18 00:00:00+00:00,0.0568159,-0.013932171666666665
2021-07-19 00:00:00+00:00,-0.02028305,-0.013735801666666663
2021-07-20 00:00:00+00:00,-0.17226175000000002,-0.019668025
2021-07-21 00:00:00+00:00,-0.3442753,-0.029748229999999997
2021-07-22 00:00:00+00:00,-0.049366249999999993,-0.02958592666666666
2021-07-23 00:00:00+00:00,-0.06435315,-0.027652643333333334
2021-07-24 00:00:00+00:00,-0.1139822,-0.02942654333333333
2021-07-25 00:00:00+00:00,-0.19195715,-0.038547041666666663
2021-07-26 00:00:00+00:00,-0.12716965000000002,-0.03858597500000001
2021-07-27 00:00:00+00:00,0.06479480000000001,-0.023944973333333334
2021-07-28 00:00:00+00:00,0.06556495000000001,-0.023024564999999997
2021-07-29 00:00:00+00:00,0.07215685,-0.023323864999999996
2021-07-30 00:00:00+00:00,0.06432395,-0.024829733333333333
2021-07-31 00:00:00+00:00,0.10950000000000001,-0.024829733333333333
2021-08-01 00:00:00+00:00,0.10950000000000001,-0.02192396833333333
2021-08-02 00:00:00+00:00,0.10950000000000001,-0.01646283833333333
2021-08-03 00:00:00+00:00,0.10950000000000001,-0.011887319999999998
2021-08-04 00:00:00+00:00,0.0776428,-0.010462359999999997
2021-08-05 00:00:00+00:00,0.10950000000000001,-0.004374889999999998
2021-08-06 00:00:00+00:00,0.10950000000000001,-0.0015325133333333315
2021-08-07 00:00:00+00:00,0.10950000000000001,0.0061447750000000025
2021-08-08 00:00:00+00:00,0.10950000000000001,0.015524545000000004
2021-08-09 00:00:00+00:00,0.10950000000000001,0.018220921666666667
2021-08-10 00:00:00+00:00,0.10950000000000001,0.02011746166666667
2021-08-11 00:00:00+00:00,0.10950000000000001,0.02105259166666667
2021-08-12 00:00:00+00:00,0.10950000000000001,0.02226293166666667
2021-08-13 00:00:00+00:00,0.10950000000000001,0.02596597833333334
2021-08-14 00:00:00+00:00,0.10950000000000001,0.02880166333333334
2021-08-15 00:00:00+00:00,0.10950000000000001,0.032981035000000006
2021-08-16 00:00:00+00:00,0.12382259999999999,0.036132445000000006
2021-08-17 00:00:00+00:00,0.10950000000000001,0.03788858166666667
2021-08-18 00:00:00+00:00,0.10950000000000001,0.04221468333333334
2021-08-19 00:00:00+00:00,0.10950000000000001,0.05160674166666667
2021-08-20 00:00:00+00:00,0.13052765,0.06743350666666667
2021-08-21 00:00:00+00:00,0.17048055,0.07476173333333333
2021-08-22 00:00:00+00:00,0.12706745,0.08114241999999999
2021-08-23 00:00:00+00:00,0.26704495,0.093843325
2021-08-24 00:00:00+00:00,0.2943652,0.11005407000000002
2021-08-25 00:00:00+00:00,0.1444232,0.119107165
2021-08-26 00:00:00+00:00,0.15280725,0.12204091333333333
2021-08-27 00:00:00+00:00,0.10950000000000001,0.12350541500000002
2021-08-28 00:00:00+00:00,0.23862604999999998,0.12905438833333333
2021-08-29 00:00:00+00:00,0.10950000000000001,0.13056025666666668
2021-08-30 00:00:00+00:00,0.1553075,0.13208717333333334
2021-08-31 00:00:00+00:00,0.31868515,0.13906001166666665
2021-09-01 00:00:00+00:00,0.38631965,0.14828733333333333
2021-09-02 00:00:00+00:00,0.5351447500000001,0.16247549166666667
2021-09-03 00:00:00+00:00,0.38546189999999997,0.17273612833333335
2021-09-04 00:00:00+00:00,0.2735529,0.17820455833333332
2021-09-05 00:00:00+00:00,0.10950000000000001,0.17820455833333335
2021-09-06 00:00:00+00:00,0.17075795000000002,0.18024649
2021-09-07 00:00:00+00:00,0.15686605,0.18182535833333333
2021-09-08 00:00:00+00:00,0.10950000000000001,0.18182535833333333
2021-09-09 00:00:00+00:00,0.10950000000000001,0.18182535833333333
2021-09-10 00:00:00+00:00,0.11356975,0.18196101666666664
2021-09-11 00:00:00+00:00,0.10950000000000001,0.18196101666666667
2021-09-12 00:00:00+00:00,0.10950000000000001,0.18196101666666667
2021-09-13 00:00:00+00:00,0.10950000000000001,0.18196101666666664
2021-09-14 00:00:00+00:00,0.10950000000000001,0.18196101666666667
2021-09-15 00:00:00+00:00,0.10950000000000001,0.18148359666666666
2021-09-16 00:00:00+00:00,0.10950000000000001,0.18148359666666666
2021-09-17 00:00:00+00:00,0.10950000000000001,0.1814835966666667
2021-09-18 00:00:00+00:00,0.10950000000000001,0.18148359666666666
2021-09-19 00:00:00+00:00,0.10950000000000001,0.180782675
2021-09-20 00:00:00+00:00,0.10950000000000001,0.17874999000000003
2021-09-21 00:00:00+00:00,0.10950000000000001,0.17816440833333333
2021-09-22 00:00:00+00:00,0.10950000000000001,0.17291291
2021-09-23 00:00:00+00:00,0.08241335000000001,0.16584784833333333
2021-09-24 00:00:00+00:00,-0.04531109999999999,0.15952337166666666
2021-09-25 00:00:00+00:00,0.09354585,0.15754799166666666
2021-09-26 00:00:00+00:00,0.039314150000000006,0.15520846333333335
2021-09-27 00:00:00+00:00,0.10950000000000001,0.15090426166666668
2021-09-28 00:00:00+00:00,0.05702395,0.14915506
2021-09-29 00:00:00+00:00,0.0506109,0.14566517333333331
2021-09-30 00:00:00+00:00,0.10670775000000002,0.13859925999999997
2021-10-01 00:00:00+00:00,0.03470784999999999,0.12687886666666667
2021-10-02 00:00:00+00:00,0.053779099999999996,0.11083334500000001
2021-10-03 00:00:00+00:00,0.10950000000000001,0.101634615
2021-10-04 00:00:00+00:00,0.10950000000000001,0.096166185
2021-10-05 00:00:00+00:00,0.0282291,0.093457155
2021-10-06 00:00:00+00:00,0.10950000000000001,0.09141522333333335
2021-10-07 00:00:00+00:00,0.26224885,0.09492798333333334
2021-10-08 00:00:00+00:00,0.25605115,0.09981302166666667
2021-10-09 00:00:00+00:00,0.13036704999999998,0.10050859
2021-10-10 00:00:00+00:00,0.14930689999999996,0.10169982833333333
2021-10-11 00:00:00+00:00,0.10950000000000001,0.10169982833333333
2021-10-12 00:00:00+00:00,0.10950000000000001,0.10169982833333334
2021-10-13 00:00:00+00:00,0.10950000000000001,0.10169982833333333
2021-10-14 00:00:00+00:00,0.18278835,0.10414277333333333
2021-10-15 00:00:00+00:00,0.20690025,0.10738944833333333
2021-10-16 00:00:00+00:00,0.43530995000000006,0.11824978
2021-10-17 00:00:00+00:00,0.42216630000000005,0.12867199
2021-10-18 00:00:00+00:00,0.2578433,0.13361676666666666
2021-10-19 00:00:00+00:00,0.12765510000000002,0.13422193666666668
2021-10-20 00:00:00+00:00,0.30381505000000003,0.140699105
2021-10-21 00:00:00+00:00,0.6870541,0.15995090833333334
2021-10-22 00:00:00+00:00,0.3329457,0.1673990983333333
2021-10-23 00:00:00+00:00,0.21325855000000002,0.17176060499999998
2021-10-24 00:00:00+00:00,0.36658775,0.1854905666666667
2021-10-25 00:00:00+00:00,0.3163309,0.192916735
2021-10-26 00:00:00+00:00,0.57533125,0.2107839716666667
2021-10-27 00:00:00+00:00,0.31572865,0.21765826
2021-10-28 00:00:00+00:00,0.14364939999999998,0.22054577500000003
2021-10-29 00:00:00+00:00,0.23947649999999998,0.22684129499999997
2021-10-30 00:00:00+00:00,0.28702140000000004,0.23285175
2021-10-31 00:00:00+00:00,0.40835105,0.24530652333333336
2021-11-01 00:00:00+00:00,0.44093095,0.258211585
2021-11-02 00:00:00+00:00,0.35236005000000004,0.26630692
2021-11-03 00:00:00+00:00,0.5746341,0.28181139
2021-11-04 00:00:00+00:00,0.5223332500000001,0.29828152833333327
2021-11-05 00:00:00+00:00,0.28509055,0.3041345466666667
2021-11-06 00:00:00+00:00,0.49701320000000004,0.31196002500000003
2021-11-07 00:00:00+00:00,0.33200035,0.31449166500000003
2021-11-08 00:00:00+00:00,0.45241385,0.32522655833333336
2021-11-09 00:00:00+00:00,0.53207145,0.33798537666666667
2021-11-10 00:00:00+00:00,0.5965048999999999,0.35421887333333335
2021-11-11 00:00:00+00:00,0.20083395000000004,0.35726333833333335
2021-11-12 00:00:00+00:00,0.3300257,0.364614195
2021-11-13 00:00:00+00:00,0.2519084,0.3669181966666667
2021-11-14 00:00:00+00:00,0.13512665,0.3645257433333333
2021-11-15 00:00:00+00:00,0.28418899999999997,0.3594883783333333
2021-11-16 00:00:00+00:00,0.20439269999999998,0.35222925833333335
2021-11-17 00:00:00+00:00,0.12101575,0.34766834
2021-11-18 00:00:00+00:00,0.11400774999999999,0.3472134283333333
2021-11-19 00:00:00+00:00,0.10950000000000001,0.34073626
2021-11-20 00:00:00+00:00,0.10950000000000001,0.3214844566666667
2021-11-21 00:00:00+00:00,0.10950000000000001,0.3140362666666666
2021-11-22 00:00:00+00:00,0.10950000000000001,0.31057764833333334
2021-11-23 00:00:00+00:00,0.12007405,0.302360525
2021-11-24 00:00:00+00:00,0.11683650000000001,0.2957107116666666
2021-11-25 00:00:00+00:00,0.1577238,0.28179046333333335
2021-11-26 00:00:00+00:00,0.21025459999999999,0.2782746616666667
2021-11-27 00:00:00+00:00,0.1125076,0.2772366016666667
2021-11-28 00:00:00+00:00,0.10950000000000001,0.27290405166666665
2021-11-29 00:00:00+00:00,0.1488251,0.2682975083333333
2021-11-30 00:00:00+00:00,0.17450649999999998,0.26050269
2021-12-01 00:00:00+00:00,0.18919775,0.25211158333333333
2021-12-02 00:00:00+00:00,0.13122115,0.24474028666666664
2021-12-03 00:00:00+00:00,0.17842660000000002,0.23153337000000002
2021-12-04 00:00:00+00:00,0.0699997,0.21645558499999998
2021-12-05 00:00:00+00:00,0.09954645,0.21027078166666666
2021-12-06 00:00:00+00:00,0.10950000000000001,0.197353675
2021-12-07 00:00:00+00:00,0.08751605,0.18920419833333335
2021-12-08 00:00:00+00:00,0.10950000000000001,0.17777373666666665
2021-12-09 00:00:00+00:00,0.10950000000000001,0.16368802166666668
2021-12-10 00:00:00+00:00,0.10950000000000001,0.147454525
2021-12-11 00:00:00+00:00,0.10950000000000001,0.14441005999999998
2021-12-12 00:00:00+00:00,0.10950000000000001,0.13705920333333335
2021-12-13 00:00:00+00:00,0.10950000000000001,0.13231225666666668
2021-12-14 00:00:00+00:00,0.06695925000000001,0.13004001
2021-12-15 00:00:00+00:00,0.10950000000000001,0.12421704333333335
2021-12-16 00:00:00+00:00,0.10950000000000001,0.12105395333333333
2021-12-17 00:00:00+00:00,0.0900747,0.12002258500000001
2021-12-18 00:00:00+00:00,0.0976083,0.11947593666666667
2021-12-19 00:00:00+00:00,0.09884200000000001,0.11912067000000001
2021-12-20 00:00:00+00:00,0.10950000000000001,0.11912067000000001
2021-12-21 00:00:00+00:00,0.10652160000000001,0.11902138999999999
2021-12-22 00:00:00+00:00,0.10950000000000001,0.11902139000000002
2021-12-23 00:00:00+00:00,0.0866437,0.11790704499999999
2021-12-24 00:00:00+00:00,0.10950000000000001,0.117662495
2021-12-25 00:00:00+00:00,0.10950000000000001,0.11605503500000001
2021-12-26 00:00:00+00:00,0.10950000000000001,0.11269654833333334
2021-12-27 00:00:00+00:00,0.10950000000000001,0.112596295
2021-12-28 00:00:00+00:00,0.10950000000000001,0.112596295
2021-12-29 00:00:00+00:00,0.10950000000000001,0.11128545833333335
2021-12-30 00:00:00+00:00,0.10950000000000001,0.10911857500000001
2021-12-31 00:00:00+00:00,0.0616777,0.10486790666666668
2022-01-01 00:00:00+00:00,0.10950000000000001,0.10414386833333335
2022-01-02 00:00:00+00:00,0.10950000000000001,0.101846315
2022-01-03 00:00:00+00:00,0.10950000000000001,0.10316299166666669
2022-01-04 00:00:00+00:00,0.10950000000000001,0.10349477666666669
2022-01-05 00:00:00+00:00,0.10950000000000001,0.10349477666666668
2022-01-06 00:00:00+00:00,0.10950000000000001,0.104227575
2022-01-07 00:00:00+00:00,0.10950000000000001,0.104227575
2022-01-08 00:00:00+00:00,0.10950000000000001,0.104227575
2022-01-09 00:00:00+00:00,0.10950000000000001,0.104227575
2022-01-10 00:00:00+00:00,0.0895053,0.103561085
2022-01-11 00:00:00+00:00,0.09998810000000001,0.10324402166666667
2022-01-12 00:00:00+00:00,-0.0017848500000000008,0.09953452666666668
2022-01-13 00:00:00+00:00,-0.01309255,0.09686613333333334
2022-01-14 00:00:00+00:00,-0.05560045,0.091362785
2022-01-15 00:00:00+00:00,0.054541950000000006,0.08953085000000002
2022-01-16 00:00:00+00:00,0.037814,0.08778882666666668
2022-01-17 00:00:00+00:00,0.06715270000000001,0.08677364000000001
2022-01-18 00:00:00+00:00,0.10949270000000001,0.08712866333333334
2022-01-19 00:00:00+00:00,0.09115145,0.086517045
2022-01-20 00:00:00+00:00,0.10950000000000001,0.08661632500000002
2022-01-21 00:00:00+00:00,0.08303385,0.08573412
2022-01-22 00:00:00+00:00,0.04770915,0.08443630166666669
2022-01-23 00:00:00+00:00,0.02617415,0.08165877333333335
2022-01-24 00:00:00+00:00,0.0514431,0.07972354333333334
2022-01-25 00:00:00+00:00,0.029630700000000003,0.07706123333333334
2022-01-26 00:00:00+00:00,-0.019560349999999997,0.07275922166666667
2022-01-27 00:00:00+00:00,-0.08252285000000001,0.06635846000000001
2022-01-28 00:00:00+00:00,0.0348648,0.06387062000000002
2022-01-29 00:00:00+00:00,0.00407705,0.06035652166666667
2022-01-30 00:00:00+00:00,0.0918924,0.06136367833333334
2022-01-31 00:00:00+00:00,-0.014928499999999997,0.05721606166666667
2022-02-01 00:00:00+00:00,-0.015121949999999999,0.053061996666666666
2022-02-02 00:00:00+00:00,0.0352152,0.050585836666666675
2022-02-03 00:00:00+00:00,-0.02949565,0.04595264833333334
2022-02-04 00:00:00+00:00,0.010552150000000001,0.04265438666666667
2022-02-05 00:00:00+00:00,0.10021805,0.04234498833333333
2022-02-06 00:00:00+00:00,0.10950000000000001,0.04234498833333334
2022-02-07 00:00:00+00:00,-0.0104974,0.038345075
2022-02-08 00:00:00+00:00,0.10950000000000001,0.038345075
2022-02-09 00:00:00+00:00,0.0699413,0.03769294166666667
2022-02-10 00:00:00+00:00,0.06643365000000001,0.036574459999999996
2022-02-11 00:00:00+00:00,-0.032798900000000006,0.035540658333333336
2022-02-12 00:00:00+00:00,0.10950000000000001,0.039627076666666664
2022-02-13 00:00:00+00:00,0.08321269999999999,0.04425418166666666
2022-02-14 00:00:00+00:00,0.06945584999999999,0.04475131166666667
2022-02-15 00:00:00+00:00,0.028112300000000003,0.04442792166666667
2022-02-16 00:00:00+00:00,0.10950000000000001,0.04583949833333333
2022-02-17 00:00:00+00:00,0.10950000000000001,0.04583974166666668
2022-02-18 00:00:00+00:00,-0.01568405,0.042278558333333334
2022-02-19 00:00:00+00:00,0.06814915,0.040900196666666666
2022-02-20 00:00:00+00:00,0.007617549999999998,0.03838632
2022-02-21 00:00:00+00:00,-0.005369150000000002,0.036617043333333335
2022-02-22 00:00:00+00:00,-0.02177225,0.03501883000000001
2022-02-23 00:00:00+00:00,-0.06773670000000001,0.03104617
2022-02-24 00:00:00+00:00,-0.06854700000000001,0.027773580000000003
2022-02-25 00:00:00+00:00,0.0628457,0.030520448333333335
2022-02-26 00:00:00+00:00,0.09835290000000001,0.03654964000000001
2022-02-27 00:00:00+00:00,0.02463385,0.03620860833333333
2022-02-28 00:00:00+00:00,-0.12971735,0.031748795
2022-03-01 00:00:00+00:00,0.08894685000000001,0.03165061
2022-03-02 00:00:00+00:00,0.07114945,0.034519875
2022-03-03 00:00:00+00:00,0.10950000000000001,0.038673940000000004
2022-03-04 00:00:00+00:00,0.10950000000000001,0.0411501
2022-03-05 00:00:00+00:00,0.07904440000000001,0.044768101666666664
2022-03-06 00:00:00+00:00,0.0186588,0.04503832333333334
2022-03-07 00:00:00+00:00,-0.0432233,0.040256945
2022-03-08 00:00:00+00:00,0.0853297,0.03945126833333334
2022-03-09 00:00:00+00:00,0.09773240000000001,0.043058928333333336
2022-03-10 00:00:00+00:00,0.03416765,0.04054785
2022-03-11 00:00:00+00:00,-0.048442799999999994,0.03660171333333333
2022-03-12 00:00:00+00:00,-0.0025695999999999987,0.034301605
2022-03-13 00:00:00+00:00,-0.04008795,0.03405863666666666
2022-03-14 00:00:00+00:00,-0.0438,0.02894863666666667
2022-03-15 00:00:00+00:00,0.07030995,0.028518545000000003
2022-03-16 00:00:00+00:00,0.09442915,0.029350988333333338
2022-03-17 00:00:00+00:00,0.10950000000000001,0.03206391166666667
2022-03-18 00:00:00+00:00,0.07906629999999999,0.031049455000000004
2022-03-19 00:00:00+00:00,0.10950000000000001,0.031049455000000004
2022-03-20 00:00:00+00:00,0.10950000000000001,0.03522225666666667
2022-03-21 00:00:00+00:00,0.032678450000000005,0.034039900000000005
2022-03-22 00:00:00+00:00,0.10950000000000001,0.037435981666666666
2022-03-23 00:00:00+00:00,0.0986011,0.04090165666666667
2022-03-24 00:00:00+00:00,0.00568305,0.04181683333333334
2022-03-25 00:00:00+00:00,0.05631585000000001,0.04595191833333334
2022-03-26 00:00:00+00:00,0.0460922,0.049773225000000004
2022-03-27 00:00:00+00:00,0.011143450000000003,0.04804981666666667
2022-03-28 00:00:00+00:00,0.10950000000000001,0.04842138666666666
2022-03-29 00:00:00+00:00,0.1080181,0.051200861666666674
2022-03-30 00:00:00+00:00,0.10950000000000001,0.05917477333333334
2022-03-31 00:00:00+00:00,0.10950000000000001,0.059859878333333345
2022-04-01 00:00:00+00:00,0.09788935000000001,0.06075120833333334
2022-04-02 00:00:00+00:00,0.10950000000000001,0.060751208333333334
2022-04-03 00:00:00+00:00,0.10950000000000001,0.06075120833333334
2022-04-04 00:00:00+00:00,0.10950000000000001,0.06176639500000001
2022-04-05 00:00:00+00:00,0.10950000000000001,0.06479443500000001
2022-04-06 00:00:00+00:00,0.10912770000000001,0.06987280166666668
2022-04-07 00:00:00+00:00,0.08183665000000001,0.06975636666666668
2022-04-08 00:00:00+00:00,0.0887169,0.06945585000000001
2022-04-09 00:00:00+00:00,0.10686835,0.07187920666666667
2022-04-10 00:00:00+00:00,0.0691748,0.07579979333333335
2022-04-11 00:00:00+00:00,0.07388695,0.078348345
2022-04-12 00:00:00+00:00,-0.0868992,0.07678797000000001
2022-04-13 00:00:00+00:00,-0.0088476,0.07795305000000001
2022-04-14 00:00:00+00:00,0.0473551,0.07718788833333336
2022-04-15 00:00:00+00:00,-0.045044650000000006,0.07253876166666666
2022-04-16 00:00:00+00:00,0.04962905000000001,0.07054306333333334
2022-04-17 00:00:00+00:00,0.07503670000000001,0.07040874333333334
2022-04-18 00:00:00+00:00,-0.09440359999999999,0.06361195666666668
2022-04-19 00:00:00+00:00,0.04096395,0.06132742166666668
2022-04-20 00:00:00+00:00,0.08288055,0.063000825
2022-04-21 00:00:00+00:00,0.0010621499999999991,0.059386230000000005
2022-04-22 00:00:00+00:00,-0.05246144999999999,0.05435081166666667
2022-04-23 00:00:00+00:00,-0.10390819999999999,0.05069777
2022-04-24 00:00:00+00:00,-0.13579095,0.04429421000000001
2022-04-25 00:00:00+00:00,-0.034780849999999995,0.04159844166666667
2022-04-26 00:00:00+00:00,0.10950000000000001,0.044876993333333344
2022-04-27 00:00:00+00:00,-0.0792269,0.038586096666666674
2022-04-28 00:00:00+00:00,-0.004598999999999998,0.03483219333333334
2022-04-29 00:00:00+00:00,0.08259220000000002,0.03393526666666667
2022-04-30 00:00:00+00:00,0.003982150000000001,0.03041800500000001
2022-05-01 00:00:00+00:00,0.045617700000000004,0.028675616666666674
2022-05-02 00:00:00+00:00,0.10585,0.028553950000000005
2022-05-03 00:00:00+00:00,0.10950000000000001,0.028553950000000005
2022-05-04 00:00:00+00:00,0.08213960000000001,0.027641936666666676
2022-05-05 00:00:00+00:00,0.10950000000000001,0.02764193666666667
2022-05-06 00:00:00+00:00,-0.05473905,0.02217971166666667
2022-05-07 00:00:00+00:00,0.0052487,0.019626780000000007
2022-05-08 00:00:00+00:00,0.06329465000000001,0.018779371666666673
2022-05-09 00:00:00+00:00,0.10950000000000001,0.018867093333333338
2022-05-10 00:00:00+00:00,0.10950000000000001,0.020211266666666672
2022-05-11 00:00:00+00:00,0.04017554999999999,0.01908755333333334
2022-05-12 00:00:00+00:00,-0.2753779,0.012804930000000003
2022-05-13 00:00:00+00:00,-0.0061575499999999995,0.012894598333333339
2022-05-14 00:00:00+00:00,0.10950000000000001,0.014966095000000006
2022-05-15 00:00:00+00:00,0.09980195,0.019794315000000007
2022-05-16 00:00:00+00:00,0.08695395,0.02103847833333334
2022-05-17 00:00:00+00:00,0.05108175,0.020239980000000005
2022-05-18 00:00:00+00:00,-0.03582840000000001,0.022192486666666674
2022-05-19 00:00:00+00:00,0.046530199999999994,0.022378028333333338
2022-05-20 00:00:00+00:00,0.10950000000000001,0.023265343333333337
2022-05-21 00:00:00+00:00,0.0007336499999999998,0.02325439333333334
2022-05-22 00:00:00+00:00,0.03411655,0.02614032666666667
2022-05-23 00:00:00+00:00,0.10950000000000001,0.03325393333333334
2022-05-24 00:00:00+00:00,-0.037069399999999995,0.03654465166666667
2022-05-25 00:00:00+00:00,0.08642835,0.04058495833333334
2022-05-26 00:00:00+00:00,0.06656505,0.03915379333333333
2022-05-27 00:00:00+00:00,0.10950000000000001,0.04544469
2022-05-28 00:00:00+00:00,0.10479880000000001,0.04909128333333334
2022-05-29 00:00:00+00:00,0.10950000000000001,0.04998821
2022-05-30 00:00:00+00:00,0.10950000000000001,0.05350547166666667
2022-05-31 00:00:00+00:00,0.10950000000000001,0.05563488166666667
2022-06-01 00:00:00+00:00,0.10950000000000001,0.055756548333333336
2022-06-02 00:00:00+00:00,0.010658,0.052461815
2022-06-03 00:00:00+00:00,0.007675949999999997,0.04997969333333334
2022-06-04 00:00:00+00:00,0.03858415,0.04761583166666668
2022-06-05 00:00:00+00:00,0.04357735,0.050893045000000005
2022-06-06 00:00:00+00:00,0.0937758,0.05384394833333334
2022-06-07 00:00:00+00:00,-0.014377349999999997,0.051254881666666675
2022-06-08 00:00:00+00:00,0.10950000000000001,0.051254881666666675
2022-06-09 00:00:00+00:00,0.1062369,0.051146111666666674
2022-06-10 00:00:00+00:00,0.0831908,0.05257995333333334
2022-06-11 00:00:00+00:00,0.03192655,0.06282343500000001
2022-06-12 00:00:00+00:00,0.0401573,0.06436726333333334
2022-06-13 00:00:00+00:00,0.006767100000000001,0.06094283333333334
2022-06-14 00:00:00+00:00,-0.04064275,0.05626134333333333
2022-06-15 00:00:00+00:00,-0.03643795,0.052148280000000005
2022-06-16 00:00:00+00:00,-0.017943399999999998,0.04984744166666667
2022-06-17 00:00:00+00:00,-0.0241484,0.050236775000000004
2022-06-18 00:00:00+00:00,0.06262670000000001,0.050773325
2022-06-19 00:00:00+00:00,0.02526895,0.04796562333333334
2022-06-20 00:00:00+00:00,0.02340745,0.04872141666666666
2022-06-21 00:00:00+00:00,0.062031750000000004,0.049651923333333334
2022-06-22 00:00:00+00:00,-0.0162206,0.04546123666666667
2022-06-23 00:00:00+00:00,-0.018633249999999997,0.046075775000000006
2022-06-24 00:00:00+00:00,0.0949219,0.04635889333333334
2022-06-25 00:00:00+00:00,0.08256665,0.04689228000000001
2022-06-26 00:00:00+00:00,0.07544184999999999,0.04575700833333333
2022-06-27 00:00:00+00:00,0.06371075000000001,0.044387406666666664
2022-06-28 00:00:00+00:00,-0.021038599999999998,0.04003612
2022-06-29 00:00:00+00:00,0.0651233,0.03855689666666667
2022-06-30 00:00:00+00:00,-0.0756061,0.032386693333333334
2022-07-01 00:00:00+00:00,-0.05015465,0.027064871666666667
2022-07-02 00:00:00+00:00,0.01615125,0.02724798
2022-07-03 00:00:00+00:00,0.05694,0.028890115
2022-07-04 00:00:00+00:00,0.053545499999999996,0.029388826666666666
2022-07-05 00:00:00+00:00,0.05625015,0.029811253333333336
2022-07-06 00:00:00+00:00,0.10356145,0.030137441666666667
2022-07-07 00:00:00+00:00,0.0922501,0.03369169
2022-07-08 00:00:00+00:00,0.07377380000000001,0.03250081666666667
2022-07-09 00:00:00+00:00,0.09542195,0.032140318333333334
2022-07-10 00:00:00+00:00,0.10936130000000001,0.033012668333333335
2022-07-11 00:00:00+00:00,0.07401835,0.03441572833333333
2022-07-12 00:00:00+00:00,0.06242595000000001,0.03515801666666667
2022-07-13 00:00:00+00:00,-0.0065882499999999995,0.034712838333333336
2022-07-14 00:00:00+00:00,0.049304200000000006,0.03771106999999999
2022-07-15 00:00:00+00:00,0.04474535,0.040417180000000004
2022-07-16 00:00:00+00:00,0.05420615,0.042822165
2022-07-17 00:00:00+00:00,0.09762655,0.046881330000000006
2022-07-18 00:00:00+00:00,0.10950000000000001,0.04844377333333334
2022-07-19 00:00:00+00:00,0.10950000000000001,0.051251475000000005
2022-07-20 00:00:00+00:00,0.1026307,0.05389225
2022-07-21 00:00:00+00:00,0.10950000000000001,0.05547452500000001
2022-07-22 00:00:00+00:00,0.0918778,0.05907780500000001
2022-07-23 00:00:00+00:00,0.0732336,0.06214003333333333
2022-07-24 00:00:00+00:00,0.08052994999999999,0.06166030166666667
2022-07-25 00:00:00+00:00,0.04948305,0.060557515
2022-07-26 00:00:00+00:00,0.08144245,0.060757535
2022-07-27 00:00:00+00:00,0.04608855,0.060170128333333336
2022-07-28 00:00:00+00:00,0.10668585,0.06442761000000001
2022-07-29 00:00:00+00:00,0.10950000000000001,0.06590683333333333
2022-07-30 00:00:00+00:00,0.10950000000000001,0.07207703666666668
2022-07-31 00:00:00+00:00,0.09592565000000002,0.07694638000000001
2022-08-01 00:00:00+00:00,0.09653885000000001,0.07962596666666667
2022-08-02 00:00:00+00:00,0.0935057,0.08084482333333334
2022-08-03 00:00:00+00:00,0.0027375,0.07915122333333333
2022-08-04 00:00:00+00:00,0.01103395,0.07764401666666668
2022-08-05 00:00:00+00:00,0.03862065,0.07547932333333333
2022-08-06 00:00:00+00:00,0.09299105,0.07550402166666667
2022-08-07 00:00:00+00:00,0.042573599999999996,0.07446401500000001
2022-08-08 00:00:00+00:00,0.08318350000000001,0.07405606666666668
2022-08-09 00:00:00+00:00,0.101908,0.07380762333333334
2022-08-10 00:00:00+00:00,0.031780550000000005,0.07239969666666668
2022-08-11 00:00:00+00:00,0.08072705,0.07300973333333333
2022-08-12 00:00:00+00:00,0.025739799999999997,0.074087335
2022-08-13 00:00:00+00:00,0.0257325,0.07330161166666667
2022-08-14 00:00:00+00:00,0.0120523,0.07221184333333334
2022-08-15 00:00:00+00:00,-0.0147022,0.06991489833333334
2022-08-16 00:00:00+00:00,0.02288185,0.06742340833333334
2022-08-17 00:00:00+00:00,0.0368358,0.06500126833333333
2022-08-18 00:00:00+00:00,0.0933013,0.06446131166666666
2022-08-19 00:00:00+00:00,0.019571300000000007,0.06169266500000001
2022-08-20 00:00:00+00:00,-0.037299349999999995,0.05679935333333333
2022-08-21 00:00:00+00:00,-0.032047,0.052668526666666673
2022-08-22 00:00:00+00:00,-0.0265939,0.04934094333333334
2022-08-23 00:00:00+00:00,-0.0238345,0.045862128333333335
2022-08-24 00:00:00+00:00,-0.0196443,0.04355788333333333
2022-08-25 00:00:00+00:00,0.0224694,0.041592115000000006
2022-08-26 00:00:00+00:00,0.01496135,0.04055454166666667
2022-08-27 00:00:00+00:00,-0.0492531,0.035356576666666674
2022-08-28 00:00:00+00:00,-0.045979049999999994,0.030173941666666666
2022-08-29 00:00:00+00:00,-0.1090328,0.022889515000000003
2022-08-30 00:00:00+00:00,-0.029696399999999998,0.018702113333333333
2022-08-31 00:00:00+00:00,0.031536,0.016535351666666667
2022-09-01 00:00:00+00:00,0.0557939,0.01527829166666667
2022-09-02 00:00:00+00:00,0.0432379,0.016628305000000003
2022-09-03 00:00:00+00:00,0.03780669999999999,0.017520729999999998
2022-09-04 00:00:00+00:00,0.029820499999999996,0.017227391666666668
2022-09-05 00:00:00+00:00,0.04477455,0.015620175000000002
2022-09-06 00:00:00+00:00,0.013034150000000001,0.01463552666666667
2022-09-07 00:00:00+00:00,-0.03413480000000001,0.010724916666666667
2022-09-08 00:00:00+00:00,0.0350911,0.008497686666666667
2022-09-09 00:00:00+00:00,0.0777888,0.010031294999999999
2022-09-10 00:00:00+00:00,0.1086386,0.010961680000000001
2022-09-11 00:00:00+00:00,0.08696855,0.013002638333333335
2022-09-12 00:00:00+00:00,0.1030979,0.015581485
2022-09-13 00:00:00+00:00,0.10937224999999999,0.018825483333333337
2022-09-14 00:00:00+00:00,-0.0081103,0.019045213333333335
2022-09-15 00:00:00+00:00,0.04065005000000001,0.01963748666666667
2022-09-16 00:00:00+00:00,0.05592895,0.020273925
2022-09-17 00:00:00+00:00,0.03221855,0.018237833333333335
2022-09-18 00:00:00+00:00,0.0650138,0.019752583333333334
2022-09-19 00:00:00+00:00,-0.018644200000000003,0.020374421666666667
2022-09-20 00:00:00+00:00,0.05616985,0.023314983333333334
2022-09-21 00:00:00+00:00,0.03429175,0.025344505000000003
2022-09-22 00:00:00+00:00,-0.03995655,0.024807103333333337
2022-09-23 00:00:00+00:00,0.019023799999999997,0.026096039999999997
2022-09-24 00:00:00+00:00,0.0363832,0.026559833333333335
2022-09-25 00:00:00+00:00,0.02644425,0.026942596666666666
2022-09-26 00:00:00+00:00,0.02749545,0.029500881666666666
2022-09-27 00:00:00+00:00,0.0758543,0.03356199333333333
2022-09-28 00:00:00+00:00,0.019717299999999997,0.03785366333333333
2022-09-29 00:00:00+00:00,0.07302555,0.04127772833333333
2022-09-30 00:00:00+00:00,0.10950000000000001,0.04387652833333333
2022-10-01 00:00:00+00:00,0.07374095,0.044474763333333334
2022-10-02 00:00:00+00:00,0.0564363,0.044914710000000004
2022-10-03 00:00:00+00:00,0.08143879999999999,0.04636911333333333
2022-10-04 00:00:00+00:00,0.10950000000000001,0.04902509666666667
2022-10-05 00:00:00+00:00,0.10950000000000001,0.05118261166666667
2022-10-06 00:00:00+00:00,0.10950000000000001,0.054398140000000005
2022-10-07 00:00:00+00:00,0.10042245,0.058883381666666665
2022-10-08 00:00:00+00:00,0.056005599999999996,0.059580531666666665
2022-10-09 00:00:00+00:00,0.02545145,0.057835953333333336
2022-10-10 00:00:00+00:00,0.0814315,0.05692905
2022-10-11 00:00:00+00:00,0.10950000000000001,0.05768009833333334
2022-10-12 00:00:00+00:00,0.10950000000000001,0.057893501666666666
2022-10-13 00:00:00+00:00,0.0781173,0.05685167
2022-10-14 00:00:00+00:00,0.0789495,0.05975366333333333
2022-10-15 00:00:00+00:00,0.0461798,0.05993798833333333
2022-10-16 00:00:00+00:00,0.024053500000000002,0.05887547333333334
2022-10-17 00:00:00+00:00,0.04244584999999999,0.05921638333333333
2022-10-18 00:00:00+00:00,0.10950000000000001,0.060699256666666666
2022-10-19 00:00:00+00:00,0.1007327,0.06467848666666667
2022-10-20 00:00:00+00:00,0.0661234,0.06501027166666667
2022-10-21 00:00:00+00:00,0.030298650000000003,0.06487716833333333
2022-10-22 00:00:00+00:00,0.0429313,0.06764009666666666
2022-10-23 00:00:00+00:00,0.03831405,0.068283105
2022-10-24 00:00:00+00:00,0.0814972,0.06978690500000001
2022-10-25 00:00:00+00:00,0.048107000000000004,0.07050899666666667
2022-10-26 00:00:00+00:00,0.0512095,0.071299465
2022-10-27 00:00:00+00:00,-0.003237549999999999,0.06866306999999999
2022-10-28 00:00:00+00:00,-0.0011533999999999989,0.06796738
2022-10-29 00:00:00+00:00,0.0417706,0.06692554833333333
2022-10-30 00:00:00+00:00,0.021286799999999998,0.06398510833333333
2022-10-31 00:00:00+00:00,0.017928799999999998,0.06212470333333333
2022-11-01 00:00:00+00:00,0.003416400000000001,0.06035737333333334
2022-11-02 00:00:00+00:00,0.043931399999999995,0.05910712666666667
2022-11-03 00:00:00+00:00,0.036719,0.056681093333333335
2022-11-04 00:00:00+00:00,0.0455374,0.05454900666666667
2022-11-05 00:00:00+00:00,0.06916749999999999,0.053204589999999996
2022-11-06 00:00:00+00:00,0.08427485,0.05266633666666667
2022-11-07 00:00:00+00:00,0.10151745000000001,0.054183398333333334
2022-11-08 00:00:00+00:00,0.05538144999999999,0.055181064999999994
2022-11-09 00:00:00+00:00,-0.14437575000000002,0.04765415666666666
2022-11-10 00:00:00+00:00,-0.9305967,0.012984266666666662
2022-11-11 00:00:00+00:00,-0.11873815,0.005376328333333332
2022-11-12 00:00:00+00:00,0.034364750000000006,0.003917909999999998
2022-11-13 00:00:00+00:00,-0.015359200000000002,0.0007742866666666647
2022-11-14 00:00:00+00:00,-0.045938900000000005,-0.002296336666666669
2022-11-15 00:00:00+00:00,-0.0960461,-0.006299656666666669
2022-11-16 00:00:00+00:00,-0.06829880000000002,-0.009991145000000002
2022-11-17 00:00:00+00:00,-0.04519065,-0.015147500000000003
2022-11-18 00:00:00+00:00,0.0018870500000000006,-0.018442355000000004
2022-11-19 00:00:00+00:00,0.044836600000000004,-0.019151915000000002
2022-11-20 00:00:00+00:00,0.0065481,-0.019943600000000002
2022-11-21 00:00:00+00:00,0.0327843,-0.020281833333333336
2022-11-22 00:00:00+00:00,0.00886585,-0.02126344
2022-11-23 00:00:00+00:00,0.06940840000000001,-0.021666400000000006
2022-11-24 00:00:00+00:00,0.050019600000000004,-0.02160264666666667
2022-11-25 00:00:00+00:00,0.014045199999999999,-0.02284145666666667
2022-11-26 00:00:00+00:00,0.017983549999999997,-0.022134086666666667
2022-11-27 00:00:00+00:00,0.006500649999999998,-0.021878951666666667
2022-11-28 00:00:00+00:00,0.010439000000000002,-0.022923338333333335
2022-11-29 00:00:00+00:00,0.0311929,-0.022593135000000004
2022-11-30 00:00:00+00:00,0.06187845,-0.02112814666666667
2022-12-01 00:00:00+00:00,0.022002200000000003,-0.02050862
2022-12-02 00:00:00+00:00,0.026553749999999997,-0.021087875
2022-12-03 00:00:00+00:00,0.06725125,-0.020070133333333337
2022-12-04 00:00:00+00:00,0.0627508,-0.019496353333333334
2022-12-05 00:00:00+00:00,0.001602349999999999,-0.021748525000000005
2022-12-06 00:00:00+00:00,0.03149585,-0.023507825000000003
2022-12-07 00:00:00+00:00,0.025743449999999998,-0.026033625000000005
2022-12-08 00:00:00+00:00,0.0127823,-0.02745359666666667
2022-12-09 00:00:00+00:00,0.030597950000000002,-0.02162114
2022-12-10 00:00:00+00:00,-0.0023542500000000004,0.009320275
2022-12-11 00:00:00+00:00,0.009103100000000001,0.01358165
2022-12-12 00:00:00+00:00,0.012315099999999999,0.012846661666666667
2022-12-13 00:00:00+00:00,0.0546551,0.015180471666666667
2022-12-14 00:00:00+00:00,0.10950000000000001,0.020361768333333332
2022-12-15 00:00:00+00:00,0.091907,0.026626871666666666
2022-12-16 00:00:00+00:00,0.031247650000000002,0.029945086666666672
2022-12-17 00:00:00+00:00,0.07128449999999999,0.03382759166666667
2022-12-18 00:00:00+00:00,0.045460749999999994,0.035280048333333335
2022-12-19 00:00:00+00:00,0.052768050000000004,0.03554443
2022-12-20 00:00:00+00:00,0.032850000000000004,0.03642116
2022-12-21 00:00:00+00:00,0.06972230000000001,0.03765242666666667
2022-12-22 00:00:00+00:00,0.06673295,0.039581330000000005
2022-12-23 00:00:00+00:00,0.10549595,0.040784248333333335
2022-12-24 00:00:00+00:00,0.0765405,0.041668278333333336
2022-12-25 00:00:00+00:00,0.019841400000000002,0.041861485
2022-12-26 00:00:00+00:00,0.004109899999999999,0.041399029999999996
2022-12-27 00:00:00+00:00,0.04273420000000001,0.042606815
2022-12-28 00:00:00+00:00,0.058863549999999994,0.04422096666666667
2022-12-29 00:00:00+00:00,0.10408705,0.046650771666666674
2022-12-30 00:00:00+00:00,0.0990318,0.04788921666666667
2022-12-31 00:00:00+00:00,0.10950000000000001,0.05080581
2023-01-01 00:00:00+00:00,0.07552215,0.05243809
2023-01-02 00:00:00+00:00,-0.011585100000000001,0.049810211666666666
2023-01-03 00:00:00+00:00,0.08139135,0.05043156333333334
2023-01-04 00:00:00+00:00,0.0540492,0.05217979166666667
2023-01-05 00:00:00+00:00,0.06247705,0.05321249833333334
2023-01-06 00:00:00+00:00,0.07605139999999999,0.05488943
2023-01-07 00:00:00+00:00,0.04810335,0.05606679833333334
2023-01-08 00:00:00+00:00,0.08434784999999999,0.057858461666666666
2023-01-09 00:00:00+00:00,0.022027750000000002,0.058671195
2023-01-10 00:00:00+00:00,0.05559315,0.06022086333333333
2023-01-11 00:00:00+00:00,0.018348549999999998,0.060421978333333334
2023-01-12 00:00:00+00:00,0.10055384999999999,0.06195193666666667
2023-01-13 00:00:00+00:00,0.099134,0.06160640333333333
2023-01-14 00:00:00+00:00,0.23576445000000001,0.06640165166666666
2023-01-15 00:00:00+00:00,0.16803869999999999,0.07096135333333332
2023-01-16 00:00:00+00:00,0.10950000000000001,0.07223520333333333
2023-01-17 00:00:00+00:00,0.10950000000000001,0.07436984500000002
2023-01-18 00:00:00+00:00,0.10950000000000001,0.07626091
2023-01-19 00:00:00+00:00,0.10950000000000001,0.07881591
2023-01-20 00:00:00+00:00,0.10950000000000001,0.08014183333333333
2023-01-21 00:00:00+00:00,0.10950000000000001,0.08156740166666668
2023-01-22 00:00:00+00:00,0.10950000000000001,0.08170087
2023-01-23 00:00:00+00:00,0.10950000000000001,0.08279952
2023-01-24 00:00:00+00:00,0.10950000000000001,0.08578814000000001
2023-01-25 00:00:00+00:00,0.10950000000000001,0.08930114333333333
2023-01-26 00:00:00+00:00,0.10950000000000001,0.09152667
2023-01-27 00:00:00+00:00,0.10782465000000001,0.09315870666666666
2023-01-28 00:00:00+00:00,0.10950000000000001,0.09333913833333334
2023-01-29 00:00:00+00:00,0.10950000000000001,0.09368807833333334
2023-01-30 00:00:00+00:00,0.10950000000000001,0.09368807833333334
2023-01-31 00:00:00+00:00,0.10950000000000001,0.09482067333333336
2023-02-01 00:00:00+00:00,0.10950000000000001,0.09885684333333335
2023-02-02 00:00:00+00:00,0.10950000000000001,0.09979379833333334
2023-02-03 00:00:00+00:00,0.10950000000000001,0.10164215833333334
2023-02-04 00:00:00+00:00,0.10950000000000001,0.10320959000000002
2023-02-05 00:00:00+00:00,0.10950000000000001,0.10432454333333334
2023-02-06 00:00:00+00:00,0.10950000000000001,0.10637109833333334
2023-02-07 00:00:00+00:00,0.10950000000000001,0.10720950333333334
2023-02-08 00:00:00+00:00,0.10950000000000001,0.11012524500000001
2023-02-09 00:00:00+00:00,0.10950000000000001,0.11192214000000002
2023-02-10 00:00:00+00:00,0.10950000000000001,0.11496052166666669
2023-02-11 00:00:00+00:00,0.06751405,0.11385919500000001
2023-02-12 00:00:00+00:00,0.06428745000000001,0.11269764333333335
2023-02-13 00:00:00+00:00,0.06714905,0.10707713
2023-02-14 00:00:00+00:00,0.10543754999999999,0.10499042500000001
2023-02-15 00:00:00+00:00,0.051384700000000005,0.10305324833333335
2023-02-16 00:00:00+00:00,0.15757415,0.10465572000000001
2023-02-17 00:00:00+00:00,0.10950000000000001,0.10465572000000002
2023-02-18 00:00:00+00:00,0.10950000000000001,0.10465572000000001
2023-02-19 00:00:00+00:00,0.10950000000000001,0.10465572000000001
2023-02-20 00:00:00+00:00,0.10950000000000001,0.10465572000000001
2023-02-21 00:00:00+00:00,0.10950000000000001,0.10465572000000002
2023-02-22 00:00:00+00:00,0.10950000000000001,0.10465572000000001
2023-02-23 00:00:00+00:00,0.06255005,0.10309072166666668
2023-02-24 00:00:00+00:00,0.05608955,0.10131037333333336
2023-02-25 00:00:00+00:00,0.00636925,0.09787268166666667
2023-02-26 00:00:00+00:00,0.06100245,0.09631194166666668
2023-02-27 00:00:00+00:00,0.0590059,0.094628805
2023-02-28 00:00:00+00:00,0.04142385,0.09235960000000001
2023-03-01 00:00:00+00:00,0.07367525,0.09116544166666668
2023-03-02 00:00:00+00:00,0.09384150000000001,0.09064349166666667
2023-03-03 00:00:00+00:00,0.02033415,0.08767129666666668
2023-03-04 00:00:00+00:00,0.0235279,0.08480556
2023-03-05 00:00:00+00:00,0.0223526,0.08190064666666667
2023-03-06 00:00:00+00:00,0.0544872,0.08006688666666667
2023-03-07 00:00:00+00:00,0.02985335,0.07741199833333336
2023-03-08 00:00:00+00:00,0.06107545,0.07579784666666667
2023-03-09 00:00:00+00:00,0.10950000000000001,0.07579784666666667
2023-03-10 00:00:00+00:00,-0.0365584,0.07092923333333334
2023-03-11 00:00:00+00:00,-0.00829645,0.067002685
2023-03-12 00:00:00+00:00,0.019695400000000002,0.06400919833333334
2023-03-13 00:00:00+00:00,0.09494015000000001,0.06492340166666667
2023-03-14 00:00:00+00:00,0.20021345,0.06945426833333333
2023-03-15 00:00:00+00:00,0.20532345,0.07406008166666668
2023-03-16 00:00:00+00:00,0.10950000000000001,0.07419549666666668
2023-03-17 00:00:00+00:00,0.08508515000000001,0.075318845
2023-03-18 00:00:00+00:00,0.10950000000000001,0.07371637333333333
2023-03-19 00:00:00+00:00,0.10950000000000001,0.07371637333333333
2023-03-20 00:00:00+00:00,0.10614565000000001,0.07360456166666668
2023-03-21 00:00:00+00:00,0.03527360000000001,0.07113034833333334
2023-03-22 00:00:00+00:00,0.0204692,0.068162655
2023-03-23 00:00:00+00:00,0.033426700000000004,0.06562687833333333
2023-03-24 00:00:00+00:00,0.10950000000000001,0.06562687833333333
2023-03-25 00:00:00+00:00,0.00148555,0.06359139500000001
2023-03-26 00:00:00+00:00,0.0013468500000000025,0.06176663833333333
2023-03-27 00:00:00+00:00,0.0179507,0.06215268666666667
2023-03-28 00:00:00+00:00,0.026374899999999996,0.060998435000000004
2023-03-29 00:00:00+00:00,0.08458145000000002,0.06185095333333333
2023-03-30 00:00:00+00:00,0.050180199999999994,0.06214283166666667
2023-03-31 00:00:00+00:00,0.0498079,0.06134725333333334
2023-04-01 00:00:00+00:00,0.10526600000000001,0.06172807000000001
2023-04-02 00:00:00+00:00,0.0581591,0.06298890166666667
2023-04-03 00:00:00+00:00,0.022655549999999997,0.06295982333333333
2023-04-04 00:00:00+00:00,-0.0315433,0.06116329333333334
2023-04-05 00:00:00+00:00,0.0603783,0.061359663333333335
2023-04-06 00:00:00+00:00,0.007537249999999999,0.060615793333333334
2023-04-07 00:00:00+00:00,0.0021389000000000004,0.05865124166666667
2023-04-08 00:00:00+00:00,0.0143299,0.055478905
2023-04-09 00:00:00+00:00,-0.0029455499999999995,0.05659933333333334
2023-04-10 00:00:00+00:00,0.09550955,0.06005953333333334
2023-04-11 00:00:00+00:00,0.10950000000000001,0.06305302
2023-04-12 00:00:00+00:00,0.07126260000000001,0.06226376833333334
2023-04-13 00:00:00+00:00,0.07698580000000001,0.05815618000000001
2023-04-14 00:00:00+00:00,0.04857055,0.05293108333333334
2023-04-15 00:00:00+00:00,0.049201999999999996,0.050921150000000005
2023-04-16 00:00:00+00:00,0.0990756,0.05138749833333334
2023-04-17 00:00:00+00:00,0.09992240000000001,0.051068245
2023-04-18 00:00:00+00:00,0.03994925,0.04874988666666667
2023-04-19 00:00:00+00:00,0.05894750000000001,0.047176615000000005
2023-04-20 00:00:00+00:00,0.06622925,0.04820847000000001
2023-04-21 00:00:00+00:00,0.09598405,0.05072563166666667
2023-04-22 00:00:00+00:00,0.0691602,0.05191674833333334
2023-04-23 00:00:00+00:00,0.027422449999999998,0.04918083
2023-04-24 00:00:00+00:00,0.04016095,0.05047001
2023-04-25 00:00:00+00:00,0.07377745000000001,0.05288436333333334
2023-04-26 00:00:00+00:00,0.0585168,0.054236566666666666
2023-04-27 00:00:00+00:00,0.0421648,0.05476289666666667
2023-04-28 00:00:00+00:00,0.0893374,0.05492142833333334
2023-04-29 00:00:00+00:00,0.0533411,0.05502679166666667
2023-04-30 00:00:00+00:00,0.046395149999999996,0.05491303333333333
2023-05-01 00:00:00+00:00,-0.012296850000000003,0.05099427166666667
2023-05-02 00:00:00+00:00,0.03032055,0.050066320000000004
2023-05-03 00:00:00+00:00,0.0719196,0.051708455
2023-05-04 00:00:00+00:00,0.0887169,0.05571712833333334
2023-05-05 00:00:00+00:00,0.08098620000000001,0.05640405833333333
2023-05-06 00:00:00+00:00,0.10950000000000001,0.059802816666666675
2023-05-07 00:00:00+00:00,0.05261110000000001,0.06148522333333333
2023-05-08 00:00:00+00:00,0.018355849999999996,0.06161942166666667
2023-05-09 00:00:00+00:00,0.045000849999999995,0.06321763500000001
2023-05-10 00:00:00+00:00,0.045000849999999995,0.06153401166666667
2023-05-11 00:00:00+00:00,0.050110850000000005,0.059554373333333334
2023-05-12 00:00:00+00:00,0.03781035,0.05843929833333334
2023-05-13 00:00:00+00:00,0.036021849999999994,0.05707383333333334
2023-05-14 00:00:00+00:00,0.03026215,0.05646355333333333
2023-05-15 00:00:00+00:00,0.009639650000000001,0.05514480833333334
2023-05-16 00:00:00+00:00,0.06433125,0.05398666333333334
2023-05-17 00:00:00+00:00,0.0725693,0.05307489333333334
2023-05-18 00:00:00+00:00,0.10344829999999999,0.05519152833333333
2023-05-19 00:00:00+00:00,0.04016825,0.054565553333333336
2023-05-20 00:00:00+00:00,0.025254350000000002,0.05319972333333333
2023-05-21 00:00:00+00:00,0.06244785,0.05208185
2023-05-22 00:00:00+00:00,0.02919635,0.05074972166666667
2023-05-23 00:00:00+00:00,0.10950000000000001,0.05348564
2023-05-24 00:00:00+00:00,0.059965849999999994,0.05414580333333333
2023-05-25 00:00:00+00:00,0.094243,0.05482798833333334
2023-05-26 00:00:00+00:00,0.08955640000000001,0.05586264166666667
2023-05-27 00:00:00+00:00,0.0842128,0.05726424166666667
2023-05-28 00:00:00+00:00,0.109062,0.05792172833333333
2023-05-29 00:00:00+00:00,0.10950000000000001,0.05979369166666667
2023-05-30 00:00:00+00:00,0.0696566,0.06056907333333334
2023-05-31 00:00:00+00:00,0.05501645000000001,0.06281285
2023-06-01 00:00:00+00:00,0.07934005,0.06444683333333333
2023-06-02 00:00:00+00:00,0.0875343,0.06496732333333334
2023-06-03 00:00:00+00:00,0.08389889999999998,0.06480672333333333
2023-06-04 00:00:00+00:00,0.0907025,0.0651306
2023-06-05 00:00:00+00:00,0.09998809999999998,0.06481353666666667
2023-06-06 00:00:00+00:00,-0.0215934,0.06234005333333334
2023-06-07 00:00:00+00:00,0.08761825000000001,0.0646488
2023-06-08 00:00:00+00:00,0.04600825,0.06468238
2023-06-09 00:00:00+00:00,0.0690142,0.065482825
2023-06-10 00:00:00+00:00,0.05465145,0.06563417833333333
2023-06-11 00:00:00+00:00,0.04953779999999999,0.06602509333333334
2023-06-12 00:00:00+00:00,0.05602385,0.06669182666666668
2023-06-13 00:00:00+00:00,0.08279295,0.06844285333333334
2023-06-14 00:00:00+00:00,0.03217475,0.06919402333333333
2023-06-15 00:00:00+00:00,0.03509475,0.06821947333333335
2023-06-16 00:00:00+00:00,0.018206199999999995,0.06640737000000001
2023-06-17 00:00:00+00:00,0.10005014999999999,0.06629409833333334
2023-06-18 00:00:00+00:00,0.0680506,0.06722351
2023-06-19 00:00:00+00:00,0.06251355,0.06846548333333334
2023-06-20 00:00:00+00:00,0.004763249999999999,0.06654266333333334
2023-06-21 00:00:00+00:00,0.0687879,0.06786238166666667
2023-06-22 00:00:00+00:00,0.10671140000000001,0.06776942833333334
2023-06-23 00:00:00+00:00,0.10950000000000001,0.06942056666666667
2023-06-24 00:00:00+00:00,0.10950000000000001,0.06992913333333334
2023-06-25 00:00:00+00:00,0.10950000000000001,0.07059392000000002
2023-06-26 00:00:00+00:00,0.10950000000000001,0.07143682666666668
2023-06-27 00:00:00+00:00,0.10950000000000001,0.07145142666666666
2023-06-28 00:00:00+00:00,0.08723500000000001,0.07070926000000001
2023-06-29 00:00:00+00:00,0.09444010000000001,0.07153537666666668
2023-06-30 00:00:00+00:00,0.10950000000000001,0.073351495
2023-07-01 00:00:00+00:00,0.10950000000000001,0.07435682666666668
2023-07-02 00:00:00+00:00,0.10950000000000001,0.07508901666666667
2023-07-03 00:00:00+00:00,0.10950000000000001,0.07594238666666668
2023-07-04 00:00:00+00:00,0.10950000000000001,0.07656897
2023-07-05 00:00:00+00:00,0.10950000000000001,0.07688603333333335
2023-07-06 00:00:00+00:00,0.0701238,0.07994327333333334
2023-07-07 00:00:00+00:00,0.015552649999999998,0.07754108666666666
2023-07-08 00:00:00+00:00,0.029470100000000003,0.076989815
2023-07-09 00:00:00+00:00,0.06818564999999999,0.07696219666666666
2023-07-10 00:00:00+00:00,0.020669949999999996,0.07582948000000002
2023-07-11 00:00:00+00:00,0.07383585,0.07663941500000002
2023-07-12 00:00:00+00:00,0.0663205,0.07698263666666666
2023-07-13 00:00:00+00:00,0.0201261,0.07489374166666667
2023-07-14 00:00:00+00:00,0.10950000000000001,0.07747125000000002
2023-07-15 00:00:00+00:00,-0.004825300000000001,0.07614058166666668
2023-07-16 00:00:00+00:00,0.0523702,0.07727938166666666
2023-07-17 00:00:00+00:00,0.055932600000000006,0.07580879666666668
2023-07-18 00:00:00+00:00,0.0666417,0.07576183333333335
2023-07-19 00:00:00+00:00,0.0836361,0.07646591833333334
2023-07-20 00:00:00+00:00,0.0651744,0.07847962333333335
2023-07-21 00:00:00+00:00,0.026904149999999998,0.07708349833333335
2023-07-22 00:00:00+00:00,0.0121034,0.07392989833333335
2023-07-23 00:00:00+00:00,0.08132199999999999,0.07299063166666667
2023-07-24 00:00:00+00:00,0.0888337,0.07230175500000001
2023-07-25 00:00:00+00:00,0.087892,0.07158148833333335
2023-07-26 00:00:00+00:00,0.09204935,0.07099980000000002
2023-07-27 00:00:00+00:00,0.0359233,0.06854724333333334
2023-07-28 00:00:00+00:00,0.07682520000000001,0.06820025
2023-07-29 00:00:00+00:00,0.08065405,0.067740715
2023-07-30 00:00:00+00:00,0.0659482,0.06628898833333334
2023-07-31 00:00:00+00:00,0.0655905,0.06482533833333333
2023-08-01 00:00:00+00:00,0.08419819999999999,0.063981945
2023-08-02 00:00:00+00:00,0.10950000000000001,0.063981945
2023-08-03 00:00:00+00:00,0.10950000000000001,0.06398194500000001
2023-08-04 00:00:00+00:00,0.1026234,0.063752725
2023-08-05 00:00:00+00:00,0.08826065000000001,0.06435728666666667
2023-08-06 00:00:00+00:00,0.10950000000000001,0.06748886500000001
2023-08-07 00:00:00+00:00,0.10099185000000001,0.06987292333333334
2023-08-08 00:00:00+00:00,0.09154200000000001,0.07065146833333334
2023-08-09 00:00:00+00:00,0.0967761,0.07318834
2023-08-10 00:00:00+00:00,0.10321105,0.07416751333333332
2023-08-11 00:00:00+00:00,0.09899895,0.07525679500000002
2023-08-12 00:00:00+00:00,0.10696325,0.07815136666666667
2023-08-13 00:00:00+00:00,0.08992504999999999,0.07749886833333333
2023-08-14 00:00:00+00:00,0.10950000000000001,0.08130971166666666
2023-08-15 00:00:00+00:00,0.10950000000000001,0.08321403833333334
2023-08-16 00:00:00+00:00,0.10950000000000001,0.08499961833333333
2023-08-17 00:00:00+00:00,0.10950000000000001,0.08642822833333333
2023-08-18 00:00:00+00:00,0.055187999999999994,0.08547995833333334
2023-08-19 00:00:00+00:00,-0.0214693,0.08259183499999999
2023-08-20 00:00:00+00:00,-0.027834900000000003,0.0807672
2023-08-21 00:00:00+00:00,-0.01314,0.07992575333333334
2023-08-22 00:00:00+00:00,0.0029638,0.07731381333333334
2023-08-23 00:00:00+00:00,0.0108259,0.07471355333333334
2023-08-24 00:00:00+00:00,0.0167316,0.07234154000000001
2023-08-25 00:00:00+00:00,0.02686765,0.07016881666666668
2023-08-26 00:00:00+00:00,0.0410625,0.07034012333333334
2023-08-27 00:00:00+00:00,0.01937055,0.06842496833333334
2023-08-28 00:00:00+00:00,0.031218450000000002,0.06677711500000001
2023-08-29 00:00:00+00:00,-0.023144649999999996,0.06380735333333334
2023-08-30 00:00:00+00:00,0.053081949999999996,0.06339040166666668
2023-08-31 00:00:00+00:00,0.06523645,0.06275834333333334
2023-09-01 00:00:00+00:00,0.054038249999999996,0.06090961833333334
2023-09-02 00:00:00+00:00,0.017947050000000003,0.05785785333333334
2023-09-03 00:00:00+00:00,0.0290686,0.05540602666666667
2023-09-04 00:00:00+00:00,0.011315,0.05284117166666667
2023-09-05 00:00:00+00:00,0.0196881,0.04984744166666667
2023-09-06 00:00:00+00:00,0.00404785,0.046615975000000004
2023-09-07 00:00:00+00:00,0.05342505,0.04534541
2023-09-08 00:00:00+00:00,-0.0098696,0.04179055333333334
2023-09-09 00:00:00+00:00,-0.01464015,0.037862179999999995
2023-09-10 00:00:00+00:00,0.021279499999999996,0.03527153166666667
2023-09-11 00:00:00+00:00,0.01226765,0.03211501166666667
2023-09-12 00:00:00+00:00,0.016983449999999997,0.029683625
2023-09-13 00:00:00+00:00,0.02445865,0.026848913333333335
2023-09-14 00:00:00+00:00,-0.0031353500000000016,0.023094401666666667
2023-09-15 00:00:00+00:00,0.01518035,0.019950413333333337
2023-09-16 00:00:00+00:00,-0.0323463,0.015222203333333332
2023-09-17 00:00:00+00:00,0.0098112,0.013709643333333334
2023-09-18 00:00:00+00:00,-0.02446595,0.013609755
2023-09-19 00:00:00+00:00,-0.004599000000000001,0.014384285000000002
2023-09-20 00:00:00+00:00,-0.026944300000000004,0.013924141666666667
2023-09-21 00:00:00+00:00,0.04271595,0.015249213333333334
2023-09-22 00:00:00+00:00,0.011344199999999997,0.01526649
2023-09-23 00:00:00+00:00,0.03080965,0.015735758333333332
2023-09-24 00:00:00+00:00,0.022688399999999994,0.015596450000000001
2023-09-25 00:00:00+00:00,0.04415405,0.015699501666666667
2023-09-26 00:00:00+00:00,0.0018286499999999979,0.015114771666666667
2023-09-27 00:00:00+00:00,0.0561954,0.015947336666666666
2023-09-28 00:00:00+00:00,-0.02058235,0.016032746666666667
2023-09-29 00:00:00+00:00,-0.02184525,0.013535173333333336
2023-09-30 00:00:00+00:00,0.0147168,0.011851185000000002
2023-10-01 00:00:00+00:00,-0.00944255,0.009735158333333334
2023-10-02 00:00:00+00:00,0.0185493,0.009755233333333333
2023-10-03 00:00:00+00:00,0.03043735,0.009800858333333334
2023-10-04 00:00:00+00:00,0.034215100000000005,0.010564195
2023-10-05 00:00:00+00:00,-0.037876049999999994,0.008645390000000001
2023-10-06 00:00:00+00:00,-0.01028935,0.008167483333333333
2023-10-07 00:00:00+00:00,0.0257544,0.007245128333333334
2023-10-08 00:00:00+00:00,0.023546150000000002,0.008358986666666669
2023-10-09 00:00:00+00:00,0.056009250000000003,0.010713966666666668
2023-10-10 00:00:00+00:00,0.046687150000000004,0.011560888333333335
2023-10-11 00:00:00+00:00,0.07506955,0.013654285
2023-10-12 00:00:00+00:00,0.07287225,0.015517245000000002
2023-10-13 00:00:00+00:00,0.02430535,0.015512135000000002
2023-10-14 00:00:00+00:00,0.0174178,0.01619724
2023-10-15 00:00:00+00:00,0.01827555,0.016300413333333333
2023-10-16 00:00:00+00:00,0.037167950000000005,0.018617555000000004
2023-10-17 00:00:00+00:00,-0.0022411000000000006,0.01821581166666667
2023-10-18 00:00:00+00:00,-0.010639749999999998,0.018676685000000002
2023-10-19 00:00:00+00:00,-0.0462017,0.017289928333333333
2023-10-20 00:00:00+00:00,-0.016961550000000002,0.01762268666666667
2023-10-21 00:00:00+00:00,0.0314484,0.017247101666666667
2023-10-22 00:00:00+00:00,0.03015265,0.01787405
2023-10-23 00:00:00+00:00,0.0674812,0.019096435000000002
2023-10-24 00:00:00+00:00,0.10950000000000001,0.021990155000000004
2023-10-25 00:00:00+00:00,0.10950000000000001,0.024168353333333337
2023-10-26 00:00:00+00:00,0.10950000000000001,0.027757398333333336
2023-10-27 00:00:00+00:00,0.10950000000000001,0.029534218333333338
2023-10-28 00:00:00+00:00,0.10950000000000001,0.03387029666666667
2023-10-29 00:00:00+00:00,0.10950000000000001,0.03824847166666667
2023-10-30 00:00:00+00:00,0.10950000000000001,0.04140791166666667
2023-10-31 00:00:00+00:00,0.10950000000000001,0.04537266333333334
2023-11-01 00:00:00+00:00,0.10950000000000001,0.048404353333333344
2023-11-02 00:00:00+00:00,0.10950000000000001,0.051039775
2023-11-03 00:00:00+00:00,0.10950000000000001,0.053549271666666676
2023-11-04 00:00:00+00:00,0.10950000000000001,0.05846180666666667
2023-11-05 00:00:00+00:00,0.10950000000000001,0.062454785000000006
2023-11-06 00:00:00+00:00,0.10950000000000001,0.065246305
2023-11-07 00:00:00+00:00,0.10950000000000001,0.06811143333333333
2023-11-08 00:00:00+00:00,0.10950000000000001,0.06989445833333334
2023-11-09 00:00:00+00:00,0.14609855,0.07320817166666667
2023-11-10 00:00:00+00:00,0.1156393,0.07456049666666668
2023-11-11 00:00:00+00:00,0.15058074999999999,0.07715078000000002
2023-11-12 00:00:00+00:00,0.24140370000000003,0.08438739166666667
2023-11-13 00:00:00+00:00,0.2330598,0.09157545833333333
2023-11-14 00:00:00+00:00,0.1760322,0.09683401333333336
2023-11-15 00:00:00+00:00,0.10950000000000001,0.09924508166666667
2023-11-16 00:00:00+00:00,0.13582745000000002,0.10384736666666668
2023-11-17 00:00:00+00:00,0.10950000000000001,0.107852025
2023-11-18 00:00:00+00:00,0.10950000000000001,0.11304208166666667
2023-11-19 00:00:00+00:00,0.10950000000000001,0.11725746666666667
2023-11-20 00:00:00+00:00,0.10950000000000001,0.11985918666666667
2023-11-21 00:00:00+00:00,0.10950000000000001,0.12250409833333335
2023-11-22 00:00:00+00:00,0.10950000000000001,0.12390472500000002
2023-11-23 00:00:00+00:00,0.10950000000000001,0.12390472500000001
2023-11-24 00:00:00+00:00,0.10950000000000001,0.12390472500000001
2023-11-25 00:00:00+00:00,0.10950000000000001,0.12390472500000002
2023-11-26 00:00:00+00:00,0.10950000000000001,0.12390472500000002
2023-11-27 00:00:00+00:00,0.10950000000000001,0.12390472500000001
2023-11-28 00:00:00+00:00,0.10950000000000001,0.12390472500000002
2023-11-29 00:00:00+00:00,0.10950000000000001,0.12390472500000002
2023-11-30 00:00:00+00:00,0.10950000000000001,0.12390472500000001
2023-12-01 00:00:00+00:00,0.10950000000000001,0.12390472500000002
2023-12-02 00:00:00+00:00,0.0929436,0.12335284500000002
2023-12-03 00:00:00+00:00,0.10950000000000001,0.12335284500000002
2023-12-04 00:00:00+00:00,0.10950000000000001,0.12335284500000003
2023-12-05 00:00:00+00:00,0.10950000000000001,0.12335284500000002
2023-12-06 00:00:00+00:00,0.10950000000000001,0.12335284500000002
2023-12-07 00:00:00+00:00,0.10950000000000001,0.12335284500000002
2023-12-08 00:00:00+00:00,0.19538450000000002,0.12621566166666667
2023-12-09 00:00:00+00:00,0.21482074999999998,0.1285064016666667
2023-12-10 00:00:00+00:00,0.2373595,0.13256374166666668
2023-12-11 00:00:00+00:00,0.1267645,0.13176986666666665
2023-12-12 00:00:00+00:00,0.10950000000000001,0.12737307666666667
2023-12-13 00:00:00+00:00,0.1265528,0.12382284333333335
2023-12-14 00:00:00+00:00,0.10950000000000001,0.12160510333333334
2023-12-15 00:00:00+00:00,0.10950000000000001,0.12160510333333335
2023-12-16 00:00:00+00:00,0.10950000000000001,0.12072752166666668
2023-12-17 00:00:00+00:00,0.10950000000000001,0.12072752166666668
2023-12-18 00:00:00+00:00,0.14222590000000002,0.12181838500000002
2023-12-19 00:00:00+00:00,0.10950000000000001,0.12181838500000002
2023-12-20 00:00:00+00:00,0.16112194999999999,0.12353911666666668
2023-12-21 00:00:00+00:00,0.31137055,0.130268135
2023-12-22 00:00:00+00:00,0.28625854999999994,0.13616008666666665
2023-12-23 00:00:00+00:00,0.15093115000000001,0.13754112500000001
2023-12-24 00:00:00+00:00,0.18439434999999998,0.14003760333333334
2023-12-25 00:00:00+00:00,0.21136420000000003,0.1434330766666667
2023-12-26 00:00:00+00:00,0.35298055,0.15154909500000002
2023-12-27 00:00:00+00:00,0.35721455,0.15980624666666668
2023-12-28 00:00:00+00:00,0.3688398,0.16845090666666668
2023-12-29 00:00:00+00:00,0.5553986,0.18331419333333338
2023-12-30 00:00:00+00:00,0.41776075,0.19358955166666666
2023-12-31 00:00:00+00:00,0.35049125,0.20162259333333335
2024-01-01 00:00:00+00:00,0.35851394999999997,0.21047493833333333
2024-01-02 00:00:00+00:00,0.56485575,0.22565346333333336
2024-01-03 00:00:00+00:00,0.1762293,0.22787777333333334
2024-01-04 00:00:00+00:00,0.10950000000000001,0.22787777333333334
2024-01-05 00:00:00+00:00,0.10950000000000001,0.22787777333333334
2024-01-06 00:00:00+00:00,0.10950000000000001,0.22787777333333334
2024-01-07 00:00:00+00:00,0.10950000000000001,0.22501495666666668
2024-01-08 00:00:00+00:00,0.10950000000000001,0.221504265
2024-01-09 00:00:00+00:00,0.10950000000000001,0.21724228166666668
2024-01-10 00:00:00+00:00,0.10950000000000001,0.21666679833333333
2024-01-11 00:00:00+00:00,0.10950000000000001,0.21666679833333333
2024-01-12 00:00:00+00:00,0.10950000000000001,0.2160983716666667
2024-01-13 00:00:00+00:00,0.10950000000000001,0.21609837166666665
2024-01-14 00:00:00+00:00,0.10950000000000001,0.21609837166666665
2024-01-15 00:00:00+00:00,0.10950000000000001,0.2160983716666667
2024-01-16 00:00:00+00:00,0.10950000000000001,0.21609837166666665
2024-01-17 00:00:00+00:00,0.10950000000000001,0.21500750833333332
2024-01-18 00:00:00+00:00,0.10950000000000001,0.21500750833333335
2024-01-19 00:00:00+00:00,0.10950000000000001,0.21328677666666668
2024-01-20 00:00:00+00:00,0.10950000000000001,0.2065577583333333
2024-01-21 00:00:00+00:00,0.10950000000000001,0.2006658066666667
2024-01-22 00:00:00+00:00,0.10950000000000001,0.19928476833333333
2024-01-23 00:00:00+00:00,0.10950000000000001,0.19678829
2024-01-24 00:00:00+00:00,0.10950000000000001,0.19339281666666666
2024-01-25 00:00:00+00:00,0.10950000000000001,0.18527679833333333
2024-01-26 00:00:00+00:00,0.10950000000000001,0.17701964666666664
2024-01-27 00:00:00+00:00,0.0995209,0.16804235
2024-01-28 00:00:00+00:00,0.09024625000000001,0.1525372716666667
2024-01-29 00:00:00+00:00,0.10636830000000001,0.14215752333333334
2024-01-30 00:00:00+00:00,0.08993965000000001,0.13347247
2024-01-31 00:00:00+00:00,0.08086209999999999,0.12421740833333335
2024-02-01 00:00:00+00:00,0.10950000000000001,0.10903888333333334
2024-02-02 00:00:00+00:00,0.10950000000000001,0.10681457333333336
2024-02-03 00:00:00+00:00,0.09014405,0.10616937500000002
2024-02-04 00:00:00+00:00,0.09910845000000001,0.10582299
2024-02-05 00:00:00+00:00,0.10950000000000001,0.10582299000000002
2024-02-06 00:00:00+00:00,0.09753895000000001,0.10542428833333335
2024-02-07 00:00:00+00:00,0.0774019,0.10435435166666668
2024-02-08 00:00:00+00:00,0.06980625,0.10303122666666668
2024-02-09 00:00:00+00:00,0.08380765,0.102174815
2024-02-10 00:00:00+00:00,0.10234965000000001,0.10193647000000002
2024-02-11 00:00:00+00:00,0.10950000000000001,0.10193647000000002
2024-02-12 00:00:00+00:00,0.10950000000000001,0.10193647000000002
2024-02-13 00:00:00+00:00,0.10950000000000001,0.10193647000000002
2024-02-14 00:00:00+00:00,0.11783294999999999,0.10221423500000001
2024-02-15 00:00:00+00:00,0.10950000000000001,0.102214235
2024-02-16 00:00:00+00:00,0.10950000000000001,0.102214235
2024-02-17 00:00:00+00:00,0.13154965000000002,0.10294922333333334
2024-02-18 00:00:00+00:00,0.181186,0.10533875666666667
2024-02-19 00:00:00+00:00,0.20434524999999998,0.10850026500000001
2024-02-20 00:00:00+00:00,0.1519568,0.10991549166666667
2024-02-21 00:00:00+00:00,0.1140333,0.11006660166666668
2024-02-22 00:00:00+00:00,0.13153505,0.11080110333333335
2024-02-23 00:00:00+00:00,0.12041715,0.11116500833333333
2024-02-24 00:00:00+00:00,0.10950000000000001,0.11116500833333334
2024-02-25 00:00:00+00:00,0.1515188,0.112565635
2024-02-26 00:00:00+00:00,0.27577575,0.11844079666666668
2024-02-27 00:00:00+00:00,0.4699302000000001,0.13109692833333333
2024-02-28 00:00:00+00:00,0.37941385000000005,0.14019844666666667
2024-02-29 00:00:00+00:00,0.7389753499999999,0.16183297000000002
2024-03-01 00:00:00+00:00,0.5991694000000001,0.17910988000000003
2024-03-02 00:00:00+00:00,0.5365354000000001,0.19334439333333334
2024-03-03 00:00:00+00:00,0.48856710000000003,0.20597996333333335
2024-03-04 00:00:00+00:00,0.6041626,0.223113915
2024-03-05 00:00:00+00:00,0.8032810499999999,0.246586335
2024-03-06 00:00:00+00:00,0.4362115,0.25747671833333335
2024-03-07 00:00:00+00:00,0.4581188,0.26949604666666666
2024-03-08 00:00:00+00:00,0.51548585,0.284098845
2024-03-09 00:00:00+00:00,0.2804003,0.29111864666666665
2024-03-10 00:00:00+00:00,0.5436310000000001,0.3064460916666667
2024-03-11 00:00:00+00:00,0.65814245,0.32497251833333335
2024-03-12 00:00:00+00:00,0.5026232500000001,0.33807662666666666
2024-03-13 00:00:00+00:00,0.5221179,0.35183055666666674
2024-03-14 00:00:00+00:00,0.37012459999999997,0.3605180433333333
2024-03-15 00:00:00+00:00,0.24874385,0.36488174
2024-03-16 00:00:00+00:00,0.19715475,0.36780356500000005
2024-03-17 00:00:00+00:00,0.20326485,0.37092906000000003
2024-03-18 00:00:00+00:00,0.28460145,0.37603078666666667
2024-03-19 00:00:00+00:00,0.2920219,0.37972531666666665
2024-03-20 00:00:00+00:00,0.16145774999999998,0.37829573333333333
2024-03-21 00:00:00+00:00,0.17964205,0.379218575
2024-03-22 00:00:00+00:00,0.1396636,0.38007291833333334
2024-03-23 00:00:00+00:00,0.11244190000000001,0.37943648
2024-03-24 00:00:00+00:00,0.14910615,0.38039278000000004
2024-03-25 00:00:00+00:00,0.2580112,0.38534315333333335
2024-03-26 00:00:00+00:00,0.24482375,0.38845331833333335
2024-03-27 00:00:00+00:00,0.37207735000000003,0.3916633716666667
2024-03-28 00:00:00+00:00,0.30486260000000004,0.3861611183333334
2024-03-29 00:00:00+00:00,0.2696474,0.38250223666666666
2024-03-30 00:00:00+00:00,0.31481614999999996,0.3683635966666667
2024-03-31 00:00:00+00:00,0.41077464999999996,0.36208377166666667
2024-04-01 00:00:00+00:00,0.47859165,0.36015231333333336
2024-04-02 00:00:00+00:00,0.13644430000000002,0.34841488666666665
2024-04-03 00:00:00+00:00,0.10950000000000001,0.33192613333333326
2024-04-04 00:00:00+00:00,0.10950000000000001,0.30880009833333333
2024-04-05 00:00:00+00:00,0.10950000000000001,0.297909715
2024-04-06 00:00:00+00:00,0.10950000000000001,0.28628908833333333
2024-04-07 00:00:00+00:00,0.10950000000000001,0.27275622666666666
2024-04-08 00:00:00+00:00,0.20143985,0.27012421166666667
2024-04-09 00:00:00+00:00,0.22111335,0.25937362333333336
2024-04-10 00:00:00+00:00,0.1255089,0.24161917166666666
2024-04-11 00:00:00+00:00,0.19671675,0.23142228833333334
2024-04-12 00:00:00+00:00,0.1792223,0.21999243500000001
2024-04-13 00:00:00+00:00,0.10950000000000001,0.21130494833333333
2024-04-14 00:00:00+00:00,0.10950000000000001,0.20666348666666667
2024-04-15 00:00:00+00:00,0.07942034999999999,0.20273900666666667
2024-04-16 00:00:00+00:00,0.06931715000000001,0.19827408333333332
2024-04-17 00:00:00+00:00,0.06016295,0.1907928
2024-04-18 00:00:00+00:00,0.03498525,0.18222491166666668
2024-04-19 00:00:00+00:00,0.03431365,0.17798677499999999
2024-04-20 00:00:00+00:00,0.0490487,0.17363366333333333
2024-04-21 00:00:00+00:00,0.0341786,0.17011749666666667
2024-04-22 00:00:00+00:00,0.028484600000000002,0.16731892
2024-04-23 00:00:00+00:00,0.010661650000000002,0.16270410333333332
2024-04-24 00:00:00+00:00,0.05023129999999999,0.15577810666666667
2024-04-25 00:00:00+00:00,0.04463585,0.14910517666666664
2024-04-26 00:00:00+00:00,0.0290394,0.13767057833333332
2024-04-27 00:00:00+00:00,0.0741096,0.12997881166666667
2024-04-28 00:00:00+00:00,0.006230550000000001,0.12119825
2024-04-29 00:00:00+00:00,0.0541806,0.11251039833333333
2024-04-30 00:00:00+00:00,0.1054631,0.10233334666666667
2024-05-01 00:00:00+00:00,0.1052952,0.08989013166666668
2024-05-02 00:00:00+00:00,0.046282,0.08688472166666666
2024-05-03 00:00:00+00:00,0.010139699999999998,0.08357271166666667
2024-05-04 00:00:00+00:00,0.05994395000000001,0.08192084333333334
2024-05-05 00:00:00+00:00,0.04177790000000001,0.07966344
2024-05-06 00:00:00+00:00,0.026707049999999996,0.076903675
2024-05-07 00:00:00+00:00,0.06085645,0.07528222333333333
2024-05-08 00:00:00+00:00,0.0720364,0.07096877500000001
2024-05-09 00:00:00+00:00,0.0591884,0.06557127666666666
2024-05-10 00:00:00+00:00,0.05333745,0.06316556166666668
2024-05-11 00:00:00+00:00,0.06467435,0.058764148333333335
2024-05-12 00:00:00+00:00,0.0563341,0.054667875000000005
2024-05-13 00:00:00+00:00,0.100813,0.05437830833333333
2024-05-14 00:00:00+00:00,0.0885417,0.05367969833333333
2024-05-15 00:00:00+00:00,0.0437562,0.05249089333333334
2024-05-16 00:00:00+00:00,0.0393981,0.051493591666666665
2024-05-17 00:00:00+00:00,0.0188486,0.05011644666666667
2024-05-18 00:00:00+00:00,0.0286452,0.04990511166666667
2024-05-19 00:00:00+00:00,0.0486472,0.05038289666666666
2024-05-20 00:00:00+00:00,0.0388287,0.05004223
2024-05-21 00:00:00+00:00,0.11138705,0.052615845
2024-05-22 00:00:00+00:00,0.13052034999999998,0.05601703666666667
2024-05-23 00:00:00+00:00,0.10950000000000001,0.059311648333333335
2024-05-24 00:00:00+00:00,0.10950000000000001,0.06128727166666667
2024-05-25 00:00:00+00:00,0.10950000000000001,0.06344941
2024-05-26 00:00:00+00:00,0.10950000000000001,0.06613143
2024-05-27 00:00:00+00:00,0.10950000000000001,0.06731111
2024-05-28 00:00:00+00:00,0.10950000000000001,0.070753425
2024-05-29 00:00:00+00:00,0.1188367,0.07290862833333334
2024-05-30 00:00:00+00:00,0.10950000000000001,0.07304319166666667
2024-05-31 00:00:00+00:00,0.13456455,0.07401883666666668
2024-06-01 00:00:00+00:00,0.11041250000000001,0.07615652
2024-06-02 00:00:00+00:00,0.10950000000000001,0.07946853000000001
2024-06-03 00:00:00+00:00,0.12459274999999999,0.08162348999999999
2024-06-04 00:00:00+00:00,0.11682920000000001,0.0841252
2024-06-05 00:00:00+00:00,0.14458744999999998,0.08805454666666666
2024-06-06 00:00:00+00:00,0.11755919999999999,0.08994463833333334
2024-06-07 00:00:00+00:00,0.1101059,0.09121362166666666
2024-06-08 00:00:00+00:00,0.10950000000000001,0.092890675
2024-06-09 00:00:00+00:00,0.10950000000000001,0.09476276000000002
2024-06-10 00:00:00+00:00,0.10950000000000001,0.09625694833333334
2024-06-11 00:00:00+00:00,0.10950000000000001,0.098029145
2024-06-12 00:00:00+00:00,0.10950000000000001,0.09831871166666667
2024-06-13 00:00:00+00:00,0.10950000000000001,0.09901732166666669
2024-06-14 00:00:00+00:00,0.10950000000000001,0.10120878166666668
2024-06-15 00:00:00+00:00,0.10950000000000001,0.10354551166666667
2024-06-16 00:00:00+00:00,0.10950000000000001,0.10656722500000002
2024-06-17 00:00:00+00:00,0.10950000000000001,0.109262385
2024-06-18 00:00:00+00:00,0.1030614,0.11107619166666667
2024-06-19 00:00:00+00:00,0.06239310000000001,0.11186167166666668
2024-06-20 00:00:00+00:00,0.061195900000000004,0.11018863333333333
2024-06-21 00:00:00+00:00,0.07545280000000001,0.10835304833333334
2024-06-22 00:00:00+00:00,0.0881329,0.10764081166666667
2024-06-23 00:00:00+00:00,0.06198795,0.10605707666666668
2024-06-24 00:00:00+00:00,0.0986303,0.10569475333333335
2024-06-25 00:00:00+00:00,0.0771902,0.10461776
2024-06-26 00:00:00+00:00,0.10950000000000001,0.10461776000000002
2024-06-27 00:00:00+00:00,0.10950000000000001,0.10461776
2024-06-28 00:00:00+00:00,0.10950000000000001,0.10430653666666667
2024-06-29 00:00:00+00:00,0.10950000000000001,0.10430653666666669
2024-06-30 00:00:00+00:00,0.10950000000000001,0.10347105166666666
2024-07-01 00:00:00+00:00,0.10950000000000001,0.10344063500000002
2024-07-02 00:00:00+00:00,0.10950000000000001,0.10344063500000002
2024-07-03 00:00:00+00:00,0.10950000000000001,0.10293754333333334
2024-07-04 00:00:00+00:00,0.10950000000000001,0.10269323666666667
2024-07-05 00:00:00+00:00,0.07943130000000001,0.10052136500000002
2024-07-06 00:00:00+00:00,0.06019215,0.09860913000000002
2024-07-07 00:00:00+00:00,0.1027986,0.09836555333333336
2024-07-08 00:00:00+00:00,0.09536354999999999,0.09789433833333334
2024-07-09 00:00:00+00:00,0.07614265,0.09678242666666667
2024-07-10 00:00:00+00:00,0.0901915,0.09613881
2024-07-11 00:00:00+00:00,0.10950000000000001,0.09613881000000002
2024-07-12 00:00:00+00:00,0.04905965,0.09412413166666668
2024-07-13 00:00:00+00:00,0.0919216,0.09353818500000001
2024-07-14 00:00:00+00:00,0.07587985,0.09241751333333334
2024-07-15 00:00:00+00:00,0.0265647,0.08965300333333334
2024-07-16 00:00:00+00:00,0.023611850000000004,0.086790065
2024-07-17 00:00:00+00:00,0.0018213499999999994,0.08320077666666668
2024-07-18 00:00:00+00:00,0.019571300000000003,0.08041777333333334
2024-07-19 00:00:00+00:00,0.0492385,0.07997928666666668
2024-07-20 00:00:00+00:00,0.0017848500000000008,0.07799891833333335
2024-07-21 00:00:00+00:00,-0.00902645,0.07518294333333334
2024-07-22 00:00:00+00:00,0.06518170000000001,0.07441790333333334
2024-07-23 00:00:00+00:00,0.04986265,0.07401372666666667
2024-07-24 00:00:00+00:00,0.10950000000000001,0.07437605
2024-07-25 00:00:00+00:00,0.10950000000000001,0.07545304333333334
2024-07-26 00:00:00+00:00,0.08519100000000002,0.07464274333333334
2024-07-27 00:00:00+00:00,0.0864247,0.07387356666666668
2024-07-28 00:00:00+00:00,0.07358765,0.07267648833333333
2024-07-29 00:00:00+00:00,0.0875416,0.07194454166666667
2024-07-30 00:00:00+00:00,0.05346885,0.07007683666666667
2024-07-31 00:00:00+00:00,0.051344549999999996,0.06813832166666667
2024-08-01 00:00:00+00:00,0.10295919999999999,0.067920295
2024-08-02 00:00:00+00:00,0.10950000000000001,0.06792029499999999
2024-08-03 00:00:00+00:00,0.08772775000000001,0.06719455333333334
2024-08-04 00:00:00+00:00,0.09250195000000001,0.06763024166666667
2024-08-05 00:00:00+00:00,0.0744454,0.06810535
2024-08-06 00:00:00+00:00,0.0190019,0.06531212666666666
2024-08-07 00:00:00+00:00,-0.0158702,0.061604335
2024-08-08 00:00:00+00:00,0.0250755,0.05990209666666667
2024-08-09 00:00:00+00:00,0.0438876,0.05835863333333333
2024-08-10 00:00:00+00:00,-0.026535500000000004,0.05382411666666667
2024-08-11 00:00:00+00:00,0.01239175,0.05260185333333334
2024-08-12 00:00:00+00:00,0.0279517,0.050469523333333335
2024-08-13 00:00:00+00:00,0.010070349999999999,0.04827587333333334
2024-08-14 00:00:00+00:00,-0.029159849999999998,0.04641838833333334
2024-08-15 00:00:00+00:00,-0.0304045,0.04461784333333333
2024-08-16 00:00:00+00:00,-0.07000334999999999,0.04222368666666667
2024-08-17 00:00:00+00:00,0.021670050000000003,0.042293645
2024-08-18 00:00:00+00:00,-0.0018468999999999983,0.04059079833333333
2024-08-19 00:00:00+00:00,-0.04497895,0.039032005
2024-08-20 00:00:00+00:00,0.0004087999999999998,0.039346513333333326
2024-08-21 00:00:00+00:00,-0.025371150000000002,0.036328084999999996
2024-08-22 00:00:00+00:00,-0.029754799999999998,0.03367417000000001
2024-08-23 00:00:00+00:00,-0.01918075,0.029384811666666667
2024-08-24 00:00:00+00:00,0.017884999999999998,0.026330978333333335
2024-08-25 00:00:00+00:00,-0.011785849999999999,0.023098416666666666
2024-08-26 00:00:00+00:00,0.0353174,0.021394840000000002
2024-08-27 00:00:00+00:00,0.044891350000000003,0.020438296666666668
2024-08-28 00:00:00+00:00,-0.01177855,0.017127625
2024-08-29 00:00:00+00:00,-0.0075226500000000005,0.015094575
2024-08-30 00:00:00+00:00,0.02715965,0.014288411666666667
2024-08-31 00:00:00+00:00,0.02054585,0.0115413
2024-09-01 00:00:00+00:00,0.0010913500000000016,0.007927678333333334
2024-09-02 00:00:00+00:00,-0.012778649999999999,0.004577465000000001
2024-09-03 00:00:00+00:00,0.0582759,0.003436596666666667
2024-09-04 00:00:00+00:00,0.00652985,0.0011727450000000004
2024-09-05 00:00:00+00:00,0.04938815,0.00218562
2024-09-06 00:00:00+00:00,0.013530549999999999,0.0031656450000000004
2024-09-07 00:00:00+00:00,-0.05630855000000001,0.00045284333333333313
2024-09-08 00:00:00+00:00,-0.02737135,-0.0019224550000000002
2024-09-09 00:00:00+00:00,-0.0677732,-0.003297045
2024-09-10 00:00:00+00:00,-0.036806599999999995,-0.0049369900000000005
2024-09-11 00:00:00+00:00,-0.05990380000000001,-0.007865506666666668
2024-09-12 00:00:00+00:00,-0.019881549999999998,-0.008863903333333334
2024-09-13 00:00:00+00:00,-0.012340650000000002,-0.008303263333333333
2024-09-14 00:00:00+00:00,-0.0201261,-0.007960650000000001
2024-09-15 00:00:00+00:00,-0.0003212,-0.005637911666666667
2024-09-16 00:00:00+00:00,0.046457200000000004,-0.004811673333333334
2024-09-17 00:00:00+00:00,0.05754955,-0.0028317916666666674
2024-09-18 00:00:00+00:00,0.0279955,-0.00039931000000000065
2024-09-19 00:00:00+00:00,0.03844545,0.0008685783333333327
2024-09-20 00:00:00+00:00,0.04783325000000001,0.0033087249999999993
2024-09-21 00:00:00+00:00,0.08348280000000001,0.0070833116666666664
2024-09-22 00:00:00+00:00,0.07692739999999999,0.010286916666666666
2024-09-23 00:00:00+00:00,0.0482311,0.011298453333333335
2024-09-24 00:00:00+00:00,0.01838505,0.012304149999999998
2024-09-25 00:00:00+00:00,0.013505,0.01157707
2024-09-26 00:00:00+00:00,0.06532039999999999,0.012258038333333332
2024-09-27 00:00:00+00:00,0.06933905000000001,0.014961958333333332
2024-09-28 00:00:00+00:00,0.05536685,0.017058275
2024-09-29 00:00:00+00:00,0.0405369,0.017504183333333333
2024-09-30 00:00:00+00:00,0.0767084,0.01937626833333333
2024-10-01 00:00:00+00:00,0.10950000000000001,0.02298989
2024-10-02 00:00:00+00:00,0.0847968,0.026242405
2024-10-03 00:00:00+00:00,0.047877050000000004,0.02589577666666667
2024-10-04 00:00:00+00:00,0.03452535,0.02682896
2024-10-05 00:00:00+00:00,0.00128845,0.025225636666666666
2024-10-06 00:00:00+00:00,0.029346,0.025752818333333333
2024-10-07 00:00:00+00:00,0.0211627,0.028335193333333335
2024-10-08 00:00:00+00:00,0.0493334,0.030892018333333333
2024-10-09 00:00:00+00:00,0.08423105,0.03595882666666667
2024-10-10 00:00:00+00:00,0.049720299999999995,0.03884305666666667
2024-10-11 00:00:00+00:00,0.0017410500000000007,0.040897885
2024-10-12 00:00:00+00:00,0.039175449999999994,0.04286645166666667
2024-10-13 00:00:00+00:00,0.02288185,0.044040535
2024-10-14 00:00:00+00:00,0.09281585,0.047805266666666665
2024-10-15 00:00:00+00:00,0.10950000000000001,0.05146597333333334
2024-10-16 00:00:00+00:00,0.09791125000000002,0.05318110833333333
2024-10-17 00:00:00+00:00,0.10950000000000001,0.05491279000000001
2024-10-18 00:00:00+00:00,0.10950000000000001,0.05762960666666667
2024-10-19 00:00:00+00:00,0.10950000000000001,0.05999809166666667
2024-10-20 00:00:00+00:00,0.10950000000000001,0.06205365
2024-10-21 00:00:00+00:00,0.10950000000000001,0.06292089
2024-10-22 00:00:00+00:00,0.10950000000000001,0.06400664333333334
2024-10-23 00:00:00+00:00,0.10950000000000001,0.06604894
2024-10-24 00:00:00+00:00,0.10950000000000001,0.06908610500000001
2024-10-25 00:00:00+00:00,0.10950000000000001,0.07228593833333334
2024-10-26 00:00:00+00:00,0.08148259999999999,0.07282467833333334
2024-10-27 00:00:00+00:00,0.1084926,0.07412979666666668
2024-10-28 00:00:00+00:00,0.10355415,0.07573604
2024-10-29 00:00:00+00:00,0.10950000000000001,0.07803481
2024-10-30 00:00:00+00:00,0.10950000000000001,0.07912786333333335
2024-10-31 00:00:00+00:00,0.10950000000000001,0.07912786333333334
2024-11-01 00:00:00+00:00,0.10950000000000001,0.07995130333333335
2024-11-02 00:00:00+00:00,0.10950000000000001,0.08200540166666669
2024-11-03 00:00:00+00:00,0.10950000000000001,0.08450455666666667
2024-11-04 00:00:00+00:00,0.10950000000000001,0.08811160833333334
2024-11-05 00:00:00+00:00,0.10950000000000001,0.09078340833333336
2024-11-06 00:00:00+00:00,0.10950000000000001,0.093727985
2024-11-07 00:00:00+00:00,0.10950000000000001,0.09573353833333334
2024-11-08 00:00:00+00:00,0.10950000000000001,0.09657583666666668
2024-11-09 00:00:00+00:00,0.10950000000000001,0.09856849333333334
2024-11-10 00:00:00+00:00,0.1814634,0.10455923833333335
2024-11-11 00:00:00+00:00,0.20760469999999998,0.11017354666666668
2024-11-12 00:00:00+00:00,0.4804276,0.12542507166666667
2024-11-13 00:00:00+00:00,0.16409305,0.12780097833333334
2024-11-14 00:00:00+00:00,0.10950000000000001,0.12780097833333334
2024-11-15 00:00:00+00:00,0.11306605,0.12830613833333335
2024-11-16 00:00:00+00:00,0.12129315000000002,0.12869924333333332
2024-11-17 00:00:00+00:00,0.13264830000000002,0.12947085333333336
2024-11-18 00:00:00+00:00,0.2473532,0.13406596
2024-11-19 00:00:00+00:00,0.25470065,0.13890598166666665
2024-11-20 00:00:00+00:00,0.10950000000000001,0.1389059816666667
2024-11-21 00:00:00+00:00,0.10950000000000001,0.13890598166666665
2024-11-22 00:00:00+00:00,0.10950000000000001,0.13890598166666665
2024-11-23 00:00:00+00:00,0.10950000000000001,0.1389059816666667
2024-11-24 00:00:00+00:00,0.1802224,0.141263395
2024-11-25 00:00:00+00:00,0.20537819999999998,0.14539324833333336
2024-11-26 00:00:00+00:00,0.25344504999999995,0.1502249966666667
2024-11-27 00:00:00+00:00,0.2117,0.15382985833333332
2024-11-28 00:00:00+00:00,0.13207525,0.15458236666666667
2024-11-29 00:00:00+00:00,0.19814755,0.15753728500000003
2024-11-30 00:00:00+00:00,0.13859780000000002,0.15850721166666665
2024-12-01 00:00:00+00:00,0.16600930000000003,0.160390855
2024-12-02 00:00:00+00:00,0.23239184999999998,0.16448725000000003
2024-12-03 00:00:00+00:00,0.18124805,0.16687885166666666
2024-12-04 00:00:00+00:00,0.27784529999999996,0.17249036166666668
2024-12-05 00:00:00+00:00,0.5370245,0.18674117833333334
2024-12-06 00:00:00+00:00,0.1264141,0.18730498166666668
2024-12-07 00:00:00+00:00,0.21329140000000002,0.19076469499999998
2024-12-08 00:00:00+00:00,0.18665005,0.19333636333333334
2024-12-09 00:00:00+00:00,0.22834400000000002,0.19729783
2024-12-10 00:00:00+00:00,0.10950000000000001,0.19489905
2024-12-11 00:00:00+00:00,0.10950000000000001,0.19162889333333333
2024-12-12 00:00:00+00:00,0.10950000000000001,0.17926464
2024-12-13 00:00:00+00:00,0.10950000000000001,0.17744487166666667
2024-12-14 00:00:00+00:00,0.0976375,0.17704945500000002
2024-12-15 00:00:00+00:00,0.1029081,0.17671085666666667
2024-12-16 00:00:00+00:00,0.10651065,0.17621810666666668
2024-12-17 00:00:00+00:00,0.1017109,0.17518686
2024-12-18 00:00:00+00:00,0.10643034999999999,0.1704894316666667
2024-12-19 00:00:00+00:00,0.10950000000000001,0.16564941
2024-12-20 00:00:00+00:00,0.10950000000000001,0.16564941
2024-12-21 00:00:00+00:00,0.07740190000000001,0.16457947333333334
2024-12-22 00:00:00+00:00,0.10814585,0.164534335
2024-12-23 00:00:00+00:00,0.10578065,0.16441035666666665
2024-12-24 00:00:00+00:00,0.10950000000000001,0.16205294333333334
2024-12-25 00:00:00+00:00,0.10950000000000001,0.15885700333333333
2024-12-26 00:00:00+00:00,0.09440725000000001,0.15355574333333333
2024-12-27 00:00:00+00:00,0.10950000000000001,0.1501490766666667
2024-12-28 00:00:00+00:00,0.0832638,0.14852202833333333
2024-12-29 00:00:00+00:00,0.10224745,0.14532535833333332
2024-12-30 00:00:00+00:00,0.06843385,0.14298656
2024-12-31 00:00:00+00:00,0.10950000000000001,0.14110291666666666
2025-01-01 00:00:00+00:00,0.10950000000000001,0.13700652166666666
2025-01-02 00:00:00+00:00,0.10950000000000001,0.13461492
2025-01-03 00:00:00+00:00,0.0921333,0.12842452000000001
2025-01-04 00:00:00+00:00,0.06751405,0.11277417166666667
2025-01-05 00:00:00+00:00,0.103368,0.11200596833333334
2025-01-06 00:00:00+00:00,0.10950000000000001,0.10854625500000001
2025-01-07 00:00:00+00:00,0.09921429999999999,0.10563173000000001
2025-01-08 00:00:00+00:00,0.10950000000000001,0.10167026333333334
2025-01-09 00:00:00+00:00,0.07040850000000001,0.10036721333333334
2025-01-10 00:00:00+00:00,0.0400916,0.0980536
2025-01-11 00:00:00+00:00,0.04505195,0.09590533166666668
2025-01-12 00:00:00+00:00,0.0542609,0.09406402833333334
2025-01-13 00:00:00+00:00,0.04794639999999999,0.09240765833333334
2025-01-14 00:00:00+00:00,0.10766040000000002,0.09256606833333335
2025-01-15 00:00:00+00:00,0.0716422,0.09140378666666667
2025-01-16 00:00:00+00:00,0.0470631,0.08958219333333334
2025-01-17 00:00:00+00:00,0.06356474999999999,0.08815334000000001
2025-01-18 00:00:00+00:00,0.09748055,0.08775269166666667
2025-01-19 00:00:00+00:00,0.10950000000000001,0.08775269166666667
2025-01-20 00:00:00+00:00,0.10950000000000001,0.08882262833333335
2025-01-21 00:00:00+00:00,0.10950000000000001,0.08886776666666667
2025-01-22 00:00:00+00:00,0.10950000000000001,0.088991745
2025-01-23 00:00:00+00:00,0.0995355,0.08865959500000001
2025-01-24 00:00:00+00:00,0.06355015,0.08712793333333334
2025-01-25 00:00:00+00:00,0.08022335,0.08665513666666666
2025-01-26 00:00:00+00:00,0.0978419,0.08626653333333335
2025-01-27 00:00:00+00:00,0.0470631,0.08505984333333334
2025-01-28 00:00:00+00:00,0.0860013,0.084518305
2025-01-29 00:00:00+00:00,0.10931385,0.08588097166666667
2025-01-30 00:00:00+00:00,0.09887484999999999,0.0855268
2025-01-31 00:00:00+00:00,0.07747124999999999,0.08445917500000001
2025-02-01 00:00:00+00:00,0.07093775000000001,0.08317376666666668
2025-02-02 00:00:00+00:00,0.030451950000000002,0.08111772166666667
2025-02-03 00:00:00+00:00,0.09068425,0.08189006166666667
2025-02-04 00:00:00+00:00,0.049457499999999995,0.080093045
2025-02-05 00:00:00+00:00,0.02161895,0.07716367666666667
2025-02-06 00:00:00+00:00,0.028656150000000002,0.07481173833333334
2025-02-07 00:00:00+00:00,0.07350735000000001,0.07361198333333334
2025-02-08 00:00:00+00:00,-0.00963235,0.07094395499999999
2025-02-09 00:00:00+00:00,0.059538799999999996,0.07159219500000001
2025-02-10 00:00:00+00:00,0.06728775000000001,0.07233338833333333
2025-02-11 00:00:00+00:00,0.0323463,0.07160290166666666
2025-02-12 00:00:00+00:00,0.04072305,0.07136212333333332
2025-02-13 00:00:00+00:00,0.0544653,0.06958895333333333
2025-02-14 00:00:00+00:00,0.060965950000000005,0.06923307833333334
2025-02-15 00:00:00+00:00,0.025867550000000003,0.06852656000000001
2025-02-16 00:00:00+00:00,0.026904149999999998,0.06730454000000001
2025-02-17 00:00:00+00:00,0.05345425,0.06583699666666668
2025-02-18 00:00:00+00:00,0.10763120000000001,0.06577470333333334
2025-02-19 00:00:00+00:00,0.0866729,0.0650138
2025-02-20 00:00:00+00:00,0.04757775,0.062949725
2025-02-21 00:00:00+00:00,0.008438800000000002,0.05958101833333333
2025-02-22 00:00:00+00:00,0.0685616,0.058548555
2025-02-23 00:00:00+00:00,0.0318645,0.05749236666666667
2025-02-24 00:00:00+00:00,0.021757649999999996,0.05554351
2025-02-25 00:00:00+00:00,0.0606995,0.05430543
2025-02-26 00:00:00+00:00,0.0712699,0.05511232333333333
2025-02-27 00:00:00+00:00,0.06614165,0.054450334999999996
2025-02-28 00:00:00+00:00,0.0678608,0.05306856666666667
2025-03-01 00:00:00+00:00,-0.025477,0.048923505
2025-03-02 00:00:00+00:00,-0.024622900000000003,0.04552036666666667
2025-03-03 00:00:00+00:00,0.001989249999999999,0.043222083333333335
2025-03-04 00:00:00+00:00,-0.0017884999999999995,0.04214740166666666
2025-03-05 00:00:00+00:00,0.04329995,0.04056792499999999
2025-03-06 00:00:00+00:00,0.06120685000000001,0.040959569999999994
2025-03-07 00:00:00+00:00,-0.00044895000000000004,0.040223973333333336
2025-03-08 00:00:00+00:00,0.02521785,0.040109363333333335
2025-03-09 00:00:00+00:00,0.03810235000000001,0.03892919666666667
2025-03-10 00:00:00+00:00,0.034065450000000004,0.04038579
2025-03-11 00:00:00+00:00,0.06099515,0.040434335
2025-03-12 00:00:00+00:00,0.0379746,0.03945723
2025-03-13 00:00:00+00:00,0.02076485,0.03907118166666666
2025-03-14 00:00:00+00:00,0.040420099999999994,0.03906108333333333
2025-03-15 00:00:00+00:00,-0.031919249999999996,0.036181598333333335
2025-03-16 00:00:00+00:00,0.02158975,0.034869058333333335
2025-03-17 00:00:00+00:00,0.037952700000000006,0.03527189666666666
2025-03-18 00:00:00+00:00,0.0229074,0.03513867166666666
2025-03-19 00:00:00+00:00,0.04082525,0.034717705
2025-03-20 00:00:00+00:00,0.024893000000000002,0.031959765
2025-03-21 00:00:00+00:00,0.034518049999999995,0.03022127
2025-03-22 00:00:00+00:00,0.022476700000000002,0.029384568333333336
2025-03-23 00:00:00+00:00,0.02166275,0.02982536666666667
2025-03-24 00:00:00+00:00,0.01507085,0.028042341666666668
2025-03-25 00:00:00+00:00,-0.01048645,0.026630643333333332
2025-03-26 00:00:00+00:00,-0.01610745,0.025368473333333332
2025-03-27 00:00:00+00:00,0.017841199999999998,0.023939863333333332
2025-03-28 00:00:00+00:00,0.03374425000000001,0.022689008333333333
2025-03-29 00:00:00+00:00,0.0587942,0.022444093333333335
2025-03-30 00:00:00+00:00,0.0195494,0.020833713333333333
2025-03-31 00:00:00+00:00,0.0383542,0.02296142
2025-04-01 00:00:00+00:00,0.03804395,0.025050315000000004
2025-04-02 00:00:00+00:00,0.006048049999999999,0.025185608333333335
2025-04-03 00:00:00+00:00,0.0634516,0.02736027833333333
2025-04-04 00:00:00+00:00,0.062258049999999995,0.027992215
2025-04-05 00:00:00+00:00,0.05987459999999999,0.02794780666666667
2025-04-06 00:00:00+00:00,0.01818065,0.028568793333333332
2025-04-07 00:00:00+00:00,0.06132365000000001,0.02977232
2025-04-08 00:00:00+00:00,0.03935795,0.029814173333333336
2025-04-09 00:00:00+00:00,0.0517278,0.03040291833333333
2025-04-10 00:00:00+00:00,0.0532681,0.03014535
2025-04-11 00:00:00+00:00,0.0038726500000000005,0.029008618333333337
2025-04-12 00:00:00+00:00,0.0535893,0.030102766666666666
2025-04-13 00:00:00+00:00,0.0844172,0.03156933666666666
2025-04-14 00:00:00+00:00,0.0644882,0.034782918333333336
2025-04-15 00:00:00+00:00,0.023418400000000002,0.03484387333333334
2025-04-16 00:00:00+00:00,0.041328949999999996,0.034956415000000005
2025-04-17 00:00:00+00:00,0.0383542,0.03547130833333333
2025-04-18 00:00:00+00:00,0.0432671,0.03555270333333334
2025-04-19 00:00:00+00:00,0.02555365,0.035574725
2025-04-20 00:00:00+00:00,-0.013264100000000001,0.033981986666666665
2025-04-21 00:00:00+00:00,0.044486200000000004,0.03471563666666667
2025-04-22 00:00:00+00:00,-0.00014599999999999862,0.033988678333333334
2025-04-23 00:00:00+00:00,0.016687800000000003,0.034042576666666664
2025-04-24 00:00:00+00:00,0.0013650999999999993,0.03443762833333333
2025-04-25 00:00:00+00:00,-0.0053801000000000005,0.03479520666666667
2025-04-26 00:00:00+00:00,-0.0365146,0.03298334666666666
2025-04-27 00:00:00+00:00,-0.009420650000000003,0.03154451666666667
2025-04-28 00:00:00+00:00,-0.0189873,0.028951800000000003
2025-04-29 00:00:00+00:00,0.0034492499999999996,0.02841512833333333
2025-04-30 00:00:00+00:00,-0.02204235,0.026401909999999997
2025-05-01 00:00:00+00:00,0.0045479,0.025285375
2025-05-02 00:00:00+00:00,-0.11060595000000001,0.021396908333333332
2025-05-03 00:00:00+00:00,-0.015468699999999998,0.018766231666666668
2025-05-04 00:00:00+00:00,0.0268056,0.01758448333333333
2025-05-05 00:00:00+00:00,-0.003704750000000001,0.015465171666666666
2025-05-06 00:00:00+00:00,0.026188750000000004,0.015732108333333335
2025-05-07 00:00:00+00:00,0.00917245,0.013993735
2025-05-08 00:00:00+00:00,0.04618710000000001,0.014221373333333334
2025-05-09 00:00:00+00:00,0.08897970000000001,0.015463103333333336
2025-05-10 00:00:00+00:00,0.08728609999999999,0.016597036666666665
2025-05-11 00:00:00+00:00,0.0881475,0.019406198333333333
2025-05-12 00:00:00+00:00,0.06115575,0.019658413333333336
2025-05-13 00:00:00+00:00,0.08797595,0.019777038333333333
2025-05-14 00:00:00+00:00,0.0753287,0.02013838833333333
2025-05-15 00:00:00+00:00,0.03559845,0.020544390000000003
2025-05-16 00:00:00+00:00,0.061345550000000006,0.02121161
2025-05-17 00:00:00+00:00,0.0246667,0.02075536
2025-05-18 00:00:00+00:00,0.08265425,0.022068265
2025-05-19 00:00:00+00:00,0.051611,0.022936843333333335
2025-05-20 00:00:00+00:00,0.06114115,0.025417018333333333
2025-05-21 00:00:00+00:00,0.07677045,0.02649316
2025-05-22 00:00:00+00:00,0.10950000000000001,0.030148026666666664
2025-05-23 00:00:00+00:00,0.09196539999999999,0.032657280000000004
2025-05-24 00:00:00+00:00,0.05822115,0.03455248166666667
2025-05-25 00:00:00+00:00,0.06773669999999998,0.036989708333333336
2025-05-26 00:00:00+00:00,0.09896245000000001,0.04150561
2025-05-27 00:00:00+00:00,0.06348079999999999,0.043935658333333336
2025-05-28 00:00:00+00:00,0.0393908,0.045881595
2025-05-29 00:00:00+00:00,0.052476049999999996,0.04751582166666667
2025-05-30 00:00:00+00:00,0.05059995,0.049937231666666665
2025-05-31 00:00:00+00:00,0.07571925,0.05230961
2025-06-01 00:00:00+00:00,0.0214255,0.05671065833333333
2025-06-02 00:00:00+00:00,0.034375699999999995,0.05837213833333333
2025-06-03 00:00:00+00:00,0.056673549999999996,0.059367736666666664
2025-06-04 00:00:00+00:00,0.0130013,0.05992460499999999
2025-06-05 00:00:00+00:00,0.02956865,0.06003726833333333
2025-06-06 00:00:00+00:00,-0.034733400000000005,0.058573740000000006
2025-06-07 00:00:00+00:00,-0.0210021,0.056334100000000005
2025-06-08 00:00:00+00:00,0.024889350000000005,0.054197755
2025-06-09 00:00:00+00:00,0.017947050000000003,0.05188645333333333
2025-06-10 00:00:00+00:00,0.08956735,0.051933781666666665
2025-06-11 00:00:00+00:00,0.0810592,0.05259723
2025-06-12 00:00:00+00:00,0.037598650000000004,0.050917986666666665
2025-06-13 00:00:00+00:00,0.006518899999999999,0.04862432666666667
2025-06-14 00:00:00+00:00,0.025371150000000002,0.04828341666666667
2025-06-15 00:00:00+00:00,0.01885955,0.04686721666666667
2025-06-16 00:00:00+00:00,0.03211635,0.04711553833333333
2025-06-17 00:00:00+00:00,0.035894100000000005,0.04555686666666667
2025-06-18 00:00:00+00:00,0.03151775,0.04488709166666667
2025-06-19 00:00:00+00:00,0.014078050000000002,0.043318321666666666
2025-06-20 00:00:00+00:00,0.05046855000000001,0.042441591666666674
2025-06-21 00:00:00+00:00,0.0487275,0.04041584166666666
2025-06-22 00:00:00+00:00,0.0621522,0.03942206833333333
2025-06-23 00:00:00+00:00,0.003719350000000001,0.03760534166666666
2025-06-24 00:00:00+00:00,0.0106215,0.03570150166666666
2025-06-25 00:00:00+00:00,0.0019527500000000005,0.032467845
2025-06-26 00:00:00+00:00,0.016892200000000003,0.030914891666666666
2025-06-27 00:00:00+00:00,0.023115450000000003,0.030372379999999997
2025-06-28 00:00:00+00:00,0.034039900000000005,0.029757841666666666
2025-06-29 00:00:00+00:00,0.0606265,0.03009206
2025-06-30 00:00:00+00:00,0.0327259,0.028658948333333333
2025-07-01 00:00:00+00:00,0.0237104,0.028735111666666664
2025-07-02 00:00:00+00:00,0.034090999999999996,0.028725621666666666
2025-07-03 00:00:00+00:00,0.04913265000000001,0.028474258333333332
2025-07-04 00:00:00+00:00,0.043931399999999995,0.029505261666666668
2025-07-05 00:00:00+00:00,0.029659899999999996,0.029508303333333333
2025-07-06 00:00:00+00:00,0.016914099999999998,0.031229886666666668
2025-07-07 00:00:00+00:00,0.03675185,0.033155018333333335
2025-07-08 00:00:00+00:00,0.03371505,0.033449208333333334
2025-07-09 00:00:00+00:00,0.0392083,0.03415791666666667
2025-07-10 00:00:00+00:00,0.07457314999999999,0.03365811
2025-07-11 00:00:00+00:00,0.10950000000000001,0.03460613666666667
2025-07-12 00:00:00+00:00,0.10950000000000001,0.03700284833333333
2025-07-13 00:00:00+00:00,0.10950000000000001,0.04043555166666667
2025-07-14 00:00:00+00:00,0.10238615,0.043002718333333335
2025-07-15 00:00:00+00:00,0.10950000000000001,0.046024066666666676
2025-07-16 00:00:00+00:00,0.10950000000000001,0.04860352166666667
2025-07-17 00:00:00+00:00,0.10950000000000001,0.051057051666666665
2025-07-18 00:00:00+00:00,0.10950000000000001,0.05365646
2025-07-19 00:00:00+00:00,0.10950000000000001,0.05683719166666667
2025-07-20 00:00:00+00:00,0.10950000000000001,0.05880490666666668
2025-07-21 00:00:00+00:00,0.10950000000000001,0.06083065666666667
2025-07-22 00:00:00+00:00,0.10950000000000001,0.06240891666666667
2025-07-23 00:00:00+00:00,0.10950000000000001,0.06593493833333335
2025-07-24 00:00:00+00:00,0.10950000000000001,0.06923088833333334
2025-07-25 00:00:00+00:00,0.10950000000000001,0.07281579666666667
2025-07-26 00:00:00+00:00,0.10950000000000001,0.07590272333333334
2025-07-27 00:00:00+00:00,0.10950000000000001,0.07878220833333335
2025-07-28 00:00:00+00:00,0.10950000000000001,0.081297545
2025-07-29 00:00:00+00:00,0.10950000000000001,0.08292666166666667
2025-07-30 00:00:00+00:00,0.10950000000000001,0.08548579833333333
2025-07-31 00:00:00+00:00,0.0937831,0.08782155500000002
2025-08-01 00:00:00+00:00,0.0212503,0.08739353166666668
2025-08-02 00:00:00+00:00,0.037014649999999996,0.08698959833333333
2025-08-03 00:00:00+00:00,0.06449550000000001,0.08767506833333334
2025-08-04 00:00:00+00:00,0.05043935,0.08836771666666668
2025-08-05 00:00:00+00:00,0.07473010000000001,0.09029491666666668
2025-08-06 00:00:00+00:00,0.08298275000000001,0.09183594666666667
2025-08-07 00:00:00+00:00,0.06822579999999999,0.092986305
2025-08-08 00:00:00+00:00,0.04418324999999999,0.09315213666666668
2025-08-09 00:00:00+00:00,0.08421645,0.09347358
2025-08-10 00:00:00+00:00,0.10894885,0.09345520833333334
2025-08-11 00:00:00+00:00,0.10950000000000001,0.09345520833333334
2025-08-12 00:00:00+00:00,0.09683815,0.09303314666666668
2025-08-13 00:00:00+00:00,0.09899895,0.09292024
2025-08-14 00:00:00+00:00,0.10950000000000001,0.09292024000000002
2025-08-15 00:00:00+00:00,0.04982615,0.09093111166666668
2025-08-16 00:00:00+00:00,0.09541465,0.0904616
2025-08-17 00:00:00+00:00,0.053830199999999995,0.08860594000000002
2025-08-18 00:00:00+00:00,0.027229,0.08586357333333333
2025-08-19 00:00:00+00:00,0.060465899999999996,0.08422910333333333
2025-08-20 00:00:00+00:00,0.03957695,0.08189833500000002
2025-08-21 00:00:00+00:00,0.059546100000000005,0.08023320500000002
2025-08-22 00:00:00+00:00,0.08454495000000001,0.07940137
2025-08-23 00:00:00+00:00,0.10844515,0.07936620833333333
2025-08-24 00:00:00+00:00,0.10950000000000001,0.07936620833333334
2025-08-25 00:00:00+00:00,0.10345560000000001,0.07916472833333334
2025-08-26 00:00:00+00:00,0.0672403,0.07775607166666668
2025-08-27 00:00:00+00:00,0.03942365,0.07542019333333334
2025-08-28 00:00:00+00:00,0.08213229999999999,0.07450793666666668
2025-08-29 00:00:00+00:00,0.039277650000000004,0.07216719166666666
2025-08-30 00:00:00+00:00,0.0859356,0.07190560833333333
2025-08-31 00:00:00+00:00,0.04933705,0.07284183333333334
2025-09-01 00:00:00+00:00,0.07162394999999999,0.07399547666666666
2025-09-02 00:00:00+00:00,0.08069054999999999,0.07453531166666667
2025-09-03 00:00:00+00:00,0.030068700000000004,0.07385628999999999
2025-09-04 00:00:00+00:00,0.0515891,0.07308492333333333
2025-09-05 00:00:00+00:00,0.0927246,0.07340965166666667
2025-09-06 00:00:00+00:00,0.044044549999999995,0.07260361000000001
2025-09-07 00:00:00+00:00,0.04580750000000001,0.07265775166666667
2025-09-08 00:00:00+00:00,0.08539905,0.07269717166666667
2025-09-09 00:00:00+00:00,0.08686635,0.07196108833333333
2025-09-10 00:00:00+00:00,0.07603315000000001,0.07084552666666667
2025-09-11 00:00:00+00:00,0.0490998,0.06925424833333334
2025-09-12 00:00:00+00:00,0.0613054,0.06799779666666667
2025-09-13 00:00:00+00:00,0.0139941,0.06481426666666666
2025-09-14 00:00:00+00:00,0.05868105,0.06510943
2025-09-15 00:00:00+00:00,0.08269075000000001,0.0646853
2025-09-16 00:00:00+00:00,0.052779,0.06465026
2025-09-17 00:00:00+00:00,0.0792634,0.06638474
2025-09-18 00:00:00+00:00,0.06598105,0.06656857833333334
2025-09-19 00:00:00+00:00,0.026068299999999996,0.06611829
2025-09-20 00:00:00+00:00,0.0099426,0.06446484000000001
2025-09-21 00:00:00+00:00,0.0035879499999999986,0.06176627333333333
2025-09-22 00:00:00+00:00,0.0483479,0.05976303166666667
2025-09-23 00:00:00+00:00,0.07892394999999999,0.05874382999999999
2025-09-24 00:00:00+00:00,0.06185655,0.057357195
2025-09-25 00:00:00+00:00,0.040405500000000004,0.05646270166666666
2025-09-26 00:00:00+00:00,0.055549350000000004,0.057000225
2025-09-27 00:00:00+00:00,0.041011399999999996,0.05562952833333333
2025-09-28 00:00:00+00:00,0.049461149999999995,0.055968978333333336
2025-09-29 00:00:00+00:00,0.0133152,0.053548298333333334
2025-09-30 00:00:00+00:00,0.0395295,0.05322138
2025-10-01 00:00:00+00:00,0.0613638,0.052879375
2025-10-02 00:00:00+00:00,0.09974355,0.053514475
2025-10-03 00:00:00+00:00,0.10922989999999999,0.05615318166666667
2025-10-04 00:00:00+00:00,0.1033388,0.057878171666666665
2025-10-05 00:00:00+00:00,0.1029811,0.058220055
2025-10-06 00:00:00+00:00,0.08472015,0.05957590833333334
2025-10-07 00:00:00+00:00,0.0905273,0.061066568333333335
2025-10-08 00:00:00+00:00,0.0654737,0.06040239
2025-10-09 00:00:00+00:00,0.02974385,0.058498306666666666
2025-10-10 00:00:00+00:00,0.02072105,0.056654569999999994
2025-10-11 00:00:00+00:00,0.07470455,0.057508061666666666
2025-10-12 00:00:00+00:00,-0.04053324999999999,0.05411343999999999
2025-10-13 00:00:00+00:00,-0.013607199999999998,0.05319339666666667
2025-10-14 00:00:00+00:00,-0.028568549999999998,0.050285076666666664
2025-10-15 00:00:00+00:00,-0.004478549999999999,0.047379433333333325
2025-10-16 00:00:00+00:00,-0.02910875,0.04464984166666666
2025-10-17 00:00:00+00:00,-0.004416499999999999,0.04186051166666666
2025-10-18 00:00:00+00:00,-0.0542974,0.03785123
2025-10-19 00:00:00+00:00,0.010541199999999999,0.037333660000000005
2025-10-20 00:00:00+00:00,-0.010512,0.03665184
2025-10-21 00:00:00+00:00,-0.02135615,0.03582037
2025-10-22 00:00:00+00:00,0.014362749999999997,0.03468753166666667
2025-10-23 00:00:00+00:00,0.056637049999999994,0.033944635
2025-10-24 00:00:00+00:00,0.0306527,0.032904506666666666
2025-10-25 00:00:00+00:00,0.04407010000000001,0.03302666
2025-10-26 00:00:00+00:00,0.034098300000000005,0.032311625
2025-10-27 00:00:00+00:00,0.0996596,0.034266565
2025-10-28 00:00:00+00:00,0.06152805,0.034668795
2025-10-29 00:00:00+00:00,0.03124035,0.0352663
2025-10-30 00:00:00+00:00,0.0295942,0.03493512333333333
2025-10-31 00:00:00+00:00,0.07377745000000001,0.03534891166666666
2025-11-01 00:00:00+00:00,0.1087043,0.03564760333333334
2025-11-02 00:00:00+00:00,0.08024525,0.03468144833333333
2025-11-03 00:00:00+00:00,0.066722,0.03346088833333334
2025-11-04 00:00:00+00:00,0.08083655000000001,0.03272273666666667
2025-11-05 00:00:00+00:00,0.04664335,0.03145351
2025-11-06 00:00:00+00:00,0.05984175,0.030430658333333336
2025-11-07 00:00:00+00:00,0.06410495,0.030385033333333335
2025-11-08 00:00:00+00:00,0.05315495,0.031165403333333334
2025-11-09 00:00:00+00:00,0.04195675,0.03187326
2025-11-10 00:00:00+00:00,0.07739460000000001,0.031962928333333335
2025-11-11 00:00:00+00:00,0.0214109,0.03402773333333333
2025-11-12 00:00:00+00:00,0.03261275,0.03556839833333334
2025-11-13 00:00:00+00:00,0.06525105,0.03869571833333333
2025-11-14 00:00:00+00:00,0.09772145,0.042102385
2025-11-15 00:00:00+00:00,0.08916950000000001,0.04604499333333333
2025-11-16 00:00:00+00:00,0.09053825,0.04921015166666667
2025-11-17 00:00:00+00:00,0.09773240000000001,0.05427781166666667
2025-11-18 00:00:00+00:00,0.08659625,0.056812980000000006
2025-11-19 00:00:00+00:00,0.060181200000000004,0.05916942000000001
2025-11-20 00:00:00+00:00,0.08489170000000001,0.06271101500000001
2025-11-21 00:00:00+00:00,0.0417487,0.06362388000000001
2025-11-22 00:00:00+00:00,0.04805225,0.06333772
2025-11-23 00:00:00+00:00,0.011212800000000002,0.06268972333333334
2025-11-24 00:00:00+00:00,0.0178996,0.061817373333333335
2025-11-25 00:00:00+00:00,-0.02304245,0.05991268166666667
2025-11-26 00:00:00+00:00,0.032875549999999996,0.057686546666666665
2025-11-27 00:00:00+00:00,0.01618045,0.05617496
2025-11-28 00:00:00+00:00,0.02217375,0.055872740000000004
2025-11-29 00:00:00+00:00,0.008873149999999998,0.055182038333333336
2025-11-30 00:00:00+00:00,0.049340699999999994,0.05436748000000001
2025-12-01 00:00:00+00:00,0.03006505,0.05174617166666667
2025-12-02 00:00:00+00:00,0.020560449999999997,0.04975667833333334
2025-12-03 00:00:00+00:00,0.00579985,0.047725939999999994
2025-12-04 00:00:00+00:00,0.0400332,0.04636582833333334
2025-12-05 00:00:00+00:00,0.037127799999999996,0.04604864333333333
2025-12-06 00:00:00+00:00,0.0138335,0.044515035
2025-12-07 00:00:00+00:00,0.040405500000000004,0.04372505333333333
2025-12-08 00:00:00+00:00,0.03431365,0.04309701
2025-12-09 00:00:00+00:00,0.0462601,0.043240455
2025-12-10 00:00:00+00:00,0.0291197,0.041631291666666674
2025-12-11 00:00:00+00:00,0.02596245,0.04178301
2025-12-12 00:00:00+00:00,0.05473175,0.04252031
2025-12-13 00:00:00+00:00,0.0444643,0.04182741833333334
2025-12-14 00:00:00+00:00,0.060849150000000005,0.04059834166666666
2025-12-15 00:00:00+00:00,0.0086797,0.037915348333333335
2025-12-16 00:00:00+00:00,0.04710690000000001,0.036467636666666664
2025-12-17 00:00:00+00:00,0.07710625,0.03578009833333333
2025-12-18 00:00:00+00:00,0.050070699999999996,0.03456258
2025-12-19 00:00:00+00:00,0.09304215,0.035657944999999996
2025-12-20 00:00:00+00:00,0.06717825,0.03506749666666666
2025-12-21 00:00:00+00:00,0.08224179999999999,0.03641726666666666
2025-12-22 00:00:00+00:00,0.05681955,0.03670951
2025-12-23 00:00:00+00:00,0.03525535,0.03751092833333334
2025-12-24 00:00:00+00:00,0.0889943,0.03988075166666667
2025-12-25 00:00:00+00:00,0.0811322,0.043353239999999994
2025-12-26 00:00:00+00:00,0.07228825000000001,0.04466699666666667
2025-12-27 00:00:00+00:00,0.03813155,0.0453987
2025-12-28 00:00:00+00:00,0.06344794999999999,0.04677450666666667
2025-12-29 00:00:00+00:00,0.09061490000000001,0.04949923166666667
2025-12-30 00:00:00+00:00,0.0837967,0.050647765
2025-12-31 00:00:00+00:00,0.02965625,0.05063413833333333
2026-01-01 00:00:00+00:00,0.07924515,0.052590294999999995
2026-01-02 00:00:00+00:00,0.053436000000000004,0.054178166666666666
2026-01-03 00:00:00+00:00,0.04052595,0.05419459166666667
2026-01-04 00:00:00+00:00,0.07204005,0.05535833333333333
2026-01-05 00:00:00+00:00,0.0797379,0.05755514666666666
2026-01-06 00:00:00+00:00,0.01507815,0.056710901666666674
2026-01-07 00:00:00+00:00,0.07105455,0.05793559833333333
2026-01-08 00:00:00+00:00,0.09172084999999999,0.059450956666666666
2026-01-09 00:00:00+00:00,0.017019950000000002,0.05904763166666667
2026-01-10 00:00:00+00:00,0.07130275,0.060558974999999994
2026-01-11 00:00:00+00:00,0.05504565,0.06056943833333333
2026-01-12 00:00:00+00:00,0.03418225,0.06022670333333333
2026-01-13 00:00:00+00:00,0.0566772,0.06008763833333333
2026-01-14 00:00:00+00:00,0.024462300000000003,0.06061372499999999
2026-01-15 00:00:00+00:00,0.010614199999999999,0.059397301666666666
2026-01-16 00:00:00+00:00,0.06267779999999999,0.05891635333333334
2026-01-17 00:00:00+00:00,0.021188250000000002,0.057953605000000005
2026-01-18 00:00:00+00:00,0.0718685,0.057247816666666666
2026-01-19 00:00:00+00:00,0.028871499999999998,0.055970925
2026-01-20 00:00:00+00:00,0.08065405,0.055918
2026-01-21 00:00:00+00:00,0.06739725,0.05627059
2026-01-22 00:00:00+00:00,0.0762266,0.05763629833333333
2026-01-23 00:00:00+00:00,0.056385199999999996,0.056549328333333336
2026-01-24 00:00:00+00:00,0.052344650000000006,0.05558974333333334
2026-01-25 00:00:00+00:00,0.052209599999999995,0.05492045499999999
2026-01-26 00:00:00+00:00,0.045698,0.05517267
2026-01-27 00:00:00+00:00,0.0649627,0.055223161666666666
2026-01-28 00:00:00+00:00,0.05927965,0.05417865333333333
2026-01-29 00:00:00+00:00,0.06237485,0.053464591666666665
2026-01-30 00:00:00+00:00,0.023732299999999998,0.05326712666666667
2026-01-31 00:00:00+00:00,0.07236489999999998,0.053037785000000004
2026-02-01 00:00:00+00:00,0.006847400000000001,0.05148483166666666
2026-02-02 00:00:00+00:00,-0.031711199999999995,0.049076926666666666
2026-02-03 00:00:00+00:00,-0.0015439500000000003,0.04662412666666667
2026-02-04 00:00:00+00:00,0.0302512,0.044974570000000005
2026-02-05 00:00:00+00:00,0.0164761,0.04502116833333333
2026-02-06 00:00:00+00:00,-0.10498495,0.039153185
2026-02-07 00:00:00+00:00,-0.09640014999999999,0.032882485
2026-02-08 00:00:00+00:00,-0.04311745,0.030877905
2026-02-09 00:00:00+00:00,-0.020122450000000004,0.027830398333333336
2026-02-10 00:00:00+00:00,-0.08191695,0.023264978333333335
2026-02-11 00:00:00+00:00,-0.029878900000000003,0.02112960666666667
2026-02-12 00:00:00+00:00,0.0014235000000000012,0.01928781666666667
2026-02-13 00:00:00+00:00,0.0192574,0.01911432
2026-02-14 00:00:00+00:00,0.005004149999999999,0.01892731833333333
2026-02-15 00:00:00+00:00,0.0044712499999999995,0.016987099999999998
2026-02-16 00:00:00+00:00,-0.0172645,0.015705341666666667
2026-02-17 00:00:00+00:00,0.0497568,0.014968285
2026-02-18 00:00:00+00:00,0.024374700000000003,0.014818391666666668
2026-02-19 00:00:00+00:00,-0.015986999999999998,0.011597023333333335
2026-02-20 00:00:00+00:00,0.0218854,0.010079961666666666
2026-02-21 00:00:00+00:00,0.0371424,0.008777155
2026-02-22 00:00:00+00:00,0.0209656,0.007596501666666667
2026-02-23 00:00:00+00:00,-0.0004380000000000008,0.00583708
2026-02-24 00:00:00+00:00,0.01580815,0.004623698333333333
2026-02-25 00:00:00+00:00,0.005256,0.0032756316666666665
2026-02-26 00:00:00+00:00,0.003215650000000002,0.0012173966666666667
2026-02-27 00:00:00+00:00,-0.035660500000000005,-0.0019472750000000003
2026-02-28 00:00:00+00:00,-0.014567150000000001,-0.004512008333333334
2026-03-01 00:00:00+00:00,0.02490395,-0.004472953333333333
2026-03-02 00:00:00+00:00,-0.012183699999999999,-0.007291239999999999
2026-03-03 00:00:00+00:00,0.009971800000000001,-0.0071870933333333335
2026-03-04 00:00:00+00:00,0.006617449999999998,-0.005909471666666667
2026-03-05 00:00:00+00:00,0.0317769,-0.0047987766666666674
2026-03-06 00:00:00+00:00,-0.0129502,-0.006238823333333333
2026-03-07 00:00:00+00:00,-0.00026644999999999805,-0.006796908333333334
2026-03-08 00:00:00+00:00,-0.030948350000000003,-0.004329021666666667
2026-03-09 00:00:00+00:00,-0.050296999999999994,-0.00279225
2026-03-10 00:00:00+00:00,0.0020951,-0.001285165
2026-03-11 00:00:00+00:00,-0.0807672,-0.003306656666666666
2026-03-12 00:00:00+00:00,-0.07509874999999999,-0.0030793833333333325
2026-03-13 00:00:00+00:00,0.0030513999999999993,-0.001981706666666666
2026-03-14 00:00:00+00:00,-0.0336457,-0.003150679999999999
2026-03-15 00:00:00+00:00,-0.020750250000000005,-0.004484268333333333
2026-03-16 00:00:00+00:00,0.04258455,-0.0032315883333333324
2026-03-17 00:00:00+00:00,-0.0128626,-0.0038093833333333327
2026-03-18 00:00:00+00:00,-0.0327186,-0.004324519999999999
2026-03-19 00:00:00+00:00,-0.01015065,-0.006321435
2026-03-20 00:00:00+00:00,0.00421575,-0.0069934
2026-03-21 00:00:00+00:00,-0.0041537,-0.006598956666666667
2026-03-22 00:00:00+00:00,-0.038164399999999994,-0.008600616666666666
2026-03-23 00:00:00+00:00,-0.0174543,-0.010420506666666666
2026-03-24 00:00:00+00:00,0.040004000000000005,-0.009785893333333332
2026-03-25 00:00:00+00:00,0.02958325,-0.008785185
2026-03-26 00:00:00+00:00,0.006292599999999999,-0.00910237
2026-03-27 00:00:00+00:00,-0.0336311,-0.010398606666666666
2026-03-28 00:00:00+00:00,-0.05790725,-0.012436036666666667
2026-03-29 00:00:00+00:00,-0.0037047499999999997,-0.011370845
2026-03-30 00:00:00+00:00,0.0056575,-0.01069669
2026-03-31 00:00:00+00:00,-0.016673200000000003,-0.012082595
2026-04-01 00:00:00+00:00,-0.012165449999999998,-0.012081986666666666
2026-04-02 00:00:00+00:00,-0.011066800000000003,-0.012783273333333333
2026-04-03 00:00:00+00:00,-0.00393835,-0.013135133333333332
2026-04-04 00:00:00+00:00,0.03477355,-0.013035244999999999
2026-04-05 00:00:00+00:00,0.0295942,-0.01161709833333333
2026-04-06 00:00:00+00:00,0.047596,-0.010021683333333333
2026-04-07 00:00:00+00:00,0.03935065000000001,-0.007678383333333332
2026-04-08 00:00:00+00:00,0.04245315,-0.004586711666666666
2026-04-09 00:00:00+00:00,0.0278787,-0.003727258333333332
