timestamp,annualized_carry,rolling30d
2020-01-01 00:00:00+00:00,0.004485850000000012,
2020-01-02 00:00:00+00:00,0.09142155000000002,
2020-01-03 00:00:00+00:00,0.10950000000000001,
2020-01-04 00:00:00+00:00,0.10950000000000001,
2020-01-05 00:00:00+00:00,0.10950000000000001,
2020-01-06 00:00:00+00:00,0.10950000000000001,
2020-01-07 00:00:00+00:00,0.10950000000000001,
2020-01-08 00:00:00+00:00,0.10950000000000001,
2020-01-09 00:00:00+00:00,0.10950000000000001,
2020-01-10 00:00:00+00:00,0.10950000000000001,
2020-01-11 00:00:00+00:00,0.10950000000000001,
2020-01-12 00:00:00+00:00,0.10950000000000001,
2020-01-13 00:00:00+00:00,0.10950000000000001,
2020-01-14 00:00:00+00:00,0.10950000000000001,
2020-01-15 00:00:00+00:00,0.23225315,
2020-01-16 00:00:00+00:00,0.35701014999999997,
2020-01-17 00:00:00+00:00,0.17921135,
2020-01-18 00:00:00+00:00,0.1132011,
2020-01-19 00:00:00+00:00,0.3225322500000001,
2020-01-20 00:00:00+00:00,0.5115329,
2020-01-21 00:00:00+00:00,0.20836755,
2020-01-22 00:00:00+00:00,0.1290275,
2020-01-23 00:00:00+00:00,0.15327810000000003,
2020-01-24 00:00:00+00:00,0.22186524999999999,
2020-01-25 00:00:00+00:00,0.17444445,
2020-01-26 00:00:00+00:00,0.2494629,
2020-01-27 00:00:00+00:00,0.10950000000000001,
2020-01-28 00:00:00+00:00,0.55175955,
2020-01-29 00:00:00+00:00,1.03644305,
2020-01-30 00:00:00+00:00,0.5799521499999999,0.21799162666666666
2020-01-31 00:00:00+00:00,1.12546655,0.25535765
2020-02-01 00:00:00+00:00,0.7141079,0.2761138616666667
2020-02-02 00:00:00+00:00,0.2238472,0.279925435
2020-02-03 00:00:00+00:00,0.10950000000000001,0.279925435
2020-02-04 00:00:00+00:00,0.3309747,0.287307925
2020-02-05 00:00:00+00:00,0.42162974999999997,0.29771225
2020-02-06 00:00:00+00:00,0.88774205,0.32365365166666665
2020-02-07 00:00:00+00:00,0.3409319,0.33136804833333333
2020-02-08 00:00:00+00:00,0.3058043,0.337911525
2020-02-09 00:00:00+00:00,1.0822760999999999,0.37033739499999996
2020-02-10 00:00:00+00:00,2.26235395,0.4420991933333333
2020-02-11 00:00:00+00:00,1.3743490999999999,0.48426083
2020-02-12 00:00:00+00:00,2.9223506,0.5780225166666667
2020-02-13 00:00:00+00:00,1.6057518,0.6278975766666667
2020-02-14 00:00:00+00:00,1.14337345,0.6582682533333333
2020-02-15 00:00:00+00:00,1.0961351499999998,0.6829057533333333
2020-02-16 00:00:00+00:00,1.0828199499999998,0.71302604
2020-02-17 00:00:00+00:00,0.7516590999999999,0.7343079733333333
2020-02-18 00:00:00+00:00,0.21989789999999998,0.7308868283333333
2020-02-19 00:00:00+00:00,0.86030865,0.7425126866666666
2020-02-20 00:00:00+00:00,0.30419464999999996,0.7457069233333333
2020-02-21 00:00:00+00:00,0.6600988499999999,0.7634093016666667
2020-02-22 00:00:00+00:00,0.5617788,0.7770259916666666
2020-02-23 00:00:00+00:00,0.61606525,0.7901659916666666
2020-02-24 00:00:00+00:00,0.4096176,0.7980050966666666
2020-02-25 00:00:00+00:00,0.45278615,0.8047825383333332
2020-02-26 00:00:00+00:00,0.7242622000000001,0.8252746116666666
2020-02-27 00:00:00+00:00,0.16851319999999997,0.8124997333333333
2020-02-28 00:00:00+00:00,0.24920740000000002,0.786258545
2020-02-29 00:00:00+00:00,0.5264030000000001,0.7844735733333332
2020-03-01 00:00:00+00:00,0.24392949999999997,0.755089005
2020-03-02 00:00:00+00:00,0.14740525,0.7361989166666666
2020-03-03 00:00:00+00:00,0.18762094999999998,0.734991375
2020-03-04 00:00:00+00:00,0.3430416,0.742776095
2020-03-05 00:00:00+00:00,0.38300545,0.7445104533333333
2020-03-06 00:00:00+00:00,0.20943699999999998,0.7374373616666666
2020-03-07 00:00:00+00:00,0.12314735,0.7119508716666666
2020-03-08 00:00:00+00:00,0.42376500000000006,0.7147119749999999
2020-03-09 00:00:00+00:00,0.13731299999999996,0.7090955983333332
2020-03-10 00:00:00+00:00,0.22055855000000002,0.6803716799999999
2020-03-11 00:00:00+00:00,0.23196114999999998,0.61269192
2020-03-12 00:00:00+00:00,0.36834705,0.5791585183333333
2020-03-13 00:00:00+00:00,-1.09415685,0.4452749366666666
2020-03-14 00:00:00+00:00,0.10950000000000001,0.39539987666666665
2020-03-15 00:00:00+00:00,0.10950000000000001,0.3609374283333333
2020-03-16 00:00:00+00:00,-0.0107018,0.3240428633333333
2020-03-17 00:00:00+00:00,0.10950000000000001,0.291598865
2020-03-18 00:00:00+00:00,0.10950000000000001,0.2701935616666667
2020-03-19 00:00:00+00:00,0.10950000000000001,0.2665136316666667
2020-03-20 00:00:00+00:00,0.10950000000000001,0.24148667666666668
2020-03-21 00:00:00+00:00,0.10950000000000001,0.23499685499999998
2020-03-22 00:00:00+00:00,0.10950000000000001,0.21664356
2020-03-23 00:00:00+00:00,0.10950000000000001,0.2015676
2020-03-24 00:00:00+00:00,0.10950000000000001,0.18468209166666666
2020-03-25 00:00:00+00:00,0.10950000000000001,0.1746781716666667
2020-03-26 00:00:00+00:00,0.10950000000000001,0.16323530000000003
2020-03-27 00:00:00+00:00,0.10950000000000001,0.14274322666666667
2020-03-28 00:00:00+00:00,0.06309025,0.1392291283333333
2020-03-29 00:00:00+00:00,0.10950000000000001,0.134572215
2020-03-30 00:00:00+00:00,0.03682850000000001,0.11825306499999999
2020-03-31 00:00:00+00:00,0.10950000000000001,0.11377208166666668
2020-04-01 00:00:00+00:00,0.04610680000000001,0.11039546666666668
2020-04-02 00:00:00+00:00,0.0541295,0.10594575166666667
2020-04-03 00:00:00+00:00,0.10950000000000001,0.09816103166666666
2020-04-04 00:00:00+00:00,0.09081565000000001,0.08842137166666666
2020-04-05 00:00:00+00:00,0.08597210000000001,0.084305875
2020-04-06 00:00:00+00:00,0.08236954999999999,0.082946615
2020-04-07 00:00:00+00:00,-0.05173875,0.06709649000000001
2020-04-08 00:00:00+00:00,0.10950000000000001,0.06616939000000001
2020-04-09 00:00:00+00:00,0.10950000000000001,0.06246743833333334
2020-04-10 00:00:00+00:00,0.10950000000000001,0.058385400000000004
2020-04-11 00:00:00+00:00,0.06780604999999999,0.04836736666666667
2020-04-12 00:00:00+00:00,0.08024525,0.08751410333333333
2020-04-13 00:00:00+00:00,0.10950000000000001,0.08751410333333334
2020-04-14 00:00:00+00:00,0.10950000000000001,0.08751410333333334
2020-04-15 00:00:00+00:00,0.10950000000000001,0.09152083000000001
2020-04-16 00:00:00+00:00,0.06378009999999999,0.08999683333333335
2020-04-17 00:00:00+00:00,0.10950000000000001,0.08999683333333336
2020-04-18 00:00:00+00:00,0.10750710000000001,0.08993040333333334
2020-04-19 00:00:00+00:00,0.10950000000000001,0.08993040333333334
2020-04-20 00:00:00+00:00,0.10950000000000001,0.08993040333333333
2020-04-21 00:00:00+00:00,0.10950000000000001,0.08993040333333334
2020-04-22 00:00:00+00:00,0.10950000000000001,0.08993040333333334
2020-04-23 00:00:00+00:00,0.10950000000000001,0.08993040333333333
2020-04-24 00:00:00+00:00,0.10950000000000001,0.08993040333333334
2020-04-25 00:00:00+00:00,0.10950000000000001,0.08993040333333334
2020-04-26 00:00:00+00:00,0.10950000000000001,0.08993040333333333
2020-04-27 00:00:00+00:00,0.10950000000000001,0.09147739500000002
2020-04-28 00:00:00+00:00,0.10950000000000001,0.09147739500000002
2020-04-29 00:00:00+00:00,0.10950000000000001,0.09389977833333335
2020-04-30 00:00:00+00:00,0.22098195,0.09761584333333334
2020-05-01 00:00:00+00:00,0.23057414999999998,0.10376475500000001
2020-05-02 00:00:00+00:00,0.41820969999999996,0.11590076166666667
2020-05-03 00:00:00+00:00,0.30852355,0.12253488
2020-05-04 00:00:00+00:00,0.17743379999999997,0.12542215166666668
2020-05-05 00:00:00+00:00,0.23632655000000002,0.13043396666666665
2020-05-06 00:00:00+00:00,0.33323404999999995,0.13879611666666666
2020-05-07 00:00:00+00:00,0.10990515,0.14418424666666668
2020-05-08 00:00:00+00:00,0.42953565,0.15485210166666666
2020-05-09 00:00:00+00:00,0.29047065000000005,0.16088445666666665
2020-05-10 00:00:00+00:00,0.12853475,0.16151894833333333
2020-05-11 00:00:00+00:00,0.10950000000000001,0.16290874666666666
2020-05-12 00:00:00+00:00,0.10950000000000001,0.163883905
2020-05-13 00:00:00+00:00,0.10950000000000001,0.163883905
2020-05-14 00:00:00+00:00,0.10950000000000001,0.16388390500000002
2020-05-15 00:00:00+00:00,0.038430849999999996,0.16151493333333333
2020-05-16 00:00:00+00:00,0.053034500000000005,0.16115674666666668
2020-05-17 00:00:00+00:00,0.058191950000000006,0.15944647833333334
2020-05-18 00:00:00+00:00,0.10950000000000001,0.15951290833333334
2020-05-19 00:00:00+00:00,0.10950000000000001,0.15951290833333334
2020-05-20 00:00:00+00:00,0.10950000000000001,0.15951290833333331
2020-05-21 00:00:00+00:00,0.10950000000000001,0.15951290833333334
2020-05-22 00:00:00+00:00,0.08584070000000002,0.158724265
2020-05-23 00:00:00+00:00,0.10950000000000001,0.158724265
2020-05-24 00:00:00+00:00,0.10950000000000001,0.158724265
2020-05-25 00:00:00+00:00,0.10950000000000001,0.158724265
2020-05-26 00:00:00+00:00,0.10950000000000001,0.158724265
2020-05-27 00:00:00+00:00,0.10950000000000001,0.158724265
2020-05-28 00:00:00+00:00,0.10950000000000001,0.15872426500000003
2020-05-29 00:00:00+00:00,0.10950000000000001,0.158724265
2020-05-30 00:00:00+00:00,0.10950000000000001,0.1550082
2020-05-31 00:00:00+00:00,0.10950000000000001,0.15097239500000004
2020-06-01 00:00:00+00:00,0.10950000000000001,0.14068207166666669
2020-06-02 00:00:00+00:00,0.2298989,0.13806125
2020-06-03 00:00:00+00:00,0.10950000000000001,0.13579679
2020-06-04 00:00:00+00:00,0.10950000000000001,0.13156923833333337
2020-06-05 00:00:00+00:00,0.10950000000000001,0.12411143666666667
2020-06-06 00:00:00+00:00,0.10950000000000001,0.12409793166666667
2020-06-07 00:00:00+00:00,0.10950000000000001,0.11343007666666668
2020-06-08 00:00:00+00:00,0.19984115,0.11040909333333333
2020-06-09 00:00:00+00:00,0.16024229999999998,0.11146601166666667
2020-06-10 00:00:00+00:00,0.10950000000000001,0.11146601166666667
2020-06-11 00:00:00+00:00,0.15861805,0.11310328000000001
2020-06-12 00:00:00+00:00,0.10950000000000001,0.11310328000000001
2020-06-13 00:00:00+00:00,0.10950000000000001,0.11310328
2020-06-14 00:00:00+00:00,0.10950000000000001,0.11547225166666668
2020-06-15 00:00:00+00:00,0.10950000000000001,0.11735443500000001
2020-06-16 00:00:00+00:00,0.10950000000000001,0.11906470333333334
2020-06-17 00:00:00+00:00,0.10950000000000001,0.11906470333333334
2020-06-18 00:00:00+00:00,0.10950000000000001,0.11906470333333335
2020-06-19 00:00:00+00:00,0.10950000000000001,0.11906470333333334
2020-06-20 00:00:00+00:00,0.10950000000000001,0.11906470333333334
2020-06-21 00:00:00+00:00,0.10950000000000001,0.11985334666666668
2020-06-22 00:00:00+00:00,0.10950000000000001,0.11985334666666668
2020-06-23 00:00:00+00:00,0.10950000000000001,0.11985334666666668
2020-06-24 00:00:00+00:00,0.10950000000000001,0.11985334666666668
2020-06-25 00:00:00+00:00,0.10950000000000001,0.11985334666666668
2020-06-26 00:00:00+00:00,0.10950000000000001,0.11985334666666668
2020-06-27 00:00:00+00:00,0.10950000000000001,0.11985334666666668
2020-06-28 00:00:00+00:00,0.10950000000000001,0.11985334666666668
2020-06-29 00:00:00+00:00,0.10950000000000001,0.11985334666666668
2020-06-30 00:00:00+00:00,0.10950000000000001,0.11985334666666668
2020-07-01 00:00:00+00:00,0.10950000000000001,0.11985334666666668
2020-07-02 00:00:00+00:00,0.10950000000000001,0.11584005000000001
2020-07-03 00:00:00+00:00,0.10950000000000001,0.11584005000000001
2020-07-04 00:00:00+00:00,0.10950000000000001,0.11584005000000001
2020-07-05 00:00:00+00:00,0.10950000000000001,0.11584005000000003
2020-07-06 00:00:00+00:00,0.10950000000000001,0.11584005000000001
2020-07-07 00:00:00+00:00,0.10950000000000001,0.11584005000000001
2020-07-08 00:00:00+00:00,0.10950000000000001,0.11282867833333336
2020-07-09 00:00:00+00:00,0.12032955000000001,0.11149825333333334
2020-07-10 00:00:00+00:00,0.10950000000000001,0.11149825333333334
2020-07-11 00:00:00+00:00,0.10950000000000001,0.10986098500000002
2020-07-12 00:00:00+00:00,0.10950000000000001,0.10986098500000001
2020-07-13 00:00:00+00:00,0.12008135000000002,0.11021369666666668
2020-07-14 00:00:00+00:00,0.10950000000000001,0.11021369666666668
2020-07-15 00:00:00+00:00,0.10950000000000001,0.11021369666666668
2020-07-16 00:00:00+00:00,0.10950000000000001,0.1102136966666667
2020-07-17 00:00:00+00:00,0.10950000000000001,0.11021369666666668
2020-07-18 00:00:00+00:00,0.10950000000000001,0.11021369666666668
2020-07-19 00:00:00+00:00,0.10950000000000001,0.1102136966666667
2020-07-20 00:00:00+00:00,0.10950000000000001,0.11021369666666668
2020-07-21 00:00:00+00:00,0.10950000000000001,0.11021369666666668
2020-07-22 00:00:00+00:00,0.10950000000000001,0.11021369666666668
2020-07-23 00:00:00+00:00,0.66505555,0.128732215
2020-07-24 00:00:00+00:00,0.7132027000000001,0.14885563833333335
2020-07-25 00:00:00+00:00,0.2745676,0.1543578916666667
2020-07-26 00:00:00+00:00,0.8135631,0.1778266616666667
2020-07-27 00:00:00+00:00,0.86802475,0.20311082000000003
2020-07-28 00:00:00+00:00,1.2724557,0.24187601000000003
2020-07-29 00:00:00+00:00,0.9257714,0.26908505666666666
2020-07-30 00:00:00+00:00,0.7000992,0.28877169666666674
2020-07-31 00:00:00+00:00,0.8765986,0.31434165000000003
2020-08-01 00:00:00+00:00,0.48584055,0.32688633500000003
2020-08-02 00:00:00+00:00,1.0640042,0.3587031416666667
2020-08-03 00:00:00+00:00,0.4898008,0.371379835
2020-08-04 00:00:00+00:00,0.56360745,0.3865167500000001
2020-08-05 00:00:00+00:00,0.7448555,0.4076952666666667
2020-08-06 00:00:00+00:00,0.6891784,0.42701788
2020-08-07 00:00:00+00:00,0.46958710000000004,0.4390207833333334
2020-08-08 00:00:00+00:00,0.27314045,0.44411448
2020-08-09 00:00:00+00:00,0.41528604999999996,0.45430734833333336
2020-08-10 00:00:00+00:00,0.70968045,0.47431336333333335
2020-08-11 00:00:00+00:00,0.55694985,0.48922835833333334
2020-08-12 00:00:00+00:00,0.33857035,0.496511325
2020-08-13 00:00:00+00:00,0.5253445,0.5103728083333333
2020-08-14 00:00:00+00:00,1.48883865,0.5563507633333333
2020-08-15 00:00:00+00:00,0.8729924,0.5818005100000001
2020-08-16 00:00:00+00:00,0.82219535,0.6055570216666666
2020-08-17 00:00:00+00:00,0.8747151999999999,0.631064195
2020-08-18 00:00:00+00:00,0.9996510499999999,0.6607358966666667
2020-08-19 00:00:00+00:00,0.35087085,0.6687815916666667
2020-08-20 00:00:00+00:00,0.26411035000000005,0.67393527
2020-08-21 00:00:00+00:00,0.14998579999999997,0.6752847966666666
2020-08-22 00:00:00+00:00,0.10950000000000001,0.6567662783333332
2020-08-23 00:00:00+00:00,0.22401145000000003,0.6404599033333332
2020-08-24 00:00:00+00:00,0.3140387,0.6417756066666667
2020-08-25 00:00:00+00:00,0.1656954,0.6201800166666668
2020-08-26 00:00:00+00:00,0.16762625,0.5968334
2020-08-27 00:00:00+00:00,0.11417565,0.558224065
2020-08-28 00:00:00+00:00,0.1176249,0.5312858483333333
2020-08-29 00:00:00+00:00,0.10950000000000001,0.5115992083333333
2020-08-30 00:00:00+00:00,0.10950000000000001,0.486029255
2020-08-31 00:00:00+00:00,0.10950000000000001,0.47348457000000005
2020-09-01 00:00:00+00:00,0.336457,0.44923299666666666
2020-09-02 00:00:00+00:00,0.4230715,0.44700868666666665
2020-09-03 00:00:00+00:00,0.12723535,0.43246294999999996
2020-09-04 00:00:00+00:00,0.15600465000000002,0.4128345883333333
2020-09-05 00:00:00+00:00,0.10950000000000001,0.393511975
2020-09-06 00:00:00+00:00,0.10950000000000001,0.38150907166666664
2020-09-07 00:00:00+00:00,0.09665200000000002,0.37562612333333334
2020-09-08 00:00:00+00:00,0.10950000000000001,0.365433255
2020-09-09 00:00:00+00:00,0.10950000000000001,0.34542724
2020-09-10 00:00:00+00:00,0.0968637,0.330091035
2020-09-11 00:00:00+00:00,0.07289780000000001,0.32123528333333334
2020-09-12 00:00:00+00:00,0.08661815,0.3066110716666667
2020-09-13 00:00:00+00:00,0.10950000000000001,0.26063311666666666
2020-09-14 00:00:00+00:00,0.10950000000000001,0.23518337000000003
2020-09-15 00:00:00+00:00,0.10950000000000001,0.21142685833333333
2020-09-16 00:00:00+00:00,0.10950000000000001,0.185919685
2020-09-17 00:00:00+00:00,0.10950000000000001,0.15624798333333337
2020-09-18 00:00:00+00:00,0.10950000000000001,0.14820228833333332
2020-09-19 00:00:00+00:00,0.10950000000000001,0.14304861
2020-09-20 00:00:00+00:00,0.07270800000000001,0.14047268333333335
2020-09-21 00:00:00+00:00,0.0496181,0.13847662000000002
2020-09-22 00:00:00+00:00,-0.0790225,0.12837548833333334
2020-09-23 00:00:00+00:00,0.07895680000000001,0.120539425
2020-09-24 00:00:00+00:00,0.02585295,0.11587801000000002
2020-09-25 00:00:00+00:00,0.09256765000000002,0.11337605666666667
2020-09-26 00:00:00+00:00,0.10950000000000001,0.11322020166666667
2020-09-27 00:00:00+00:00,0.10950000000000001,0.11294937166666669
2020-09-28 00:00:00+00:00,0.10950000000000001,0.11294937166666667
2020-09-29 00:00:00+00:00,0.0578963,0.11122924833333334
2020-09-30 00:00:00+00:00,0.07197800000000001,0.10997851500000001
2020-10-01 00:00:00+00:00,0.10927005000000001,0.10240561666666667
2020-10-02 00:00:00+00:00,0.03963535000000001,0.08962441166666668
2020-10-03 00:00:00+00:00,-0.033835500000000004,0.08425538333333334
2020-10-04 00:00:00+00:00,0.010752900000000003,0.07941365833333333
2020-10-05 00:00:00+00:00,0.03234995,0.07684199000000001
2020-10-06 00:00:00+00:00,0.018465350000000002,0.07380750166666666
2020-10-07 00:00:00+00:00,0.009902450000000002,0.07091585
2020-10-08 00:00:00+00:00,0.10950000000000001,0.07091585000000002
2020-10-09 00:00:00+00:00,0.10950000000000001,0.07091585
2020-10-10 00:00:00+00:00,0.20165155,0.07440877833333334
2020-10-11 00:00:00+00:00,0.1281953,0.07625202833333335
2020-10-12 00:00:00+00:00,0.10950000000000001,0.07701475666666667
2020-10-13 00:00:00+00:00,0.1529715,0.07846380666666668
2020-10-14 00:00:00+00:00,0.10950000000000001,0.07846380666666669
2020-10-15 00:00:00+00:00,0.10950000000000001,0.07846380666666668
2020-10-16 00:00:00+00:00,0.10950000000000001,0.07846380666666668
2020-10-17 00:00:00+00:00,0.10950000000000001,0.07846380666666669
2020-10-18 00:00:00+00:00,0.10950000000000001,0.07846380666666668
2020-10-19 00:00:00+00:00,0.10950000000000001,0.07846380666666668
2020-10-20 00:00:00+00:00,0.21633550000000001,0.08325139000000001
2020-10-21 00:00:00+00:00,0.33839149999999996,0.09287717000000001
2020-10-22 00:00:00+00:00,0.7685805000000001,0.12113060333333335
2020-10-23 00:00:00+00:00,0.40527045,0.132007725
2020-10-24 00:00:00+00:00,0.46814900000000004,0.1467509266666667
2020-10-25 00:00:00+00:00,0.21825175,0.15094039666666664
2020-10-26 00:00:00+00:00,0.1508545,0.15231888000000002
2020-10-27 00:00:00+00:00,0.14019285,0.15334197500000002
2020-10-28 00:00:00+00:00,0.12867345,0.15398109
2020-10-29 00:00:00+00:00,0.10950000000000001,0.15570121333333334
2020-10-30 00:00:00+00:00,0.10950000000000001,0.15695194666666668
2020-10-31 00:00:00+00:00,0.10950000000000001,0.1569596116666667
2020-11-01 00:00:00+00:00,0.10950000000000001,0.15928843333333334
2020-11-02 00:00:00+00:00,0.18284675,0.166511175
2020-11-03 00:00:00+00:00,0.10950000000000001,0.169802745
2020-11-04 00:00:00+00:00,0.10950000000000001,0.17237441333333337
2020-11-05 00:00:00+00:00,0.7996128,0.19841266166666666
2020-11-06 00:00:00+00:00,0.6747061499999999,0.22057278500000002
2020-11-07 00:00:00+00:00,0.7665219,0.242473515
2020-11-08 00:00:00+00:00,0.4182717499999999,0.25276590666666665
2020-11-09 00:00:00+00:00,0.38139215,0.25875726
2020-11-10 00:00:00+00:00,0.3169149,0.26504791333333333
2020-11-11 00:00:00+00:00,0.37469805,0.27388784833333335
2020-11-12 00:00:00+00:00,0.21604715,0.27599037
2020-11-13 00:00:00+00:00,0.25926679999999996,0.2809825966666667
2020-11-14 00:00:00+00:00,0.2943287,0.2871435533333333
2020-11-15 00:00:00+00:00,0.10950000000000001,0.2871435533333333
2020-11-16 00:00:00+00:00,0.10950000000000001,0.28714355333333336
2020-11-17 00:00:00+00:00,0.2630263,0.29226109666666666
2020-11-18 00:00:00+00:00,0.50237505,0.3053569316666666
2020-11-19 00:00:00+00:00,0.2302785,0.30582169833333334
2020-11-20 00:00:00+00:00,0.63720605,0.3157821833333333
2020-11-21 00:00:00+00:00,0.3615471,0.3022144033333333
2020-11-22 00:00:00+00:00,0.8736822499999999,0.31782812999999993
2020-11-23 00:00:00+00:00,1.3069555,0.3457883466666667
2020-11-24 00:00:00+00:00,0.99624925,0.37172159666666665
2020-11-25 00:00:00+00:00,0.8893443999999999,0.3963379266666667
2020-11-26 00:00:00+00:00,0.2632088,0.40043845833333336
2020-11-27 00:00:00+00:00,0.1633375,0.40159392666666666
2020-11-28 00:00:00+00:00,0.10950000000000001,0.40159392666666666
2020-11-29 00:00:00+00:00,0.10950000000000001,0.4015939266666667
2020-11-30 00:00:00+00:00,0.5003456500000001,0.414622115
2020-12-01 00:00:00+00:00,0.47527744999999993,0.42681469666666666
2020-12-02 00:00:00+00:00,0.2746041,0.429873275
2020-12-03 00:00:00+00:00,0.35525815,0.43806521333333326
2020-12-04 00:00:00+00:00,0.22724170000000002,0.44198993666666664
2020-12-05 00:00:00+00:00,0.19657075000000002,0.421888535
2020-12-06 00:00:00+00:00,0.10950000000000001,0.40304832999999995
2020-12-07 00:00:00+00:00,0.10950000000000001,0.38114760000000003
2020-12-08 00:00:00+00:00,0.2084515,0.3741535916666667
2020-12-09 00:00:00+00:00,0.12352329999999999,0.3655579633333333
2020-12-10 00:00:00+00:00,0.10950000000000001,0.35864413333333334
2020-12-11 00:00:00+00:00,0.1452043,0.35099434166666665
2020-12-12 00:00:00+00:00,0.10950000000000001,0.34744277
2020-12-13 00:00:00+00:00,0.10950000000000001,0.34245054333333336
2020-12-14 00:00:00+00:00,0.10950000000000001,0.3362895866666667
2020-12-15 00:00:00+00:00,0.10950000000000001,0.3362895866666667
2020-12-16 00:00:00+00:00,0.44697900000000007,0.34753888666666666
2020-12-17 00:00:00+00:00,0.9386631999999999,0.37006011666666666
2020-12-18 00:00:00+00:00,0.5068828,0.370210375
2020-12-19 00:00:00+00:00,0.7475054000000001,0.38745127166666665
2020-12-20 00:00:00+00:00,0.5917599,0.3859364
2020-12-21 00:00:00+00:00,0.28715280000000004,0.38345659
2020-12-22 00:00:00+00:00,0.13030135,0.3586772266666667
2020-12-23 00:00:00+00:00,0.2294244,0.32275952333333335
2020-12-24 00:00:00+00:00,0.10950000000000001,0.29320121499999996
2020-12-25 00:00:00+00:00,0.11274485000000001,0.26731456333333337
2020-12-26 00:00:00+00:00,0.10950000000000001,0.26219093666666665
2020-12-27 00:00:00+00:00,0.56546895,0.27559531833333334
2020-12-28 00:00:00+00:00,0.8820444,0.30134679833333333
2020-12-29 00:00:00+00:00,0.7432604500000001,0.3224721466666667
2020-12-30 00:00:00+00:00,0.80853705,0.33274519333333336
2020-12-31 00:00:00+00:00,0.55491315,0.33539971666666674
2021-01-01 00:00:00+00:00,0.55638775,0.34479250499999997
2021-01-02 00:00:00+00:00,0.67156715,0.35533613833333333
2021-01-03 00:00:00+00:00,1.1238568999999998,0.3852233116666666
2021-01-04 00:00:00+00:00,2.75933065,0.4706486416666667
2021-01-05 00:00:00+00:00,0.90661255,0.49721906
2021-01-06 00:00:00+00:00,2.4015394,0.5736203733333334
2021-01-07 00:00:00+00:00,1.6683054999999998,0.6222821733333334
2021-01-08 00:00:00+00:00,1.41091845,0.665195345
2021-01-09 00:00:00+00:00,1.0702165,0.6972192283333333
2021-01-10 00:00:00+00:00,2.4436385,0.7738337016666667
2021-01-11 00:00:00+00:00,1.0346947,0.804673525
2021-01-12 00:00:00+00:00,0.41297195000000003,0.8147892566666666
2021-01-13 00:00:00+00:00,0.32731375,0.822049715
2021-01-14 00:00:00+00:00,0.6524156,0.8401469016666667
2021-01-15 00:00:00+00:00,0.6224125999999999,0.8459946883333332
2021-01-16 00:00:00+00:00,0.80860275,0.84165934
2021-01-17 00:00:00+00:00,0.75793345,0.850027695
2021-01-18 00:00:00+00:00,0.9013930499999999,0.8551572833333334
2021-01-19 00:00:00+00:00,1.8945252000000004,0.8985827933333334
2021-01-20 00:00:00+00:00,1.004261,0.9224864
2021-01-21 00:00:00+00:00,0.50456505,0.9349618566666666
2021-01-22 00:00:00+00:00,0.1715062,0.9330312500000001
2021-01-23 00:00:00+00:00,0.23509285000000002,0.9372176783333334
2021-01-24 00:00:00+00:00,0.8981774000000001,0.9633987633333334
2021-01-25 00:00:00+00:00,0.9115546500000001,0.9901339183333333
2021-01-26 00:00:00+00:00,0.27735620000000005,0.98053016
2021-01-27 00:00:00+00:00,0.2056483,0.9579836233333333
2021-01-28 00:00:00+00:00,0.2981247,0.943145765
2021-01-29 00:00:00+00:00,1.5170276,0.9667621166666667
2021-01-30 00:00:00+00:00,0.7471915,0.9731713949999999
2021-01-31 00:00:00+00:00,1.0980806,0.9912278233333333
2021-02-01 00:00:00+00:00,0.51880005,0.9861355866666667
2021-02-02 00:00:00+00:00,1.22986385,0.9896691516666666
2021-02-03 00:00:00+00:00,1.735137,0.9555293633333334
2021-02-04 00:00:00+00:00,1.5571994999999998,0.9772155950000001
2021-02-05 00:00:00+00:00,1.62655315,0.95138272
2021-02-06 00:00:00+00:00,1.3435394500000002,0.9405571850000001
2021-02-07 00:00:00+00:00,1.05113065,0.9285642583333333
2021-02-08 00:00:00+00:00,1.22014025,0.9335617166666667
2021-02-09 00:00:00+00:00,2.05895405,0.9207389016666666
2021-02-10 00:00:00+00:00,1.67901825,0.9422163533333333
2021-02-11 00:00:00+00:00,1.1621819,0.9671900183333334
2021-02-12 00:00:00+00:00,1.08217025,0.9923519016666666
2021-02-13 00:00:00+00:00,1.810546,1.0309562483333334
2021-02-14 00:00:00+00:00,1.5033145499999998,1.0603196466666667
2021-02-15 00:00:00+00:00,0.6366804500000001,1.0545889033333333
2021-02-16 00:00:00+00:00,1.2112999500000001,1.0697011200000002
2021-02-17 00:00:00+00:00,1.5736099000000003,1.0921083483333334
2021-02-18 00:00:00+00:00,1.8834438,1.0917389683333334
2021-02-19 00:00:00+00:00,1.42659155,1.1058166533333333
2021-02-20 00:00:00+00:00,2.08774525,1.158589326666667
2021-02-21 00:00:00+00:00,0.73839135,1.1774854983333334
2021-02-22 00:00:00+00:00,0.5823501999999999,1.1890607433333333
2021-02-23 00:00:00+00:00,0.16851319999999997,1.1647386033333333
2021-02-24 00:00:00+00:00,0.2975626,1.1442722016666667
2021-02-25 00:00:00+00:00,0.2662602,1.143902335
2021-02-26 00:00:00+00:00,0.2284462,1.144662265
2021-02-27 00:00:00+00:00,0.32901465,1.1456919300000001
2021-02-28 00:00:00+00:00,0.10950000000000001,1.0987743433333332
2021-03-01 00:00:00+00:00,0.33779289999999995,1.0851277233333332
2021-03-02 00:00:00+00:00,0.45407825,1.0636609783333335
2021-03-03 00:00:00+00:00,0.39088215,1.0593970483333333
2021-03-04 00:00:00+00:00,0.352371,1.0301472866666666
2021-03-05 00:00:00+00:00,0.20967790000000003,0.97929865
2021-03-06 00:00:00+00:00,0.44485835,0.9422206116666667
2021-03-07 00:00:00+00:00,0.5354038999999999,0.90584897
2021-03-08 00:00:00+00:00,0.40990595,0.8747278533333332
2021-03-09 00:00:00+00:00,0.73631815,0.8642341033333334
2021-03-10 00:00:00+00:00,0.7870531500000001,0.8497978666666667
2021-03-11 00:00:00+00:00,0.7091621499999999,0.8048048033333334
2021-03-12 00:00:00+00:00,0.8736165499999999,0.7779580799999999
2021-03-13 00:00:00+00:00,0.8231516499999999,0.7666570716666665
2021-03-14 00:00:00+00:00,1.2077083499999999,0.770841675
2021-03-15 00:00:00+00:00,0.6273839,0.7314029383333334
2021-03-16 00:00:00+00:00,0.34792165,0.6928898416666667
2021-03-17 00:00:00+00:00,0.4781646,0.6876059800000001
2021-03-18 00:00:00+00:00,0.749491,0.6722123483333333
2021-03-19 00:00:00+00:00,0.21083130000000003,0.6267863949999999
2021-03-20 00:00:00+00:00,0.7867830499999999,0.5902310366666667
2021-03-21 00:00:00+00:00,0.3552472,0.5545195583333332
2021-03-22 00:00:00+00:00,0.5160078,0.50212831
2021-03-23 00:00:00+00:00,0.22990984999999997,0.4851789266666667
2021-03-24 00:00:00+00:00,0.37577845000000004,0.4782932016666666
2021-03-25 00:00:00+00:00,0.2041737,0.479481885
2021-03-26 00:00:00+00:00,0.22787315,0.47715890333333333
2021-03-27 00:00:00+00:00,0.21895985,0.475582225
2021-03-28 00:00:00+00:00,0.3165134,0.47851779833333336
2021-03-29 00:00:00+00:00,0.5477591500000001,0.48580928166666665
2021-03-30 00:00:00+00:00,0.6106815000000001,0.5025153316666666
2021-03-31 00:00:00+00:00,0.8109935,0.518288685
2021-04-01 00:00:00+00:00,1.2072667,0.5433949666666665
2021-04-02 00:00:00+00:00,1.0541893500000001,0.5655052066666666
2021-04-03 00:00:00+00:00,1.1406469,0.59178107
2021-04-04 00:00:00+00:00,0.74745795,0.6097070716666667
2021-04-05 00:00:00+00:00,0.8493623,0.6231905366666666
2021-04-06 00:00:00+00:00,1.04790405,0.640273875
2021-04-07 00:00:00+00:00,0.5535152000000001,0.64506085
2021-04-08 00:00:00+00:00,0.2919927,0.6302500016666667
2021-04-09 00:00:00+00:00,0.5338417,0.6218096200000001
2021-04-10 00:00:00+00:00,1.240708,0.6395278149999999
2021-04-11 00:00:00+00:00,0.8517238499999998,0.6387980583333335
2021-04-12 00:00:00+00:00,1.21191315,0.6517567750000001
2021-04-13 00:00:00+00:00,1.2138513000000002,0.6519615400000001
2021-04-14 00:00:00+00:00,1.64982555,0.6860429283333332
2021-04-15 00:00:00+00:00,1.19910165,0.714415595
2021-04-16 00:00:00+00:00,1.4258214,0.746004155
2021-04-17 00:00:00+00:00,0.8707732000000001,0.7500468950000001
2021-04-18 00:00:00+00:00,0.43345575,0.7574677100000001
2021-04-19 00:00:00+00:00,0.262508,0.7399918750000001
2021-04-20 00:00:00+00:00,0.15066835,0.7331725800000001
2021-04-21 00:00:00+00:00,0.10950000000000001,0.7196223199999999
2021-04-22 00:00:00+00:00,0.16230089999999997,0.7173686883333334
2021-04-23 00:00:00+00:00,0.32938695,0.715822305
2021-04-24 00:00:00+00:00,0.18392714999999998,0.71514742
2021-04-25 00:00:00+00:00,0.10950000000000001,0.7112016483333333
2021-04-26 00:00:00+00:00,0.10950000000000001,0.7075529866666667
2021-04-27 00:00:00+00:00,0.22141995,0.704383205
2021-04-28 00:00:00+00:00,0.23124575,0.6938327583333334
2021-04-29 00:00:00+00:00,0.10950000000000001,0.6771267083333333
2021-04-30 00:00:00+00:00,0.2828385,0.6595215416666667
2021-05-01 00:00:00+00:00,0.20957204999999998,0.6262650533333335
2021-05-02 00:00:00+00:00,0.26708145,0.6000281233333333
2021-05-03 00:00:00+00:00,0.29793855,0.5719378450000001
2021-05-04 00:00:00+00:00,0.63521315,0.5681963516666666
2021-05-05 00:00:00+00:00,0.74700535,0.5647844533333334
2021-05-06 00:00:00+00:00,0.89707145,0.5597567
2021-05-07 00:00:00+00:00,0.41319459999999997,0.5550793466666667
2021-05-08 00:00:00+00:00,0.5383166000000001,0.5632901433333333
2021-05-09 00:00:00+00:00,0.56451265,0.5643125083333334
2021-05-10 00:00:00+00:00,0.7698434000000001,0.5486170216666667
2021-05-11 00:00:00+00:00,0.4161803,0.5340989033333334
2021-05-12 00:00:00+00:00,0.40822695000000003,0.5073093633333333
2021-05-13 00:00:00+00:00,0.23969550000000003,0.47483750333333336
2021-05-14 00:00:00+00:00,0.10950000000000001,0.42349331833333337
2021-05-15 00:00:00+00:00,0.4998383,0.40018454
2021-05-16 00:00:00+00:00,0.22872725000000002,0.36028140166666667
2021-05-17 00:00:00+00:00,0.4347807,0.34574831833333336
2021-05-18 00:00:00+00:00,0.32820435,0.3422399383333333
2021-05-19 00:00:00+00:00,-1.06952665,0.2978387833333333
2021-05-20 00:00:00+00:00,0.1161722,0.2966889116666667
2021-05-21 00:00:00+00:00,0.10950000000000001,0.2966889116666666
2021-05-22 00:00:00+00:00,0.10950000000000001,0.29492888166666664
2021-05-23 00:00:00+00:00,0.10950000000000001,0.28759931666666666
2021-05-24 00:00:00+00:00,0.10950000000000001,0.2851184116666667
2021-05-25 00:00:00+00:00,0.10950000000000001,0.2851184116666667
2021-05-26 00:00:00+00:00,0.10950000000000001,0.2851184116666667
2021-05-27 00:00:00+00:00,0.10950000000000001,0.28138774666666666
2021-05-28 00:00:00+00:00,0.10950000000000001,0.277329555
2021-05-29 00:00:00+00:00,0.10950000000000001,0.277329555
2021-05-30 00:00:00+00:00,0.10950000000000001,0.271551605
2021-05-31 00:00:00+00:00,0.10950000000000001,0.26821587
2021-06-01 00:00:00+00:00,0.10950000000000001,0.26296315500000006
2021-06-02 00:00:00+00:00,0.10950000000000001,0.25668187000000003
2021-06-03 00:00:00+00:00,0.10950000000000001,0.23915809833333335
2021-06-04 00:00:00+00:00,0.10950000000000001,0.21790792000000003
2021-06-05 00:00:00+00:00,0.10950000000000001,0.19165553833333335
2021-06-06 00:00:00+00:00,0.10950000000000001,0.18153238500000002
2021-06-07 00:00:00+00:00,0.10950000000000001,0.16723849833333337
2021-06-08 00:00:00+00:00,0.10950000000000001,0.15207141000000002
2021-06-09 00:00:00+00:00,0.10950000000000001,0.13005996333333336
2021-06-10 00:00:00+00:00,0.10950000000000001,0.11983728666666667
2021-06-11 00:00:00+00:00,0.10469295,0.10971948666666667
2021-06-12 00:00:00+00:00,0.10950000000000001,0.10537963666666668
2021-06-13 00:00:00+00:00,0.10950000000000001,0.10537963666666668
2021-06-14 00:00:00+00:00,0.08681525,0.09161220166666668
2021-06-15 00:00:00+00:00,0.10950000000000001,0.08763796000000003
2021-06-16 00:00:00+00:00,0.10950000000000001,0.07679527000000001
2021-06-17 00:00:00+00:00,0.10950000000000001,0.06950512500000001
2021-06-18 00:00:00+00:00,0.06924415,0.10746415166666666
2021-06-19 00:00:00+00:00,-0.03058335,0.10257230000000002
2021-06-20 00:00:00+00:00,-0.0694741,0.09660649666666667
2021-06-21 00:00:00+00:00,-0.0373979,0.09170990000000002
2021-06-22 00:00:00+00:00,0.04991375,0.08972369166666667
2021-06-23 00:00:00+00:00,-0.0428948,0.08464386500000001
2021-06-24 00:00:00+00:00,0.0568232,0.08288797166666667
2021-06-25 00:00:00+00:00,0.09930555,0.08254815666666668
2021-06-26 00:00:00+00:00,-0.06030165,0.07688810166666668
2021-06-27 00:00:00+00:00,-0.1718785,0.06750881833333336
2021-06-28 00:00:00+00:00,0.012158150000000001,0.06426409000000001
2021-06-29 00:00:00+00:00,0.009979099999999998,0.06094672666666667
2021-06-30 00:00:00+00:00,0.10950000000000001,0.06094672666666667
2021-07-01 00:00:00+00:00,0.09071345,0.06032050833333334
2021-07-02 00:00:00+00:00,-0.06287854999999999,0.05457455666666667
2021-07-03 00:00:00+00:00,0.02234165,0.05166927833333334
2021-07-04 00:00:00+00:00,0.10950000000000001,0.051669278333333346
2021-07-05 00:00:00+00:00,0.0723503,0.050430955000000006
2021-07-06 00:00:00+00:00,0.031203849999999998,0.04782108333333334
2021-07-07 00:00:00+00:00,0.0841033,0.04697452666666667
2021-07-08 00:00:00+00:00,0.0641086,0.045461480000000005
2021-07-09 00:00:00+00:00,0.08201915,0.04454545166666667
2021-07-10 00:00:00+00:00,0.10950000000000001,0.04454545166666667
2021-07-11 00:00:00+00:00,0.10950000000000001,0.04470568666666667
2021-07-12 00:00:00+00:00,0.10950000000000001,0.04470568666666667
2021-07-13 00:00:00+00:00,0.0677586,0.04331430666666668
2021-07-14 00:00:00+00:00,0.0673425,0.042665215
2021-07-15 00:00:00+00:00,0.09364075000000001,0.04213657333333334
2021-07-16 00:00:00+00:00,0.09776525000000001,0.041745415
2021-07-17 00:00:00+00:00,0.09239245,0.04117516333333334
2021-07-18 00:00:00+00:00,0.10950000000000001,0.042517025
2021-07-19 00:00:00+00:00,0.004376349999999999,0.043682348333333336
2021-07-20 00:00:00+00:00,-0.17845945000000002,0.04004950333333333
2021-07-21 00:00:00+00:00,-0.19776429999999998,0.03470395666666667
2021-07-22 00:00:00+00:00,0.10950000000000001,0.036690165000000004
2021-07-23 00:00:00+00:00,0.10454695,0.041604890000000005
2021-07-24 00:00:00+00:00,0.06345890000000001,0.04182608000000001
2021-07-25 00:00:00+00:00,0.0490852,0.04015206833333333
2021-07-26 00:00:00+00:00,0.10950000000000001,0.04581212333333333
2021-07-27 00:00:00+00:00,0.10950000000000001,0.05519140666666667
2021-07-28 00:00:00+00:00,0.0935057,0.057902991666666674
2021-07-29 00:00:00+00:00,0.09388895,0.06069998666666667
2021-07-30 00:00:00+00:00,0.10950000000000001,0.06069998666666667
2021-07-31 00:00:00+00:00,0.10950000000000001,0.061326205
2021-08-01 00:00:00+00:00,0.10950000000000001,0.06707215666666667
2021-08-02 00:00:00+00:00,0.10950000000000001,0.069977435
2021-08-03 00:00:00+00:00,0.07577035,0.06885311333333334
2021-08-04 00:00:00+00:00,0.07176995,0.06883376833333334
2021-08-05 00:00:00+00:00,0.10950000000000001,0.07144364000000002
2021-08-06 00:00:00+00:00,0.10950000000000001,0.07229019666666667
2021-08-07 00:00:00+00:00,0.13943730000000001,0.07480115333333333
2021-08-08 00:00:00+00:00,0.12273855,0.07615846666666667
2021-08-09 00:00:00+00:00,0.16569175,0.07803152500000002
2021-08-10 00:00:00+00:00,0.23992909999999998,0.08237916166666667
2021-08-11 00:00:00+00:00,0.287839,0.08832379500000001
2021-08-12 00:00:00+00:00,0.15398255,0.09119792666666666
2021-08-13 00:00:00+00:00,0.22701539999999998,0.09652035666666667
2021-08-14 00:00:00+00:00,0.31642215,0.10394640333333334
2021-08-15 00:00:00+00:00,0.22908495,0.10832372666666666
2021-08-16 00:00:00+00:00,0.16714445000000003,0.11081546
2021-08-17 00:00:00+00:00,0.10950000000000001,0.11081546
2021-08-18 00:00:00+00:00,0.10950000000000001,0.11431958166666667
2021-08-19 00:00:00+00:00,0.10950000000000001,0.12391823
2021-08-20 00:00:00+00:00,0.27393249999999997,0.1396414566666667
2021-08-21 00:00:00+00:00,0.2071229,0.14289555333333331
2021-08-22 00:00:00+00:00,0.1849309,0.14557501833333336
2021-08-23 00:00:00+00:00,0.57919295,0.16276615333333336
2021-08-24 00:00:00+00:00,0.43407260000000003,0.17559906666666666
2021-08-25 00:00:00+00:00,0.16958265000000003,0.1776018216666667
2021-08-26 00:00:00+00:00,0.10950000000000001,0.1776018216666667
2021-08-27 00:00:00+00:00,0.10950000000000001,0.178134965
2021-08-28 00:00:00+00:00,0.12957135,0.17932437833333334
2021-08-29 00:00:00+00:00,0.13424335,0.1801491566666667
2021-08-30 00:00:00+00:00,0.10950000000000001,0.1801491566666667
2021-08-31 00:00:00+00:00,0.14858055,0.18145184166666667
2021-09-01 00:00:00+00:00,0.10950000000000001,0.18145184166666667
2021-09-02 00:00:00+00:00,0.490706,0.19528303000000002
2021-09-03 00:00:00+00:00,0.4763396,0.208768685
2021-09-04 00:00:00+00:00,0.8175014500000001,0.23236873333333335
2021-09-05 00:00:00+00:00,0.7645180500000001,0.2542026683333333
2021-09-06 00:00:00+00:00,0.625318,0.27039869166666664
2021-09-07 00:00:00+00:00,0.49134839999999996,0.28268568666666666
2021-09-08 00:00:00+00:00,0.10950000000000001,0.2808126283333333
2021-09-09 00:00:00+00:00,0.10950000000000001,0.2764649916666667
2021-09-10 00:00:00+00:00,0.10950000000000001,0.2705203583333333
2021-09-11 00:00:00+00:00,0.10950000000000001,0.2690376066666667
2021-09-12 00:00:00+00:00,0.10950000000000001,0.2651204266666667
2021-09-13 00:00:00+00:00,0.10950000000000001,0.25822302166666666
2021-09-14 00:00:00+00:00,0.10950000000000001,0.2542368566666667
2021-09-15 00:00:00+00:00,0.10950000000000001,0.252315375
2021-09-16 00:00:00+00:00,0.10950000000000001,0.252315375
2021-09-17 00:00:00+00:00,0.10950000000000001,0.252315375
2021-09-18 00:00:00+00:00,0.10950000000000001,0.252315375
2021-09-19 00:00:00+00:00,0.10950000000000001,0.24683429166666668
2021-09-20 00:00:00+00:00,0.10950000000000001,0.243580195
2021-09-21 00:00:00+00:00,0.10950000000000001,0.24106583166666665
2021-09-22 00:00:00+00:00,0.10950000000000001,0.22540940000000004
2021-09-23 00:00:00+00:00,0.10950000000000001,0.21459031333333334
2021-09-24 00:00:00+00:00,-0.0375585,0.20768560833333333
2021-09-25 00:00:00+00:00,0.0027119499999999994,0.20412600666666667
2021-09-26 00:00:00+00:00,0.05643265000000001,0.20235709500000001
2021-09-27 00:00:00+00:00,0.10950000000000001,0.20168805
2021-09-28 00:00:00+00:00,0.012680099999999998,0.19763594166666668
2021-09-29 00:00:00+00:00,-0.002237449999999999,0.19391136
2021-09-30 00:00:00+00:00,0.025728850000000004,0.18981630333333335
2021-10-01 00:00:00+00:00,0.060849150000000005,0.18819460833333335
2021-10-02 00:00:00+00:00,0.10950000000000001,0.17548774166666667
2021-10-03 00:00:00+00:00,0.10950000000000001,0.163259755
2021-10-04 00:00:00+00:00,0.10950000000000001,0.13965970666666666
2021-10-05 00:00:00+00:00,0.10950000000000001,0.11782577166666668
2021-10-06 00:00:00+00:00,0.12527895,0.10115780333333334
2021-10-07 00:00:00+00:00,0.278276,0.09405539000000002
2021-10-08 00:00:00+00:00,0.20186325000000002,0.09713416500000001
2021-10-09 00:00:00+00:00,0.10950000000000001,0.09713416500000001
2021-10-10 00:00:00+00:00,0.10950000000000001,0.09713416500000001
2021-10-11 00:00:00+00:00,0.19370550000000003,0.09994101500000001
2021-10-12 00:00:00+00:00,0.10950000000000001,0.09994101500000001
2021-10-13 00:00:00+00:00,0.10950000000000001,0.09994101500000002
2021-10-14 00:00:00+00:00,0.28992315,0.10595512000000001
2021-10-15 00:00:00+00:00,0.37796480000000005,0.11490394666666667
2021-10-16 00:00:00+00:00,0.39421825,0.124394555
2021-10-17 00:00:00+00:00,0.4544834,0.13589400166666668
2021-10-18 00:00:00+00:00,0.2988401,0.14220533833333335
2021-10-19 00:00:00+00:00,0.33897914999999995,0.14985464333333334
2021-10-20 00:00:00+00:00,0.45744355,0.16145276166666667
2021-10-21 00:00:00+00:00,0.6663367000000001,0.18001398500000002
2021-10-22 00:00:00+00:00,0.37162110000000004,0.188751355
2021-10-23 00:00:00+00:00,0.23230789999999998,0.19284495166666668
2021-10-24 00:00:00+00:00,0.38200170000000006,0.2068302916666667
2021-10-25 00:00:00+00:00,0.4221152,0.2208104
2021-10-26 00:00:00+00:00,0.43794890000000003,0.23352760833333336
2021-10-27 00:00:00+00:00,0.37561419999999995,0.24239808166666668
2021-10-28 00:00:00+00:00,0.1443794,0.24678805833333334
2021-10-29 00:00:00+00:00,0.3784466,0.2594775266666667
2021-10-30 00:00:00+00:00,0.3064321,0.26883430166666666
2021-10-31 00:00:00+00:00,0.16593265,0.27233708500000003
2021-11-01 00:00:00+00:00,0.23569145,0.2765434666666666
2021-11-02 00:00:00+00:00,0.4306342999999999,0.2872479433333333
2021-11-03 00:00:00+00:00,0.2926497,0.2933529333333334
2021-11-04 00:00:00+00:00,0.3921852,0.30277577333333333
2021-11-05 00:00:00+00:00,0.255938,0.307131075
2021-11-06 00:00:00+00:00,0.34087715,0.30921778
2021-11-07 00:00:00+00:00,0.26989559999999996,0.31148552500000004
2021-11-08 00:00:00+00:00,0.26542435000000003,0.3166830033333333
2021-11-09 00:00:00+00:00,0.10950000000000001,0.3166830033333333
2021-11-10 00:00:00+00:00,0.25334650000000003,0.31867103666666663
2021-11-11 00:00:00+00:00,0.1568551,0.32024954
2021-11-12 00:00:00+00:00,0.10950000000000001,0.32024954
2021-11-13 00:00:00+00:00,0.10950000000000001,0.314235435
2021-11-14 00:00:00+00:00,0.10950000000000001,0.3052866083333333
2021-11-15 00:00:00+00:00,0.20999545,0.29914584833333335
2021-11-16 00:00:00+00:00,0.13049845,0.28834635000000003
2021-11-17 00:00:00+00:00,0.10950000000000001,0.2820350133333333
2021-11-18 00:00:00+00:00,0.10950000000000001,0.27438570833333337
2021-11-19 00:00:00+00:00,0.10950000000000001,0.26278759
2021-11-20 00:00:00+00:00,0.10950000000000001,0.24422636666666667
2021-11-21 00:00:00+00:00,0.10950000000000001,0.23548899666666667
2021-11-22 00:00:00+00:00,0.10950000000000001,0.2313954
2021-11-23 00:00:00+00:00,0.10950000000000001,0.22231201
2021-11-24 00:00:00+00:00,0.10950000000000001,0.21189150333333334
2021-11-25 00:00:00+00:00,0.20125005,0.20400154166666667
2021-11-26 00:00:00+00:00,0.23084425,0.19917587666666667
2021-11-27 00:00:00+00:00,0.10950000000000001,0.19801322999999998
2021-11-28 00:00:00+00:00,0.10950000000000001,0.18904834333333334
2021-11-29 00:00:00+00:00,0.10950000000000001,0.18248394
2021-11-30 00:00:00+00:00,0.1430873,0.18172242833333335
2021-12-01 00:00:00+00:00,0.1323125,0.17827646333333333
2021-12-02 00:00:00+00:00,0.10950000000000001,0.1675719866666667
2021-12-03 00:00:00+00:00,0.1188513,0.16177870666666666
2021-12-04 00:00:00+00:00,0.09702795,0.15194013166666667
2021-12-05 00:00:00+00:00,0.10950000000000001,0.147058865
2021-12-06 00:00:00+00:00,0.10950000000000001,0.13934629333333334
2021-12-07 00:00:00+00:00,0.09876900000000001,0.13364207333333333
2021-12-08 00:00:00+00:00,0.10950000000000001,0.12844459500000002
2021-12-09 00:00:00+00:00,0.10950000000000001,0.12844459500000002
2021-12-10 00:00:00+00:00,0.06921495,0.12230687666666668
2021-12-11 00:00:00+00:00,0.10482435,0.12057251833333335
2021-12-12 00:00:00+00:00,0.10950000000000001,0.12057251833333334
2021-12-13 00:00:00+00:00,0.029889850000000003,0.11791884666666667
2021-12-14 00:00:00+00:00,0.05377545,0.11606136166666668
2021-12-15 00:00:00+00:00,0.10950000000000001,0.11271151333333335
2021-12-16 00:00:00+00:00,0.08480410000000001,0.11118836833333333
2021-12-17 00:00:00+00:00,0.10950000000000001,0.11118836833333333
2021-12-18 00:00:00+00:00,0.09279029999999999,0.11063137833333334
2021-12-19 00:00:00+00:00,0.08888845,0.10994432666666668
2021-12-20 00:00:00+00:00,0.10950000000000001,0.10994432666666668
2021-12-21 00:00:00+00:00,0.10950000000000001,0.10994432666666668
2021-12-22 00:00:00+00:00,0.10950000000000001,0.10994432666666668
2021-12-23 00:00:00+00:00,0.08534794999999999,0.10913925833333334
2021-12-24 00:00:00+00:00,0.10950000000000001,0.10913925833333334
2021-12-25 00:00:00+00:00,0.10950000000000001,0.10608092333333334
2021-12-26 00:00:00+00:00,0.10950000000000001,0.10203611500000001
2021-12-27 00:00:00+00:00,0.10950000000000001,0.102036115
2021-12-28 00:00:00+00:00,0.060152,0.10039118166666669
2021-12-29 00:00:00+00:00,0.09096895,0.09977348000000001
2021-12-30 00:00:00+00:00,0.0674082,0.09725084333333335
2021-12-31 00:00:00+00:00,0.06504665,0.09500864833333335
2022-01-01 00:00:00+00:00,0.10950000000000001,0.09500864833333335
2022-01-02 00:00:00+00:00,0.046913449999999995,0.09261072
2022-01-03 00:00:00+00:00,0.07099615000000001,0.09174299333333333
2022-01-04 00:00:00+00:00,0.10950000000000001,0.09174299333333334
2022-01-05 00:00:00+00:00,0.10950000000000001,0.09174299333333334
2022-01-06 00:00:00+00:00,0.07193419999999999,0.09084850000000001
2022-01-07 00:00:00+00:00,0.08006275,0.08986725833333334
2022-01-08 00:00:00+00:00,0.10950000000000001,0.08986725833333332
2022-01-09 00:00:00+00:00,0.030061400000000002,0.08856214000000001
2022-01-10 00:00:00+00:00,-0.07064575000000001,0.08271313666666667
2022-01-11 00:00:00+00:00,0.0690434,0.08136458333333335
2022-01-12 00:00:00+00:00,-0.06808710000000001,0.07809868500000001
2022-01-13 00:00:00+00:00,0.022779650000000002,0.07706549166666667
2022-01-14 00:00:00+00:00,0.0682769,0.07569138833333335
2022-01-15 00:00:00+00:00,0.1081568,0.07646981166666668
2022-01-16 00:00:00+00:00,0.0751681,0.075325415
2022-01-17 00:00:00+00:00,0.003609850000000001,0.07235273333333335
2022-01-18 00:00:00+00:00,0.07728875,0.07196607666666667
2022-01-19 00:00:00+00:00,0.066722,0.07054014333333333
2022-01-20 00:00:00+00:00,0.10950000000000001,0.07054014333333333
2022-01-21 00:00:00+00:00,0.006303550000000001,0.06710026166666667
2022-01-22 00:00:00+00:00,0.09662280000000001,0.06747609
2022-01-23 00:00:00+00:00,-0.031127200000000004,0.06278851666666667
2022-01-24 00:00:00+00:00,0.030021250000000003,0.060139225000000004
2022-01-25 00:00:00+00:00,-0.0012921000000000037,0.056446155000000005
2022-01-26 00:00:00+00:00,-0.1170117,0.048895765
2022-01-27 00:00:00+00:00,-0.07363145,0.04443631666666667
2022-01-28 00:00:00+00:00,-0.06134919999999999,0.039359045
2022-01-29 00:00:00+00:00,0.02975845,0.03810405333333334
2022-01-30 00:00:00+00:00,-0.0025513499999999995,0.03585078666666667
2022-01-31 00:00:00+00:00,-0.024451349999999997,0.03138574166666667
2022-02-01 00:00:00+00:00,-0.07691645,0.027258078333333335
2022-02-02 00:00:00+00:00,-0.0214109,0.024177843333333334
2022-02-03 00:00:00+00:00,-0.18894225,0.014229768333333337
2022-02-04 00:00:00+00:00,0.1050689,0.014082065000000003
2022-02-05 00:00:00+00:00,0.07959555,0.014337443333333337
2022-02-06 00:00:00+00:00,0.10950000000000001,0.015318685000000002
2022-02-07 00:00:00+00:00,0.0325434,0.012753465
2022-02-08 00:00:00+00:00,0.0705837,0.014104208333333335
2022-02-09 00:00:00+00:00,0.0618821,0.018521803333333333
2022-02-10 00:00:00+00:00,-0.0150672,0.015718116666666667
2022-02-11 00:00:00+00:00,-0.0223015,0.017244303333333336
2022-02-12 00:00:00+00:00,0.10950000000000001,0.02013498166666667
2022-02-13 00:00:00+00:00,0.018341249999999996,0.018470460000000005
2022-02-14 00:00:00+00:00,0.09312245,0.017969315
2022-02-15 00:00:00+00:00,0.025009800000000002,0.016297371666666668
2022-02-16 00:00:00+00:00,0.10950000000000001,0.019827043333333336
2022-02-17 00:00:00+00:00,0.0597943,0.019243895000000004
2022-02-18 00:00:00+00:00,-0.0348356,0.01585864166666667
2022-02-19 00:00:00+00:00,0.0800153,0.014875818333333336
2022-02-20 00:00:00+00:00,0.01945085,0.015314061666666668
2022-02-21 00:00:00+00:00,5.839999999999944e-05,0.012095248333333336
2022-02-22 00:00:00+00:00,0.01166905,0.01352179
2022-02-23 00:00:00+00:00,0.005905699999999999,0.012717938333333335
2022-02-24 00:00:00+00:00,-0.03946745,0.011445426666666668
2022-02-25 00:00:00+00:00,0.10950000000000001,0.01899581666666667
2022-02-26 00:00:00+00:00,0.10950000000000001,0.025100198333333337
2022-02-27 00:00:00+00:00,0.07485055,0.029640190000000004
2022-02-28 00:00:00+00:00,-0.06756515,0.026396070000000004
2022-03-01 00:00:00+00:00,0.10950000000000001,0.030131115
2022-03-02 00:00:00+00:00,0.10950000000000001,0.03459616
2022-03-03 00:00:00+00:00,0.10950000000000001,0.040810041666666665
2022-03-04 00:00:00+00:00,0.10950000000000001,0.04517373833333334
2022-03-05 00:00:00+00:00,0.035682399999999996,0.052661226666666665
2022-03-06 00:00:00+00:00,0.015673099999999995,0.04968136666666667
2022-03-07 00:00:00+00:00,0.042259700000000004,0.048436838333333336
2022-03-08 00:00:00+00:00,0.036412400000000004,0.04600058500000001
2022-03-09 00:00:00+00:00,0.0957176,0.048106391666666665
2022-03-10 00:00:00+00:00,0.042372850000000004,0.047166030000000005
2022-03-11 00:00:00+00:00,0.017676949999999997,0.045692525000000005
2022-03-12 00:00:00+00:00,0.077672,0.04878383166666667
2022-03-13 00:00:00+00:00,0.034375699999999995,0.05067307166666667
2022-03-14 00:00:00+00:00,0.0352152,0.04819691166666666
2022-03-15 00:00:00+00:00,0.01760395,0.048172335
2022-03-16 00:00:00+00:00,0.08923154999999999,0.04804263833333334
2022-03-17 00:00:00+00:00,0.10950000000000001,0.05085897833333333
2022-03-18 00:00:00+00:00,0.0752849,0.049718475000000005
2022-03-19 00:00:00+00:00,0.10950000000000001,0.05137533166666667
2022-03-20 00:00:00+00:00,0.10950000000000001,0.05618651833333334
2022-03-21 00:00:00+00:00,0.10950000000000001,0.05716934166666667
2022-03-22 00:00:00+00:00,0.10950000000000001,0.060170980000000006
2022-03-23 00:00:00+00:00,0.0544653,0.061984543333333336
2022-03-24 00:00:00+00:00,0.06638255,0.06380832666666668
2022-03-25 00:00:00+00:00,0.10950000000000001,0.06726147
2022-03-26 00:00:00+00:00,0.09117335,0.07161616333333334
2022-03-27 00:00:00+00:00,0.024071750000000003,0.068768555
2022-03-28 00:00:00+00:00,0.10950000000000001,0.068768555
2022-03-29 00:00:00+00:00,0.10318184999999999,0.06971293166666667
2022-03-30 00:00:00+00:00,0.10950000000000001,0.07561510333333335
2022-03-31 00:00:00+00:00,0.10950000000000001,0.07561510333333334
2022-04-01 00:00:00+00:00,0.10950000000000001,0.07561510333333334
2022-04-02 00:00:00+00:00,0.10950000000000001,0.07561510333333335
2022-04-03 00:00:00+00:00,0.10950000000000001,0.07561510333333335
2022-04-04 00:00:00+00:00,0.0835704,0.07721137000000002
2022-04-05 00:00:00+00:00,0.1021051,0.08009243666666667
2022-04-06 00:00:00+00:00,0.0037485500000000033,0.07880873166666667
2022-04-07 00:00:00+00:00,0.0127531,0.07802008833333333
2022-04-08 00:00:00+00:00,-0.01159605,0.07444296666666667
2022-04-09 00:00:00+00:00,0.10950000000000001,0.07668053833333334
2022-04-10 00:00:00+00:00,0.09482700000000001,0.07925220666666669
2022-04-11 00:00:00+00:00,0.0900674,0.07966538666666668
2022-04-12 00:00:00+00:00,-0.0854319,0.07567180000000001
2022-04-13 00:00:00+00:00,-0.058093399999999996,0.07256151333333333
2022-04-14 00:00:00+00:00,0.0012483000000000004,0.07201632500000002
2022-04-15 00:00:00+00:00,-0.0592468,0.06706704666666667
2022-04-16 00:00:00+00:00,-0.06766005000000001,0.06116171166666668
2022-04-17 00:00:00+00:00,-0.003799649999999999,0.058525560000000004
2022-04-18 00:00:00+00:00,-0.08335140000000002,0.05209718
2022-04-19 00:00:00+00:00,0.05367325,0.050236288333333344
2022-04-20 00:00:00+00:00,0.0601885,0.04859257166666667
2022-04-21 00:00:00+00:00,-0.08586260000000001,0.04208048500000001
2022-04-22 00:00:00+00:00,-0.11578165,0.03640558666666668
2022-04-23 00:00:00+00:00,-0.05442515,0.03237866333333333
2022-04-24 00:00:00+00:00,-0.0525673,0.02697642
2022-04-25 00:00:00+00:00,-0.12140995,0.019890310000000005
2022-04-26 00:00:00+00:00,0.09121715,0.02212849
2022-04-27 00:00:00+00:00,-0.13629465000000002,0.013935335
2022-04-28 00:00:00+00:00,0.00930385,0.010806068333333333
2022-04-29 00:00:00+00:00,0.0897097,0.01014639166666667
2022-04-30 00:00:00+00:00,-0.07239409999999999,0.004083255
2022-05-01 00:00:00+00:00,-0.1014627,-0.0029488349999999995
2022-05-02 00:00:00+00:00,-0.011022999999999998,-0.0069662683333333334
2022-05-03 00:00:00+00:00,0.08735545,-0.007704420000000001
2022-05-04 00:00:00+00:00,0.10665664999999999,-0.006934878333333334
2022-05-05 00:00:00+00:00,0.10950000000000001,-0.006688381666666668
2022-05-06 00:00:00+00:00,-0.0362007,-0.008020023333333334
2022-05-07 00:00:00+00:00,0.0843807,-0.005632436666666667
2022-05-08 00:00:00+00:00,0.10901455,-0.0016120833333333339
2022-05-09 00:00:00+00:00,0.10655445000000001,-0.0017102683333333336
2022-05-10 00:00:00+00:00,0.09464815,-0.0017162300000000015
2022-05-11 00:00:00+00:00,0.09211505,-0.0016479750000000005
2022-05-12 00:00:00+00:00,-0.46329085,-0.014243273333333334
2022-05-13 00:00:00+00:00,-0.10167805,-0.015696095
2022-05-14 00:00:00+00:00,0.07678505000000001,-0.013178203333333334
2022-05-15 00:00:00+00:00,0.08870960000000001,-0.008246323333333333
2022-05-16 00:00:00+00:00,0.0717809,-0.003598291666666667
2022-05-17 00:00:00+00:00,-0.02724725,-0.004379878333333333
2022-05-18 00:00:00+00:00,-0.006015200000000002,-0.001802004999999999
2022-05-19 00:00:00+00:00,-0.004109900000000001,-0.0037281099999999993
2022-05-20 00:00:00+00:00,0.09726155,-0.0024923416666666654
2022-05-21 00:00:00+00:00,0.0254113,0.0012167883333333346
2022-05-22 00:00:00+00:00,0.0715546,0.007461330000000001
2022-05-23 00:00:00+00:00,0.10950000000000001,0.012925501666666669
2022-05-24 00:00:00+00:00,-0.06121415,0.012637273333333336
2022-05-25 00:00:00+00:00,0.0644298,0.01883193166666667
2022-05-26 00:00:00+00:00,-0.0038544000000000026,0.015662880000000004
2022-05-27 00:00:00+00:00,0.05546905,0.022055003333333337
2022-05-28 00:00:00+00:00,0.0712042,0.024118348333333334
2022-05-29 00:00:00+00:00,0.0496181,0.02278196166666667
2022-05-30 00:00:00+00:00,0.0661161,0.027398968333333332
2022-05-31 00:00:00+00:00,0.10132765,0.03415864666666667
2022-06-01 00:00:00+00:00,0.10950000000000001,0.038176079999999994
2022-06-02 00:00:00+00:00,-0.001014699999999999,0.03523040833333334
2022-06-03 00:00:00+00:00,0.06569635,0.033865065
2022-06-04 00:00:00+00:00,0.08395,0.03301339833333334
2022-06-05 00:00:00+00:00,0.05299070000000001,0.035986445000000006
2022-06-06 00:00:00+00:00,0.10802905,0.036774723333333335
2022-06-07 00:00:00+00:00,0.029510250000000002,0.03412458
2022-06-08 00:00:00+00:00,0.09869965,0.033862753333333336
2022-06-09 00:00:00+00:00,0.09278665,0.033800703333333335
2022-06-10 00:00:00+00:00,0.0334121,0.031843938333333335
2022-06-11 00:00:00+00:00,-0.1510735,0.04225118333333333
2022-06-12 00:00:00+00:00,-0.0830959,0.042870588333333334
2022-06-13 00:00:00+00:00,-0.013811600000000002,0.0398507
2022-06-14 00:00:00+00:00,-0.044259900000000005,0.03541838333333333
2022-06-15 00:00:00+00:00,-0.0830448,0.030257526666666666
2022-06-16 00:00:00+00:00,-0.0191698,0.030526775
2022-06-17 00:00:00+00:00,-0.12053029999999999,0.026709605
2022-06-18 00:00:00+00:00,-0.16077154999999999,0.02148755
2022-06-19 00:00:00+00:00,-0.0964038,0.015032038333333332
2022-06-20 00:00:00+00:00,0.059378200000000006,0.016164268333333336
2022-06-21 00:00:00+00:00,0.05855695,0.015731013333333335
2022-06-22 00:00:00+00:00,-0.05883800000000001,0.010119746666666667
2022-06-23 00:00:00+00:00,-0.07685075,0.009598526666666668
2022-06-24 00:00:00+00:00,0.08047885,0.010133495000000001
2022-06-25 00:00:00+00:00,-0.0004744999999999976,0.010246158333333335
2022-06-26 00:00:00+00:00,0.015749750000000003,0.00892218166666667
2022-06-27 00:00:00+00:00,-0.06636065,0.00433668666666667
2022-06-28 00:00:00+00:00,0.017582050000000002,0.003268818333333336
2022-06-29 00:00:00+00:00,0.02207155,0.0018006666666666694
2022-06-30 00:00:00+00:00,-0.09121715,-0.004617493333333331
2022-07-01 00:00:00+00:00,-0.0665687,-0.010486449999999998
2022-07-02 00:00:00+00:00,-0.03378075,-0.011578651666666665
2022-07-03 00:00:00+00:00,0.0029564999999999926,-0.013669979999999997
2022-07-04 00:00:00+00:00,0.002189999999999999,-0.01639531333333333
2022-07-05 00:00:00+00:00,0.02505725,-0.01732642833333333
2022-07-06 00:00:00+00:00,0.08896145,-0.017962014999999998
2022-07-07 00:00:00+00:00,0.09815215000000001,-0.015673951666666665
2022-07-08 00:00:00+00:00,0.09309325,-0.015860831666666665
2022-07-09 00:00:00+00:00,0.04018285,-0.017614291666666664
2022-07-10 00:00:00+00:00,0.0771902,-0.016155021666666665
2022-07-11 00:00:00+00:00,0.04083255,-0.00975815333333333
2022-07-12 00:00:00+00:00,-0.02254605,-0.007739824999999997
2022-07-13 00:00:00+00:00,-0.18377385,-0.013405233333333329
2022-07-14 00:00:00+00:00,-0.0608601,-0.01395857333333333
2022-07-15 00:00:00+00:00,0.0518811,-0.00946104333333333
2022-07-16 00:00:00+00:00,0.05894385000000001,-0.006857254999999996
2022-07-17 00:00:00+00:00,0.03419685,-0.0016996833333333301
2022-07-18 00:00:00+00:00,0.0159432,0.004190808333333336
2022-07-19 00:00:00+00:00,0.0884833,0.01035371166666667
2022-07-20 00:00:00+00:00,0.015070850000000002,0.0088768
2022-07-21 00:00:00+00:00,0.10950000000000001,0.01057490166666667
2022-07-22 00:00:00+00:00,0.10700705000000002,0.016103070000000004
2022-07-23 00:00:00+00:00,0.0803146,0.021341915000000003
2022-07-24 00:00:00+00:00,0.10950000000000001,0.022309286666666667
2022-07-25 00:00:00+00:00,0.059495,0.024308270000000007
2022-07-26 00:00:00+00:00,0.08701964999999999,0.026683933333333337
2022-07-27 00:00:00+00:00,0.0447855,0.030388805000000005
2022-07-28 00:00:00+00:00,0.10950000000000001,0.03345273666666667
2022-07-29 00:00:00+00:00,0.10950000000000001,0.036367018333333334
2022-07-30 00:00:00+00:00,0.09142885,0.042455218333333336
2022-07-31 00:00:00+00:00,0.07285035000000001,0.04710252000000001
2022-08-01 00:00:00+00:00,0.09529420000000001,0.05140501833333334
2022-08-02 00:00:00+00:00,0.0482165,0.05291368500000001
2022-08-03 00:00:00+00:00,0.015362849999999999,0.05335278000000001
2022-08-04 00:00:00+00:00,0.058414600000000004,0.05446469166666667
2022-08-05 00:00:00+00:00,0.10091885,0.05486327166666667
2022-08-06 00:00:00+00:00,0.10950000000000001,0.05524153333333334
2022-08-07 00:00:00+00:00,0.038408950000000004,0.05341872333333334
2022-08-08 00:00:00+00:00,0.04188375,0.05347542000000001
2022-08-09 00:00:00+00:00,-0.03167105,0.04984671166666667
2022-08-10 00:00:00+00:00,-0.013187449999999998,0.048046045
2022-08-11 00:00:00+00:00,0.05903875,0.05076553833333334
2022-08-12 00:00:00+00:00,0.0588307,0.05885235666666667
2022-08-13 00:00:00+00:00,0.052768050000000004,0.06263996166666667
2022-08-14 00:00:00+00:00,0.04254075,0.06232861666666668
2022-08-15 00:00:00+00:00,-0.027813000000000004,0.05943672166666667
2022-08-16 00:00:00+00:00,0.0008395000000000031,0.058324810000000005
2022-08-17 00:00:00+00:00,0.060542549999999994,0.059811455
2022-08-18 00:00:00+00:00,0.055574899999999997,0.05871450833333334
2022-08-19 00:00:00+00:00,0.06099150000000001,0.060245196666666674
2022-08-20 00:00:00+00:00,0.0065882499999999995,0.056814805
2022-08-21 00:00:00+00:00,-0.01954575,0.05259637833333333
2022-08-22 00:00:00+00:00,0.031981300000000004,0.05098526833333334
2022-08-23 00:00:00+00:00,-0.016629400000000003,0.046780955
2022-08-24 00:00:00+00:00,-0.0388871,0.04350155166666667
2022-08-25 00:00:00+00:00,-0.030879,0.03957159666666667
2022-08-26 00:00:00+00:00,0.058418250000000005,0.040026021666666675
2022-08-27 00:00:00+00:00,-0.2033196,0.02959870166666667
2022-08-28 00:00:00+00:00,-0.18380305,0.019821933333333337
2022-08-29 00:00:00+00:00,-0.17705055,0.010872620000000005
2022-08-30 00:00:00+00:00,-0.08011385000000001,0.005773813333333336
2022-08-31 00:00:00+00:00,-0.014859149999999998,0.002102035000000002
2022-09-01 00:00:00+00:00,-0.030488450000000004,-0.0005214633333333313
2022-09-02 00:00:00+00:00,0.025258,-0.00019162499999999792
2022-09-03 00:00:00+00:00,-0.11746065,-0.006054133333333332
2022-09-04 00:00:00+00:00,-0.0433328,-0.010862521666666665
2022-09-05 00:00:00+00:00,-0.05262935,-0.01626683333333333
2022-09-06 00:00:00+00:00,-0.11757015000000001,-0.021466136666666667
2022-09-07 00:00:00+00:00,-0.22861045000000002,-0.03048261
2022-09-08 00:00:00+00:00,-0.0221336,-0.030164695000000002
2022-09-09 00:00:00+00:00,-0.08973524999999999,-0.032716288333333336
2022-09-10 00:00:00+00:00,-0.1520955,-0.03975409666666666
2022-09-11 00:00:00+00:00,-0.2184817,-0.04899784333333334
2022-09-12 00:00:00+00:00,-0.3684821,-0.063039515
2022-09-13 00:00:00+00:00,-0.4489573,-0.07942278333333334
2022-09-14 00:00:00+00:00,-1.7001043,-0.13516582666666668
2022-09-15 00:00:00+00:00,-1.93200705,-0.199594045
2022-09-16 00:00:00+00:00,0.03280985,-0.2005184683333333
2022-09-17 00:00:00+00:00,0.07089759999999999,-0.20000771166666667
2022-09-18 00:00:00+00:00,0.05627205,-0.20016502666666666
2022-09-19 00:00:00+00:00,-0.07485785,-0.20287989666666664
2022-09-20 00:00:00+00:00,-0.08248635,-0.20497791666666665
2022-09-21 00:00:00+00:00,-0.050333499999999996,-0.20772174333333335
2022-09-22 00:00:00+00:00,-0.22162069999999998,-0.21455478666666666
2022-09-23 00:00:00+00:00,-0.041088049999999994,-0.21462815166666668
2022-09-24 00:00:00+00:00,-0.007869399999999999,-0.213861165
2022-09-25 00:00:00+00:00,-0.013581650000000002,-0.21626116166666665
2022-09-26 00:00:00+00:00,0.0330106,-0.20838348833333334
2022-09-27 00:00:00+00:00,0.0192501,-0.20161505000000002
2022-09-28 00:00:00+00:00,-0.03992735,-0.19704427666666666
2022-09-29 00:00:00+00:00,0.06625845,-0.19216519999999998
2022-09-30 00:00:00+00:00,0.0669629,-0.18943779833333335
2022-10-01 00:00:00+00:00,0.07358035,-0.18596883833333333
2022-10-02 00:00:00+00:00,0.01259615,-0.18639090000000003
2022-10-03 00:00:00+00:00,-0.0036463500000000005,-0.18259709
2022-10-04 00:00:00+00:00,0.07823044999999999,-0.17854498166666669
2022-10-05 00:00:00+00:00,-0.0031134500000000007,-0.17689445166666667
2022-10-06 00:00:00+00:00,0.023564400000000003,-0.17218996666666667
2022-10-07 00:00:00+00:00,0.02115175,-0.16386456
2022-10-08 00:00:00+00:00,0.0797014,-0.16047006
2022-10-09 00:00:00+00:00,0.0020294,-0.15741123833333334
2022-10-10 00:00:00+00:00,0.03608025,-0.1511387133333333
2022-10-11 00:00:00+00:00,0.055078499999999996,-0.14202004
2022-10-12 00:00:00+00:00,0.0290905,-0.12876762
2022-10-13 00:00:00+00:00,-0.07367525,-0.11625821833333333
2022-10-14 00:00:00+00:00,0.07373,-0.057130408333333334
2022-10-15 00:00:00+00:00,0.01679365,0.007829615000000002
2022-10-16 00:00:00+00:00,-0.0014600000000000008,0.006687286666666668
2022-10-17 00:00:00+00:00,0.03633575,0.005535225000000001
2022-10-18 00:00:00+00:00,0.0746352,0.006147330000000002
2022-10-19 00:00:00+00:00,0.07590540000000001,0.01117277166666667
2022-10-20 00:00:00+00:00,0.007128449999999999,0.01415993166666667
2022-10-21 00:00:00+00:00,0.05304910000000001,0.017606018333333338
2022-10-22 00:00:00+00:00,-0.0071321,0.024755638333333337
2022-10-23 00:00:00+00:00,0.04882605,0.027752775
2022-10-24 00:00:00+00:00,0.06054985,0.030033416666666667
2022-10-25 00:00:00+00:00,-0.0004854499999999997,0.03046995666666667
2022-10-26 00:00:00+00:00,0.0640502,0.03150461
2022-10-27 00:00:00+00:00,0.0362591,0.03207157666666667
2022-10-28 00:00:00+00:00,0.0298716,0.03439820833333333
2022-10-29 00:00:00+00:00,0.0890965,0.03515947666666667
2022-10-30 00:00:00+00:00,0.09866315,0.03621615166666667
2022-10-31 00:00:00+00:00,0.058473,0.03571257333333333
2022-11-01 00:00:00+00:00,-0.013085249999999996,0.03485652666666667
2022-11-02 00:00:00+00:00,0.0598746,0.03697389166666667
2022-11-03 00:00:00+00:00,-0.05974685,0.03237464833333334
2022-11-04 00:00:00+00:00,0.07552215,0.034995835
2022-11-05 00:00:00+00:00,0.0601885,0.036216638333333336
2022-11-06 00:00:00+00:00,0.08044599999999999,0.038193113333333334
2022-11-07 00:00:00+00:00,0.0449753,0.03703557666666667
2022-11-08 00:00:00+00:00,-0.0342516,0.03582621
2022-11-09 00:00:00+00:00,-0.38451654999999996,0.02180631666666667
2022-11-10 00:00:00+00:00,-0.47418245,0.004164285000000003
2022-11-11 00:00:00+00:00,-0.10055385000000001,-0.00015719333333333077
2022-11-12 00:00:00+00:00,0.0906368,0.0053198750000000026
2022-11-13 00:00:00+00:00,-0.040606249999999997,0.0015086666666666692
2022-11-14 00:00:00+00:00,0.037598650000000004,0.0022021666666666695
2022-11-15 00:00:00+00:00,-0.0287985,0.001290883333333336
2022-11-16 00:00:00+00:00,-0.0495451,-0.0015718116666666637
2022-11-17 00:00:00+00:00,-0.06455024999999999,-0.006211326666666663
2022-11-18 00:00:00+00:00,-0.0756937,-0.011264629999999998
2022-11-19 00:00:00+00:00,0.0616266,-0.009448024999999997
2022-11-20 00:00:00+00:00,0.01496135,-0.010717616666666664
2022-11-21 00:00:00+00:00,-0.06556495,-0.012665378333333331
2022-11-22 00:00:00+00:00,-0.011227399999999998,-0.014667159999999997
2022-11-23 00:00:00+00:00,-0.027028250000000004,-0.017586429999999997
2022-11-24 00:00:00+00:00,0.009566650000000001,-0.017251359999999997
2022-11-25 00:00:00+00:00,0.029189050000000005,-0.01841339833333333
2022-11-26 00:00:00+00:00,-0.0609258,-0.021652895
2022-11-27 00:00:00+00:00,-0.045004499999999996,-0.024148765
2022-11-28 00:00:00+00:00,-0.0530418,-0.02888670833333333
2022-11-29 00:00:00+00:00,0.0612397,-0.030134156666666665
2022-11-30 00:00:00+00:00,0.10664570000000001,-0.0285284
2022-12-01 00:00:00+00:00,0.0425444,-0.02667407833333333
2022-12-02 00:00:00+00:00,0.0533849,-0.026890401666666668
2022-12-03 00:00:00+00:00,-0.02011515,-0.025569345
2022-12-04 00:00:00+00:00,-0.005646549999999999,-0.02827496833333333
2022-12-05 00:00:00+00:00,0.03170025,-0.02922457666666666
2022-12-06 00:00:00+00:00,0.0362591,-0.03069747333333333
2022-12-07 00:00:00+00:00,0.03062715,-0.031175744999999998
2022-12-08 00:00:00+00:00,0.006259749999999999,-0.029825366666666665
2022-12-09 00:00:00+00:00,0.07940575,-0.014361289999999999
2022-12-10 00:00:00+00:00,0.0422451,0.0028529616666666674
2022-12-11 00:00:00+00:00,0.0037120499999999997,0.006328491666666668
2022-12-12 00:00:00+00:00,-0.0044091999999999985,0.003160291666666668
2022-12-13 00:00:00+00:00,0.10566385,0.008035961666666668
2022-12-14 00:00:00+00:00,0.10950000000000001,0.010432673333333335
2022-12-15 00:00:00+00:00,0.10950000000000001,0.015042623333333335
2022-12-16 00:00:00+00:00,0.059203000000000006,0.018667560000000003
2022-12-17 00:00:00+00:00,0.02073565,0.021510423333333337
2022-12-18 00:00:00+00:00,0.065554,0.02621868
2022-12-19 00:00:00+00:00,-0.012504900000000001,0.023747630000000006
2022-12-20 00:00:00+00:00,0.08184029999999999,0.025976928333333336
2022-12-21 00:00:00+00:00,0.0721459,0.030567290000000004
2022-12-22 00:00:00+00:00,0.09717395,0.03418066833333334
2022-12-23 00:00:00+00:00,0.061101,0.03711831
2022-12-24 00:00:00+00:00,0.0631231,0.03890352500000001
2022-12-25 00:00:00+00:00,0.0036500000000000005,0.038052223333333336
2022-12-26 00:00:00+00:00,0.03861335,0.041370195000000005
2022-12-27 00:00:00+00:00,0.0721678,0.045275938333333335
2022-12-28 00:00:00+00:00,0.05073865,0.04873528666666667
2022-12-29 00:00:00+00:00,0.09429775000000001,0.04983722166666667
2022-12-30 00:00:00+00:00,0.10950000000000001,0.049932365
2022-12-31 00:00:00+00:00,0.10950000000000001,0.05216421833333333
2023-01-01 00:00:00+00:00,0.10950000000000001,0.054034721666666674
2023-01-02 00:00:00+00:00,0.09614829999999999,0.05791017
2023-01-03 00:00:00+00:00,0.0330909,0.05920141833333334
2023-01-04 00:00:00+00:00,0.10077285,0.061503838333333345
2023-01-05 00:00:00+00:00,0.10950000000000001,0.06394520166666667
2023-01-06 00:00:00+00:00,0.10950000000000001,0.06657429666666667
2023-01-07 00:00:00+00:00,0.06144045,0.06841365333333332
2023-01-08 00:00:00+00:00,0.0715911,0.068153165
2023-01-09 00:00:00+00:00,0.08004085000000001,0.06941302333333334
2023-01-10 00:00:00+00:00,0.10950000000000001,0.07293928833333334
2023-01-11 00:00:00+00:00,0.08313970000000001,0.075857585
2023-01-12 00:00:00+00:00,0.10950000000000001,0.07598545666666667
2023-01-13 00:00:00+00:00,0.10950000000000001,0.07598545666666667
2023-01-14 00:00:00+00:00,0.42921809999999994,0.08664272666666667
2023-01-15 00:00:00+00:00,0.22526340000000003,0.09217807333333333
2023-01-16 00:00:00+00:00,0.12476795,0.09564581666666667
2023-01-17 00:00:00+00:00,0.10950000000000001,0.09711068333333332
2023-01-18 00:00:00+00:00,0.10950000000000001,0.10117751333333333
2023-01-19 00:00:00+00:00,0.10950000000000001,0.10209950333333334
2023-01-20 00:00:00+00:00,0.10950000000000001,0.10334464
2023-01-21 00:00:00+00:00,0.10950000000000001,0.10375550833333333
2023-01-22 00:00:00+00:00,0.10950000000000001,0.10536880833333334
2023-01-23 00:00:00+00:00,0.1107994,0.10695801833333335
2023-01-24 00:00:00+00:00,0.10950000000000001,0.11048635166666668
2023-01-25 00:00:00+00:00,0.10950000000000001,0.11284924
2023-01-26 00:00:00+00:00,0.10950000000000001,0.11409364666666667
2023-01-27 00:00:00+00:00,0.10950000000000001,0.11605235833333334
2023-01-28 00:00:00+00:00,0.10950000000000001,0.1165591
2023-01-29 00:00:00+00:00,0.10950000000000001,0.1165591
2023-01-30 00:00:00+00:00,0.10950000000000001,0.1165591
2023-01-31 00:00:00+00:00,0.10950000000000001,0.11655910000000001
2023-02-01 00:00:00+00:00,0.10950000000000001,0.11700415666666666
2023-02-02 00:00:00+00:00,0.10950000000000001,0.11955112666666667
2023-02-03 00:00:00+00:00,0.10950000000000001,0.11984203166666668
2023-02-04 00:00:00+00:00,0.10950000000000001,0.11984203166666667
2023-02-05 00:00:00+00:00,0.10950000000000001,0.11984203166666667
2023-02-06 00:00:00+00:00,0.10950000000000001,0.12144401666666668
2023-02-07 00:00:00+00:00,0.10950000000000001,0.12270764666666668
2023-02-08 00:00:00+00:00,0.10950000000000001,0.12368961833333335
2023-02-09 00:00:00+00:00,0.10950000000000001,0.12368961833333335
2023-02-10 00:00:00+00:00,0.09792220000000001,0.12418236833333335
2023-02-11 00:00:00+00:00,0.0267326,0.12142345500000001
2023-02-12 00:00:00+00:00,0.06085645,0.11980200333333334
2023-02-13 00:00:00+00:00,0.06770385000000001,0.10775152833333333
2023-02-14 00:00:00+00:00,0.0338063,0.10136962500000002
2023-02-15 00:00:00+00:00,0.04173775,0.09860195166666667
2023-02-16 00:00:00+00:00,0.12446865,0.09910090666666668
2023-02-17 00:00:00+00:00,0.10950000000000001,0.09910090666666667
2023-02-18 00:00:00+00:00,0.10950000000000001,0.09910090666666667
2023-02-19 00:00:00+00:00,0.10950000000000001,0.09910090666666668
2023-02-20 00:00:00+00:00,0.10950000000000001,0.09910090666666667
2023-02-21 00:00:00+00:00,0.10950000000000001,0.09910090666666667
2023-02-22 00:00:00+00:00,0.10950000000000001,0.09905759333333335
2023-02-23 00:00:00+00:00,0.07765375,0.09799605166666668
2023-02-24 00:00:00+00:00,0.06788270000000002,0.09660880833333335
2023-02-25 00:00:00+00:00,0.084169,0.09576444166666669
2023-02-26 00:00:00+00:00,0.0257252,0.09297194833333335
2023-02-27 00:00:00+00:00,0.09000169999999999,0.09232200500000001
2023-02-28 00:00:00+00:00,0.0574729,0.09058776833333335
2023-03-01 00:00:00+00:00,0.0742483,0.08941271166666667
2023-03-02 00:00:00+00:00,0.1012729,0.089138475
2023-03-03 00:00:00+00:00,0.0194691,0.08613744500000002
2023-03-04 00:00:00+00:00,0.0391937,0.08379390166666667
2023-03-05 00:00:00+00:00,0.0502532,0.08181900833333335
2023-03-06 00:00:00+00:00,0.05587784999999999,0.08003160333333334
2023-03-07 00:00:00+00:00,0.050625500000000004,0.07806912
2023-03-08 00:00:00+00:00,0.08635535,0.07729763166666667
2023-03-09 00:00:00+00:00,0.0741899,0.07612062833333334
2023-03-10 00:00:00+00:00,-0.03253975,0.07138596999999999
2023-03-11 00:00:00+00:00,0.0062305500000000005,0.067943655
2023-03-12 00:00:00+00:00,0.012110700000000004,0.06508327166666666
2023-03-13 00:00:00+00:00,0.10950000000000001,0.067842185
2023-03-14 00:00:00+00:00,0.10950000000000001,0.06946363666666668
2023-03-15 00:00:00+00:00,0.2193431,0.07451827833333334
2023-03-16 00:00:00+00:00,0.10950000000000001,0.07704140166666668
2023-03-17 00:00:00+00:00,0.07995325000000002,0.07831525166666667
2023-03-18 00:00:00+00:00,0.10950000000000001,0.07781629666666667
2023-03-19 00:00:00+00:00,0.10950000000000001,0.07781629666666667
2023-03-20 00:00:00+00:00,0.1029081,0.07759656666666669
2023-03-21 00:00:00+00:00,0.07558055,0.07646591833333334
2023-03-22 00:00:00+00:00,0.04362845,0.0742702
2023-03-23 00:00:00+00:00,0.06563795,0.07280813166666666
2023-03-24 00:00:00+00:00,0.10950000000000001,0.07280813166666668
2023-03-25 00:00:00+00:00,0.00969805,0.07054294166666668
2023-03-26 00:00:00+00:00,0.02266285,0.06903561333333334
2023-03-27 00:00:00+00:00,0.00393835,0.06636125833333334
2023-03-28 00:00:00+00:00,0.03129145,0.0665468
2023-03-29 00:00:00+00:00,0.10068160000000001,0.06690279666666667
2023-03-30 00:00:00+00:00,0.04039455,0.06633351833333334
2023-03-31 00:00:00+00:00,0.08827525,0.06680108333333333
2023-04-01 00:00:00+00:00,0.0960169,0.06662588333333334
2023-04-02 00:00:00+00:00,0.045654200000000006,0.06749872
2023-04-03 00:00:00+00:00,-0.01959685,0.06553903500000001
2023-04-04 00:00:00+00:00,0.0715327,0.06624835166666668
2023-04-05 00:00:00+00:00,0.09801345,0.06765287166666667
2023-04-06 00:00:00+00:00,0.041898349999999994,0.06736196666666668
2023-04-07 00:00:00+00:00,0.04678935,0.0660431
2023-04-08 00:00:00+00:00,0.02548065,0.06441945833333333
2023-04-09 00:00:00+00:00,0.007227,0.06574501666666667
2023-04-10 00:00:00+00:00,0.0016498000000000003,0.065592325
2023-04-11 00:00:00+00:00,0.0657438,0.06738009500000001
2023-04-12 00:00:00+00:00,0.021735749999999998,0.06445462
2023-04-13 00:00:00+00:00,0.10950000000000001,0.06445462
2023-04-14 00:00:00+00:00,0.10950000000000001,0.06079318333333334
2023-04-15 00:00:00+00:00,0.10950000000000001,0.06079318333333334
2023-04-16 00:00:00+00:00,0.10950000000000001,0.061778075
2023-04-17 00:00:00+00:00,0.10950000000000001,0.061778075
2023-04-18 00:00:00+00:00,0.10950000000000001,0.061778075
2023-04-19 00:00:00+00:00,0.06929524999999999,0.06065764666666667
2023-04-20 00:00:00+00:00,0.031827999999999995,0.05919922833333334
2023-04-21 00:00:00+00:00,0.08764014999999999,0.06066628500000001
2023-04-22 00:00:00+00:00,0.02829845,0.059421635
2023-04-23 00:00:00+00:00,-0.0036134999999999987,0.055651185000000006
2023-04-24 00:00:00+00:00,0.056177149999999995,0.057200488333333334
2023-04-25 00:00:00+00:00,0.08518005,0.059284395000000004
2023-04-26 00:00:00+00:00,0.05034445,0.060831265
2023-04-27 00:00:00+00:00,0.02575075,0.06064657500000001
2023-04-28 00:00:00+00:00,0.0918705,0.06035287166666667
2023-04-29 00:00:00+00:00,0.060411150000000004,0.061020091666666665
2023-04-30 00:00:00+00:00,0.05249065,0.05982727166666667
2023-05-01 00:00:00+00:00,0.0020257499999999998,0.05669423333333334
2023-05-02 00:00:00+00:00,0.0752557,0.05768095
2023-05-03 00:00:00+00:00,0.09516279999999999,0.06150627166666667
2023-05-04 00:00:00+00:00,0.109135,0.06275968166666666
2023-05-05 00:00:00+00:00,0.07020775,0.061832825
2023-05-06 00:00:00+00:00,0.0755331,0.06295398333333332
2023-05-07 00:00:00+00:00,0.031025000000000004,0.062428505
2023-05-08 00:00:00+00:00,0.0375585,0.0628311
2023-05-09 00:00:00+00:00,0.09068425,0.06561300833333333
2023-05-10 00:00:00+00:00,0.049088849999999996,0.06719431000000001
2023-05-11 00:00:00+00:00,0.026382199999999998,0.06588225666666667
2023-05-12 00:00:00+00:00,0.00498955,0.06532405000000001
2023-05-13 00:00:00+00:00,0.02219565,0.062413905
2023-05-14 00:00:00+00:00,0.0321346,0.05983505833333334
2023-05-15 00:00:00+00:00,-0.015081800000000001,0.05568233166666667
2023-05-16 00:00:00+00:00,0.020819599999999997,0.05272631833333333
2023-05-17 00:00:00+00:00,0.0409311,0.05044068833333334
2023-05-18 00:00:00+00:00,0.0714305,0.049171704999999996
2023-05-19 00:00:00+00:00,0.0641597,0.04900052
2023-05-20 00:00:00+00:00,0.03118925,0.04897922833333333
2023-05-21 00:00:00+00:00,0.0239367,0.04685577999999999
2023-05-22 00:00:00+00:00,0.061863850000000005,0.047974626666666666
2023-05-23 00:00:00+00:00,0.07361685000000001,0.05054897166666666
2023-05-24 00:00:00+00:00,0.05475365,0.05050152166666667
2023-05-25 00:00:00+00:00,0.0299373,0.04866009666666667
2023-05-26 00:00:00+00:00,0.07434319999999998,0.049460054999999996
2023-05-27 00:00:00+00:00,0.028324000000000002,0.04954583
2023-05-28 00:00:00+00:00,0.004653750000000001,0.04663860499999999
2023-05-29 00:00:00+00:00,0.10950000000000001,0.0482749
2023-05-30 00:00:00+00:00,0.08900890000000002,0.049492175000000006
2023-05-31 00:00:00+00:00,0.04876035,0.051049994999999994
2023-06-01 00:00:00+00:00,0.09437440000000001,0.051687285
2023-06-02 00:00:00+00:00,0.0836653,0.051304035
2023-06-03 00:00:00+00:00,0.06864554999999999,0.04995438666666666
2023-06-04 00:00:00+00:00,0.05732325,0.049524903333333335
2023-06-05 00:00:00+00:00,0.036890549999999994,0.048236818333333334
2023-06-06 00:00:00+00:00,0.014176599999999998,0.047675205
2023-06-07 00:00:00+00:00,0.08270170000000002,0.04917997833333333
2023-06-08 00:00:00+00:00,0.0667804,0.04838318333333333
2023-06-09 00:00:00+00:00,0.05708965,0.04864987666666666
2023-06-10 00:00:00+00:00,0.048216499999999995,0.04937768666666666
2023-06-11 00:00:00+00:00,0.038200899999999996,0.050484731666666664
2023-06-12 00:00:00+00:00,0.0732117,0.05218526666666667
2023-06-13 00:00:00+00:00,0.06507585,0.05328330833333333
2023-06-14 00:00:00+00:00,0.049088849999999996,0.05542232999999999
2023-06-15 00:00:00+00:00,-0.0462601,0.053186340000000006
2023-06-16 00:00:00+00:00,-0.052917700000000005,0.05005804666666667
2023-06-17 00:00:00+00:00,0.0604659,0.049692560000000004
2023-06-18 00:00:00+00:00,0.0135488,0.04800553
2023-06-19 00:00:00+00:00,0.04378175,0.04842528
2023-06-20 00:00:00+00:00,0.012928299999999998,0.048058333333333335
2023-06-21 00:00:00+00:00,0.0393543,0.047308015
2023-06-22 00:00:00+00:00,0.10950000000000001,0.048504120000000005
2023-06-23 00:00:00+00:00,0.0886512,0.04963403833333334
2023-06-24 00:00:00+00:00,0.08546110000000001,0.05148483166666666
2023-06-25 00:00:00+00:00,0.10950000000000001,0.052656725
2023-06-26 00:00:00+00:00,0.08829715,0.05465583
2023-06-27 00:00:00+00:00,0.04342769999999999,0.055948295
2023-06-28 00:00:00+00:00,0.058673750000000004,0.054254086666666666
2023-06-29 00:00:00+00:00,0.04630025000000001,0.052830465
2023-06-30 00:00:00+00:00,0.08747225,0.05412086166666667
2023-07-01 00:00:00+00:00,0.10950000000000001,0.054625048333333336
2023-07-02 00:00:00+00:00,0.10950000000000001,0.055486205000000004
2023-07-03 00:00:00+00:00,0.10950000000000001,0.056848020000000006
2023-07-04 00:00:00+00:00,0.10950000000000001,0.058587245
2023-07-05 00:00:00+00:00,0.10950000000000001,0.06100756
2023-07-06 00:00:00+00:00,0.08313970000000001,0.06330633000000001
2023-07-07 00:00:00+00:00,0.0488954,0.062179453333333336
2023-07-08 00:00:00+00:00,0.017220700000000002,0.060527463333333344
2023-07-09 00:00:00+00:00,0.0338866,0.05975402833333334
2023-07-10 00:00:00+00:00,0.05266584999999999,0.059902340000000005
2023-07-11 00:00:00+00:00,0.07201085,0.06102933833333334
2023-07-12 00:00:00+00:00,0.09347649999999999,0.06170483166666667
2023-07-13 00:00:00+00:00,0.0007993499999999991,0.059562281666666675
2023-07-14 00:00:00+00:00,0.10950000000000001,0.06157598666666667
2023-07-15 00:00:00+00:00,0.06121415,0.06515846166666667
2023-07-16 00:00:00+00:00,0.0523921,0.06866878833333336
2023-07-17 00:00:00+00:00,0.03316025,0.06775859999999999
2023-07-18 00:00:00+00:00,0.0817454,0.07003182000000002
2023-07-19 00:00:00+00:00,0.09380135,0.07169914
2023-07-20 00:00:00+00:00,0.0692624,0.07357694333333333
2023-07-21 00:00:00+00:00,0.03521155,0.07343885166666667
2023-07-22 00:00:00+00:00,0.025560950000000002,0.07064088333333333
2023-07-23 00:00:00+00:00,0.037934449999999995,0.068950325
2023-07-24 00:00:00+00:00,0.06236755,0.06818054
2023-07-25 00:00:00+00:00,0.09445835,0.06767915166666666
2023-07-26 00:00:00+00:00,0.09379769999999998,0.06786250333333334
2023-07-27 00:00:00+00:00,0.0807088,0.06910520666666667
2023-07-28 00:00:00+00:00,0.0719707,0.06954843833333334
2023-07-29 00:00:00+00:00,0.07842025,0.070619105
2023-07-30 00:00:00+00:00,0.05706775,0.06960562166666667
2023-07-31 00:00:00+00:00,0.016205999999999998,0.06649582166666666
2023-08-01 00:00:00+00:00,0.07678870000000002,0.065405445
2023-08-02 00:00:00+00:00,0.10950000000000001,0.06540544499999999
2023-08-03 00:00:00+00:00,0.10950000000000001,0.06540544499999999
2023-08-04 00:00:00+00:00,0.0906295,0.06477642833333334
2023-08-05 00:00:00+00:00,0.09519564999999999,0.06517829333333333
2023-08-06 00:00:00+00:00,0.07988024999999999,0.06621112166666666
2023-08-07 00:00:00+00:00,0.10705815,0.06920570333333333
2023-08-08 00:00:00+00:00,0.07897505,0.07070865166666666
2023-08-09 00:00:00+00:00,0.0667001,0.07117646
2023-08-10 00:00:00+00:00,0.10072175,0.07213349
2023-08-11 00:00:00+00:00,0.031280499999999996,0.07006029
2023-08-12 00:00:00+00:00,0.0640867,0.07216986833333335
2023-08-13 00:00:00+00:00,0.06639715,0.07073310666666667
2023-08-14 00:00:00+00:00,0.1090693,0.07232827833333334
2023-08-15 00:00:00+00:00,0.0962943,0.073791685
2023-08-16 00:00:00+00:00,0.09772145,0.07594372499999999
2023-08-17 00:00:00+00:00,0.0896878,0.07620847166666667
2023-08-18 00:00:00+00:00,-0.02169925,0.07235845166666666
2023-08-19 00:00:00+00:00,-0.0758835,0.067520255
2023-08-20 00:00:00+00:00,-0.0808913,0.06365016
2023-08-21 00:00:00+00:00,-0.028407949999999998,0.06185119666666667
2023-08-22 00:00:00+00:00,-0.0243236,0.05977592833333333
2023-08-23 00:00:00+00:00,-0.00688025,0.057467668333333326
2023-08-24 00:00:00+00:00,-0.00071175,0.05429533166666666
2023-08-25 00:00:00+00:00,-0.01358895,0.05071577666666667
2023-08-26 00:00:00+00:00,-0.0102127,0.047685059999999994
2023-08-27 00:00:00+00:00,0.0168995,0.04584935333333333
2023-08-28 00:00:00+00:00,0.0026024500000000005,0.04332209333333333
2023-08-29 00:00:00+00:00,-0.030827900000000005,0.04039223833333332
2023-08-30 00:00:00+00:00,0.07074065,0.04221006
2023-08-31 00:00:00+00:00,0.0436467,0.041105326666666664
2023-09-01 00:00:00+00:00,0.01524605,0.037963528333333336
2023-09-02 00:00:00+00:00,-0.00077015,0.03428785666666667
2023-09-03 00:00:00+00:00,-0.006226899999999999,0.031059309999999996
2023-09-04 00:00:00+00:00,-0.024991550000000005,0.02705307
2023-09-05 00:00:00+00:00,0.016034450000000002,0.024924876666666665
2023-09-06 00:00:00+00:00,0.01984505,0.02201777333333333
2023-09-07 00:00:00+00:00,0.060907550000000005,0.021415523333333332
2023-09-08 00:00:00+00:00,0.0393397,0.02050351
2023-09-09 00:00:00+00:00,0.04551185,0.018663179999999998
2023-09-10 00:00:00+00:00,0.022808850000000002,0.018380791666666667
2023-09-11 00:00:00+00:00,0.036354000000000004,0.01745636833333333
2023-09-12 00:00:00+00:00,-0.028491900000000004,0.0142934
2023-09-13 00:00:00+00:00,0.0095411,0.010975793333333332
2023-09-14 00:00:00+00:00,-0.0037521999999999985,0.007640909999999999
2023-09-15 00:00:00+00:00,0.007774500000000004,0.004642678333333333
2023-09-16 00:00:00+00:00,0.0407121,0.0030101549999999996
2023-09-17 00:00:00+00:00,0.02012245,0.004404211666666667
2023-09-18 00:00:00+00:00,0.018114949999999998,0.007537493333333333
2023-09-19 00:00:00+00:00,-0.00508445,0.010064388333333334
2023-09-20 00:00:00+00:00,0.036171499999999995,0.012217036666666665
2023-09-21 00:00:00+00:00,0.03949665000000001,0.014344378333333333
2023-09-22 00:00:00+00:00,0.03149585,0.015623581666666667
2023-09-23 00:00:00+00:00,0.02956865,0.016632928333333335
2023-09-24 00:00:00+00:00,0.0259296,0.017950213333333333
2023-09-25 00:00:00+00:00,0.0448658,0.019786163333333332
2023-09-26 00:00:00+00:00,0.0500123,0.02088992333333333
2023-09-27 00:00:00+00:00,0.057118850000000006,0.02270713666666667
2023-09-28 00:00:00+00:00,0.02685305,0.024629835000000003
2023-09-29 00:00:00+00:00,0.014775199999999999,0.02276432
2023-09-30 00:00:00+00:00,-0.0012337000000000006,0.02126830666666667
2023-10-01 00:00:00+00:00,0.01147925,0.021142746666666667
2023-10-02 00:00:00+00:00,0.08278200000000001,0.023927818333333333
2023-10-03 00:00:00+00:00,0.0323171,0.025212618333333332
2023-10-04 00:00:00+00:00,0.029112399999999997,0.027016083333333333
2023-10-05 00:00:00+00:00,0.024900299999999997,0.02731161166666667
2023-10-06 00:00:00+00:00,0.08897970000000001,0.0296161
2023-10-07 00:00:00+00:00,0.05773935,0.029510493333333332
2023-10-08 00:00:00+00:00,0.10251025000000001,0.031616178333333335
2023-10-09 00:00:00+00:00,0.07485055,0.032594135
2023-10-10 00:00:00+00:00,0.0753214,0.03434455333333333
2023-10-11 00:00:00+00:00,0.0451651,0.034638256666666666
2023-10-12 00:00:00+00:00,0.0504722,0.03727039333333334
2023-10-13 00:00:00+00:00,0.03598535,0.03815186833333333
2023-10-14 00:00:00+00:00,0.0395149,0.039594105
2023-10-15 00:00:00+00:00,0.052552699999999994,0.04108671166666667
2023-10-16 00:00:00+00:00,0.06564525,0.04191781666666667
2023-10-17 00:00:00+00:00,0.0410844,0.04261654833333333
2023-10-18 00:00:00+00:00,0.05046855000000001,0.04369500166666667
2023-10-19 00:00:00+00:00,0.04774565,0.045456005
2023-10-20 00:00:00+00:00,0.06150980000000001,0.04630061500000001
2023-10-21 00:00:00+00:00,0.0379892,0.046250366666666674
2023-10-22 00:00:00+00:00,0.039441899999999995,0.046515235
2023-10-23 00:00:00+00:00,0.046493700000000006,0.04707940333333334
2023-10-24 00:00:00+00:00,0.10950000000000001,0.04986508333333333
2023-10-25 00:00:00+00:00,0.10950000000000001,0.052019556666666675
2023-10-26 00:00:00+00:00,0.10950000000000001,0.05400248
2023-10-27 00:00:00+00:00,0.10950000000000001,0.05574851833333334
2023-10-28 00:00:00+00:00,0.10950000000000001,0.058503416666666676
2023-10-29 00:00:00+00:00,0.10950000000000001,0.06166091
2023-10-30 00:00:00+00:00,0.10950000000000001,0.06535203333333334
2023-10-31 00:00:00+00:00,0.10950000000000001,0.06861939166666667
2023-11-01 00:00:00+00:00,0.10950000000000001,0.06950999166666667
2023-11-02 00:00:00+00:00,0.20929829999999996,0.075409365
2023-11-03 00:00:00+00:00,0.10950000000000001,0.07808895166666667
2023-11-04 00:00:00+00:00,0.10950000000000001,0.08090894166666666
2023-11-05 00:00:00+00:00,0.10950000000000001,0.08159295166666668
2023-11-06 00:00:00+00:00,0.10950000000000001,0.08331830666666667
2023-11-07 00:00:00+00:00,0.10950000000000001,0.08355129833333333
2023-11-08 00:00:00+00:00,0.10950000000000001,0.08470628000000001
2023-11-09 00:00:00+00:00,0.33262815,0.09328317166666666
2023-11-10 00:00:00+00:00,0.29788745,0.10170725
2023-11-11 00:00:00+00:00,0.19864759999999998,0.10664643000000001
2023-11-12 00:00:00+00:00,0.18477760000000001,0.11160617166666667
2023-11-13 00:00:00+00:00,0.2869265,0.119853225
2023-11-14 00:00:00+00:00,0.15494615,0.12326634000000002
2023-11-15 00:00:00+00:00,0.10950000000000001,0.124728165
2023-11-16 00:00:00+00:00,0.10950000000000001,0.127008685
2023-11-17 00:00:00+00:00,0.10950000000000001,0.12897640000000002
2023-11-18 00:00:00+00:00,0.10950000000000001,0.13103487833333333
2023-11-19 00:00:00+00:00,0.10950000000000001,0.13263455166666666
2023-11-20 00:00:00+00:00,0.10950000000000001,0.135018245
2023-11-21 00:00:00+00:00,0.10950000000000001,0.137353515
2023-11-22 00:00:00+00:00,0.10950000000000001,0.13945372500000003
2023-11-23 00:00:00+00:00,0.10950000000000001,0.139453725
2023-11-24 00:00:00+00:00,0.10950000000000001,0.139453725
2023-11-25 00:00:00+00:00,0.10950000000000001,0.13945372500000003
2023-11-26 00:00:00+00:00,0.10950000000000001,0.139453725
2023-11-27 00:00:00+00:00,0.10950000000000001,0.139453725
2023-11-28 00:00:00+00:00,0.10950000000000001,0.13945372500000003
2023-11-29 00:00:00+00:00,0.10950000000000001,0.139453725
2023-11-30 00:00:00+00:00,0.10950000000000001,0.139453725
2023-12-01 00:00:00+00:00,0.10950000000000001,0.13945372500000003
2023-12-02 00:00:00+00:00,0.10950000000000001,0.136127115
2023-12-03 00:00:00+00:00,0.10950000000000001,0.136127115
2023-12-04 00:00:00+00:00,0.10950000000000001,0.136127115
2023-12-05 00:00:00+00:00,0.10950000000000001,0.136127115
2023-12-06 00:00:00+00:00,0.10950000000000001,0.136127115
2023-12-07 00:00:00+00:00,0.10950000000000001,0.136127115
2023-12-08 00:00:00+00:00,0.16610785,0.13801404333333334
2023-12-09 00:00:00+00:00,0.3186669,0.13754866833333335
2023-12-10 00:00:00+00:00,0.2023706,0.13436477333333335
2023-12-11 00:00:00+00:00,0.1610088,0.13311014666666668
2023-12-12 00:00:00+00:00,0.10950000000000001,0.13060089333333333
2023-12-13 00:00:00+00:00,0.1403498,0.12571500333333335
2023-12-14 00:00:00+00:00,0.10950000000000001,0.12420013166666669
2023-12-15 00:00:00+00:00,0.11102935000000001,0.12425111000000003
2023-12-16 00:00:00+00:00,0.10950000000000001,0.12425111000000003
2023-12-17 00:00:00+00:00,0.1146173,0.12442168666666668
2023-12-18 00:00:00+00:00,0.12805295,0.12504011833333334
2023-12-19 00:00:00+00:00,0.10950000000000001,0.12504011833333334
2023-12-20 00:00:00+00:00,0.1575121,0.12664052166666667
2023-12-21 00:00:00+00:00,0.34597255,0.13452294
2023-12-22 00:00:00+00:00,0.5060141,0.14774007666666666
2023-12-23 00:00:00+00:00,0.17910915,0.1500603816666667
2023-12-24 00:00:00+00:00,0.2005456,0.153095235
2023-12-25 00:00:00+00:00,0.2890289,0.1590795316666667
2023-12-26 00:00:00+00:00,0.42500599999999994,0.16959639833333331
2023-12-27 00:00:00+00:00,0.44368305,0.18073583333333332
2023-12-28 00:00:00+00:00,0.490049,0.19342080000000003
2023-12-29 00:00:00+00:00,0.5151245,0.20694161666666666
2023-12-30 00:00:00+00:00,0.31102014999999994,0.213658955
2023-12-31 00:00:00+00:00,0.29623035000000003,0.21988330000000003
2024-01-01 00:00:00+00:00,0.37217225,0.22863904166666665
2024-01-02 00:00:00+00:00,0.6151929,0.24549547166666666
2024-01-03 00:00:00+00:00,0.2296653,0.24950098166666665
2024-01-04 00:00:00+00:00,0.10950000000000001,0.24950098166666665
2024-01-05 00:00:00+00:00,0.10950000000000001,0.24950098166666665
2024-01-06 00:00:00+00:00,0.10950000000000001,0.24950098166666665
2024-01-07 00:00:00+00:00,0.10950000000000001,0.24761405333333333
2024-01-08 00:00:00+00:00,0.10950000000000001,0.2406418233333333
2024-01-09 00:00:00+00:00,0.10950000000000001,0.23754613666666663
2024-01-10 00:00:00+00:00,0.10950000000000001,0.23582917666666667
2024-01-11 00:00:00+00:00,0.10950000000000001,0.23582917666666664
2024-01-12 00:00:00+00:00,0.10950000000000001,0.23480084999999998
2024-01-13 00:00:00+00:00,0.10950000000000001,0.23480085
2024-01-14 00:00:00+00:00,0.10950000000000001,0.23474987166666667
2024-01-15 00:00:00+00:00,0.10950000000000001,0.23474987166666667
2024-01-16 00:00:00+00:00,0.10950000000000001,0.23457929500000002
2024-01-17 00:00:00+00:00,0.10950000000000001,0.23396086333333332
2024-01-18 00:00:00+00:00,0.10950000000000001,0.23396086333333332
2024-01-19 00:00:00+00:00,0.10950000000000001,0.23236046000000002
2024-01-20 00:00:00+00:00,0.10950000000000001,0.22447804166666666
2024-01-21 00:00:00+00:00,0.10950000000000001,0.211260905
2024-01-22 00:00:00+00:00,0.10950000000000001,0.2089406
2024-01-23 00:00:00+00:00,0.10950000000000001,0.20590574666666667
2024-01-24 00:00:00+00:00,0.10950000000000001,0.19992145000000003
2024-01-25 00:00:00+00:00,0.10950000000000001,0.18940458333333335
2024-01-26 00:00:00+00:00,0.10950000000000001,0.17826514833333335
2024-01-27 00:00:00+00:00,0.09810105,0.16520021666666668
2024-01-28 00:00:00+00:00,0.0764967,0.15057929
2024-01-29 00:00:00+00:00,0.10950000000000001,0.14386195166666665
2024-01-30 00:00:00+00:00,0.09561175,0.137174665
2024-01-31 00:00:00+00:00,0.10950000000000001,0.12841892333333335
2024-02-01 00:00:00+00:00,0.0854027,0.11075925000000002
2024-02-02 00:00:00+00:00,0.08642470000000001,0.10598456333333334
2024-02-03 00:00:00+00:00,0.0825849,0.10508739333333335
2024-02-04 00:00:00+00:00,0.08130009999999999,0.10414739666666667
2024-02-05 00:00:00+00:00,0.10950000000000001,0.10414739666666667
2024-02-06 00:00:00+00:00,0.09377215,0.10362313500000002
2024-02-07 00:00:00+00:00,0.06150615,0.10202334
2024-02-08 00:00:00+00:00,0.09973625,0.10169788166666667
2024-02-09 00:00:00+00:00,0.1012948,0.10142437500000002
2024-02-10 00:00:00+00:00,0.1001852,0.10111388166666667
2024-02-11 00:00:00+00:00,0.0904908,0.10048024166666666
2024-02-12 00:00:00+00:00,0.09142155000000002,0.09987762666666669
2024-02-13 00:00:00+00:00,0.10950000000000001,0.09987762666666668
2024-02-14 00:00:00+00:00,0.1207493,0.10025260333333333
2024-02-15 00:00:00+00:00,0.13705019999999998,0.10117094333333335
2024-02-16 00:00:00+00:00,0.11943530000000001,0.10150212
2024-02-17 00:00:00+00:00,0.12234435,0.101930265
2024-02-18 00:00:00+00:00,0.113661,0.102068965
2024-02-19 00:00:00+00:00,0.10950000000000001,0.10206896500000001
2024-02-20 00:00:00+00:00,0.22604815,0.10595390333333335
2024-02-21 00:00:00+00:00,0.15374165,0.107428625
2024-02-22 00:00:00+00:00,0.10950000000000001,0.10742862500000001
2024-02-23 00:00:00+00:00,0.10950000000000001,0.10742862500000001
2024-02-24 00:00:00+00:00,0.10950000000000001,0.107428625
2024-02-25 00:00:00+00:00,0.20792590000000002,0.11070948833333334
2024-02-26 00:00:00+00:00,0.3574299,0.11935378333333334
2024-02-27 00:00:00+00:00,0.45616969999999996,0.13200955
2024-02-28 00:00:00+00:00,0.3983902,0.14163922333333331
2024-02-29 00:00:00+00:00,0.7726393,0.16420680833333334
2024-03-01 00:00:00+00:00,0.5277243,0.17814761833333337
2024-03-02 00:00:00+00:00,0.5901612,0.19497290166666667
2024-03-03 00:00:00+00:00,0.41899810000000004,0.2060586816666667
2024-03-04 00:00:00+00:00,0.44151860000000004,0.21802313833333334
2024-03-05 00:00:00+00:00,0.81361785,0.24243373000000001
2024-03-06 00:00:00+00:00,0.36300345,0.250883845
2024-03-07 00:00:00+00:00,0.4346639,0.26224690333333334
2024-03-08 00:00:00+00:00,0.54654735,0.27841494333333333
2024-03-09 00:00:00+00:00,0.38408585,0.2878932633333333
2024-03-10 00:00:00+00:00,0.41566565000000005,0.2983722916666666
2024-03-11 00:00:00+00:00,0.58728135,0.31460883
2024-03-12 00:00:00+00:00,0.5619321,0.33032354
2024-03-13 00:00:00+00:00,0.5524129,0.34568991833333335
2024-03-14 00:00:00+00:00,0.46200605,0.35744012
2024-03-15 00:00:00+00:00,0.35404635,0.3652166883333333
2024-03-16 00:00:00+00:00,0.27469899999999997,0.36980498166666664
2024-03-17 00:00:00+00:00,0.2029254,0.372587985
2024-03-18 00:00:00+00:00,0.26756325000000003,0.377428615
2024-03-19 00:00:00+00:00,0.2369872,0.38153948833333334
2024-03-20 00:00:00+00:00,0.13175040000000002,0.3822811683333333
2024-03-21 00:00:00+00:00,0.18622665,0.38095378500000004
2024-03-22 00:00:00+00:00,0.2269716,0.3833947833333333
2024-03-23 00:00:00+00:00,0.13474705,0.3842363516666667
2024-03-24 00:00:00+00:00,0.17463425,0.38640749333333335
2024-03-25 00:00:00+00:00,0.19786285000000003,0.38935292166666663
2024-03-26 00:00:00+00:00,0.3039355,0.3925532416666667
2024-03-27 00:00:00+00:00,0.2979641,0.39057104833333334
2024-03-28 00:00:00+00:00,0.40698595,0.38893159
2024-03-29 00:00:00+00:00,0.3714824,0.3880346633333333
2024-03-30 00:00:00+00:00,0.3439979,0.3737466166666667
2024-03-31 00:00:00+00:00,0.54793435,0.374420285
2024-04-01 00:00:00+00:00,0.42365185,0.3688699733333333
2024-04-02 00:00:00+00:00,0.13751740000000004,0.35948728333333335
2024-04-03 00:00:00+00:00,0.10950000000000001,0.3484199966666667
2024-04-04 00:00:00+00:00,0.10950000000000001,0.32494940166666664
2024-04-05 00:00:00+00:00,0.10950000000000001,0.31649928666666666
2024-04-06 00:00:00+00:00,0.1340718,0.30647955
2024-04-07 00:00:00+00:00,0.10950000000000001,0.291911305
2024-04-08 00:00:00+00:00,0.18942040000000002,0.28542245666666666
2024-04-09 00:00:00+00:00,0.18333585,0.27767813
2024-04-10 00:00:00+00:00,0.17282385,0.26386288
2024-04-11 00:00:00+00:00,0.12951295,0.2494489083333333
2024-04-12 00:00:00+00:00,0.10950000000000001,0.234685145
2024-04-13 00:00:00+00:00,0.10950000000000001,0.22293494333333333
2024-04-14 00:00:00+00:00,0.10950000000000001,0.21478339833333332
2024-04-15 00:00:00+00:00,0.08866945000000001,0.20858241333333333
2024-04-16 00:00:00+00:00,0.08110665,0.20452178833333334
2024-04-17 00:00:00+00:00,0.0394492,0.19691798666666666
2024-04-18 00:00:00+00:00,0.0441942,0.19049155333333337
2024-04-19 00:00:00+00:00,0.06530945,0.188276855
2024-04-20 00:00:00+00:00,0.063875,0.18419846666666664
2024-04-21 00:00:00+00:00,0.034043550000000006,0.17776753166666667
2024-04-22 00:00:00+00:00,0.023181149999999998,0.17404866833333335
2024-04-23 00:00:00+00:00,0.032119999999999996,0.16929819333333332
2024-04-24 00:00:00+00:00,0.0418071,0.164096335
2024-04-25 00:00:00+00:00,0.044427799999999996,0.15544607833333332
2024-04-26 00:00:00+00:00,0.036719,0.14673790833333333
2024-04-27 00:00:00+00:00,0.07074065,0.13552973166666668
2024-04-28 00:00:00+00:00,0.09451309999999999,0.12629742166666666
2024-04-29 00:00:00+00:00,0.09050905000000001,0.11784779333333334
2024-04-30 00:00:00+00:00,0.0685981,0.10186991833333334
2024-05-01 00:00:00+00:00,0.0514723,0.08946393333333334
2024-05-02 00:00:00+00:00,0.0629625,0.08697877000000001
2024-05-03 00:00:00+00:00,0.0352517,0.08450382666666667
2024-05-04 00:00:00+00:00,0.0721094,0.08325747333333333
2024-05-05 00:00:00+00:00,0.08694299999999999,0.08250557333333333
2024-05-06 00:00:00+00:00,0.0897681,0.08102878333333334
2024-05-07 00:00:00+00:00,0.06697020000000001,0.07961112333333334
2024-05-08 00:00:00+00:00,0.09125,0.07633877666666668
2024-05-09 00:00:00+00:00,0.10950000000000001,0.07387758166666665
2024-05-10 00:00:00+00:00,0.08824604999999999,0.07105832166666666
2024-05-11 00:00:00+00:00,0.08316525,0.06951339833333334
2024-05-12 00:00:00+00:00,0.07863194999999999,0.06848446333333333
2024-05-13 00:00:00+00:00,0.09427585,0.06797699166666667
2024-05-14 00:00:00+00:00,0.0995136,0.06764411166666666
2024-05-15 00:00:00+00:00,0.09976545,0.06801397833333334
2024-05-16 00:00:00+00:00,0.07976710000000001,0.06796932666666668
2024-05-17 00:00:00+00:00,0.06638619999999999,0.06886722666666666
2024-05-18 00:00:00+00:00,0.06847035,0.06967643166666668
2024-05-19 00:00:00+00:00,0.07177359999999999,0.06989190333333334
2024-05-20 00:00:00+00:00,0.059243149999999994,0.06973750833333332
2024-05-21 00:00:00+00:00,0.1438246,0.07339687666666667
2024-05-22 00:00:00+00:00,0.13738965,0.07720382666666666
2024-05-23 00:00:00+00:00,0.10950000000000001,0.07978316
2024-05-24 00:00:00+00:00,0.10950000000000001,0.08203959000000001
2024-05-25 00:00:00+00:00,0.10950000000000001,0.08420866333333334
2024-05-26 00:00:00+00:00,0.10950000000000001,0.08663469666666666
2024-05-27 00:00:00+00:00,0.10950000000000001,0.08792667500000001
2024-05-28 00:00:00+00:00,0.1174935,0.08869268833333334
2024-05-29 00:00:00+00:00,0.16492525000000002,0.09117322833333333
2024-05-30 00:00:00+00:00,0.21266725,0.09597553333333333
2024-05-31 00:00:00+00:00,0.1208588,0.09828841666666667
2024-06-01 00:00:00+00:00,0.15219405,0.10126280166666665
2024-06-02 00:00:00+00:00,0.13028674999999998,0.10443063666666667
2024-06-03 00:00:00+00:00,0.15081799999999998,0.10705425666666667
2024-06-04 00:00:00+00:00,0.11242,0.10790349
2024-06-05 00:00:00+00:00,0.1373422,0.10948929333333333
2024-06-06 00:00:00+00:00,0.1999397,0.11392160999999999
2024-06-07 00:00:00+00:00,0.1692213,0.11652065333333333
2024-06-08 00:00:00+00:00,0.10950000000000001,0.11652065333333335
2024-06-09 00:00:00+00:00,0.10950000000000001,0.11722911833333333
2024-06-10 00:00:00+00:00,0.10950000000000001,0.11810694333333333
2024-06-11 00:00:00+00:00,0.10950000000000001,0.11913587833333335
2024-06-12 00:00:00+00:00,0.10950000000000001,0.11964335
2024-06-13 00:00:00+00:00,0.10950000000000001,0.11997623
2024-06-14 00:00:00+00:00,0.10950000000000001,0.120300715
2024-06-15 00:00:00+00:00,0.10950000000000001,0.12129181166666667
2024-06-16 00:00:00+00:00,0.10950000000000001,0.12272893833333334
2024-06-17 00:00:00+00:00,0.10635005,0.123991595
2024-06-18 00:00:00+00:00,0.07554040000000001,0.124117155
2024-06-19 00:00:00+00:00,0.0953453,0.12532056
2024-06-20 00:00:00+00:00,0.07138305,0.12290584166666667
2024-06-21 00:00:00+00:00,0.046898850000000006,0.11988948166666667
2024-06-22 00:00:00+00:00,0.05224974999999999,0.11798114
2024-06-23 00:00:00+00:00,0.054366750000000005,0.11614336500000001
2024-06-24 00:00:00+00:00,0.0915493,0.11554500833333334
2024-06-25 00:00:00+00:00,0.10950000000000001,0.11554500833333334
2024-06-26 00:00:00+00:00,0.10950000000000001,0.11554500833333334
2024-06-27 00:00:00+00:00,0.10950000000000001,0.11527855833333334
2024-06-28 00:00:00+00:00,0.10950000000000001,0.11343105
2024-06-29 00:00:00+00:00,0.10950000000000001,0.10999214166666668
2024-06-30 00:00:00+00:00,0.10950000000000001,0.109613515
2024-07-01 00:00:00+00:00,0.10950000000000001,0.10819038
2024-07-02 00:00:00+00:00,0.10950000000000001,0.10749748833333334
2024-07-03 00:00:00+00:00,0.10950000000000001,0.10612022166666667
2024-07-04 00:00:00+00:00,0.10950000000000001,0.10602288833333334
2024-07-05 00:00:00+00:00,0.08932645,0.10442236333333335
2024-07-06 00:00:00+00:00,0.07829615,0.10036757833333333
2024-07-07 00:00:00+00:00,0.0666782,0.09694947500000001
2024-07-08 00:00:00+00:00,0.083147,0.09607104166666666
2024-07-09 00:00:00+00:00,0.05297245,0.09418679
2024-07-10 00:00:00+00:00,0.05642535,0.09241763500000001
2024-07-11 00:00:00+00:00,0.06767465,0.09102345666666668
2024-07-12 00:00:00+00:00,0.07987659999999999,0.09003601000000001
2024-07-13 00:00:00+00:00,0.10068160000000001,0.08974206333333333
2024-07-14 00:00:00+00:00,0.0713429,0.08847016
2024-07-15 00:00:00+00:00,0.0671089,0.08705712333333333
2024-07-16 00:00:00+00:00,0.06875505,0.08569895833333334
2024-07-17 00:00:00+00:00,0.07300364999999999,0.08458741166666667
2024-07-18 00:00:00+00:00,0.0728686,0.08449835166666667
2024-07-19 00:00:00+00:00,0.082271,0.08406254166666667
2024-07-20 00:00:00+00:00,0.059538799999999996,0.08366773333333334
2024-07-21 00:00:00+00:00,0.06659425000000001,0.08432424666666667
2024-07-22 00:00:00+00:00,0.0745914,0.08506896833333334
2024-07-23 00:00:00+00:00,0.09783825000000002,0.08651801833333334
2024-07-24 00:00:00+00:00,0.08382955,0.08626069333333335
2024-07-25 00:00:00+00:00,0.0488516,0.08423908
2024-07-26 00:00:00+00:00,0.044164999999999996,0.08206124666666666
2024-07-27 00:00:00+00:00,0.0447198,0.07990190666666667
2024-07-28 00:00:00+00:00,0.10950000000000001,0.07990190666666667
2024-07-29 00:00:00+00:00,0.1028351,0.07967974333333333
2024-07-30 00:00:00+00:00,0.10950000000000001,0.07967974333333333
2024-07-31 00:00:00+00:00,0.10950000000000001,0.07967974333333334
2024-08-01 00:00:00+00:00,0.09480145000000001,0.07918979166666666
2024-08-02 00:00:00+00:00,0.07006905000000001,0.07787542666666666
2024-08-03 00:00:00+00:00,0.05925045,0.07620044166666667
2024-08-04 00:00:00+00:00,0.04610315,0.074759665
2024-08-05 00:00:00+00:00,-0.028922600000000003,0.07118570666666667
2024-08-06 00:00:00+00:00,-0.051293450000000004,0.06725331833333333
2024-08-07 00:00:00+00:00,-0.0341056,0.06334489833333333
2024-08-08 00:00:00+00:00,-0.03247405,0.06049668166666667
2024-08-09 00:00:00+00:00,0.0094827,0.05893192666666667
2024-08-10 00:00:00+00:00,0.0031718500000000012,0.05678183333333334
2024-08-11 00:00:00+00:00,0.00159505,0.05417244833333334
2024-08-12 00:00:00+00:00,0.051965050000000006,0.05254856333333333
2024-08-13 00:00:00+00:00,-0.0097674,0.049844886666666664
2024-08-14 00:00:00+00:00,0.0009453500000000002,0.047639435
2024-08-15 00:00:00+00:00,0.04920565,0.04698778833333333
2024-08-16 00:00:00+00:00,0.0156439,0.045075796666666675
2024-08-17 00:00:00+00:00,-0.012804199999999998,0.04222003666666666
2024-08-18 00:00:00+00:00,-0.014840899999999997,0.03898297333333333
2024-08-19 00:00:00+00:00,-0.01580815,0.03647140833333334
2024-08-20 00:00:00+00:00,0.0008029999999999997,0.034278366666666664
2024-08-21 00:00:00+00:00,0.028378749999999998,0.032737945000000004
2024-08-22 00:00:00+00:00,0.016819199999999996,0.03003731
2024-08-23 00:00:00+00:00,0.045625,0.028763825
2024-08-24 00:00:00+00:00,0.0001715500000000002,0.027141156666666666
2024-08-25 00:00:00+00:00,0.00912865,0.02597327833333334
2024-08-26 00:00:00+00:00,0.051687649999999995,0.026205540000000003
2024-08-27 00:00:00+00:00,0.080154,0.02522734
2024-08-28 00:00:00+00:00,-0.019713650000000003,0.021142381666666665
2024-08-29 00:00:00+00:00,0.00351495,0.017609546666666667
2024-08-30 00:00:00+00:00,0.036518249999999995,0.015176821666666668
2024-08-31 00:00:00+00:00,0.08403759999999999,0.014818026666666668
2024-09-01 00:00:00+00:00,0.0509321,0.014180128333333332
2024-09-02 00:00:00+00:00,0.031251299999999996,0.013246823333333333
2024-09-03 00:00:00+00:00,0.05755684999999999,0.013628613333333333
2024-09-04 00:00:00+00:00,0.0466397,0.016147356666666664
2024-09-05 00:00:00+00:00,0.036919749999999994,0.019087796666666667
2024-09-06 00:00:00+00:00,0.045771000000000006,0.021750349999999998
2024-09-07 00:00:00+00:00,0.0085994,0.023119465000000002
2024-09-08 00:00:00+00:00,0.037518350000000006,0.024053986666666662
2024-09-09 00:00:00+00:00,0.0098404,0.02427627166666667
2024-09-10 00:00:00+00:00,-0.007821950000000001,0.023962371666666663
2024-09-11 00:00:00+00:00,0.0090958,0.022533396666666664
2024-09-12 00:00:00+00:00,0.0227103,0.023615986666666665
2024-09-13 00:00:00+00:00,0.052439549999999995,0.02533246
2024-09-14 00:00:00+00:00,0.00206225,0.023761013333333334
2024-09-15 00:00:00+00:00,0.01174935,0.023631194999999997
2024-09-16 00:00:00+00:00,-0.01774995,0.023466336666666664
2024-09-17 00:00:00+00:00,0.05801675,0.025894925
2024-09-18 00:00:00+00:00,0.037211749999999995,0.027662255
2024-09-19 00:00:00+00:00,0.0671016,0.02987220833333333
2024-09-20 00:00:00+00:00,0.1085291,0.03254388666666667
2024-09-21 00:00:00+00:00,0.06522185,0.03415730833333333
2024-09-22 00:00:00+00:00,0.0733431,0.035081245
2024-09-23 00:00:00+00:00,0.057834250000000004,0.03700333499999999
2024-09-24 00:00:00+00:00,0.048837,0.03832694666666667
2024-09-25 00:00:00+00:00,0.04272325,0.03802813333333333
2024-09-26 00:00:00+00:00,0.09348379999999999,0.03847246
2024-09-27 00:00:00+00:00,0.08612175000000001,0.04200030666666667
2024-09-28 00:00:00+00:00,0.08538445,0.044729290000000005
2024-09-29 00:00:00+00:00,0.0691821,0.045818084999999995
2024-09-30 00:00:00+00:00,0.09045065,0.04603185333333333
2024-10-01 00:00:00+00:00,0.10364905,0.047789085
2024-10-02 00:00:00+00:00,0.09803535000000001,0.05001522
2024-10-03 00:00:00+00:00,0.040744949999999995,0.049454823333333335
2024-10-04 00:00:00+00:00,0.04663605,0.04945470166666666
2024-10-05 00:00:00+00:00,0.08528955,0.051067028333333334
2024-10-06 00:00:00+00:00,0.06423635,0.05168253999999999
2024-10-07 00:00:00+00:00,0.05558950000000001,0.05324887666666667
2024-10-08 00:00:00+00:00,0.09113685,0.05503616
2024-10-09 00:00:00+00:00,0.086286,0.05758434666666667
2024-10-10 00:00:00+00:00,0.09731995,0.06108907666666666
2024-10-11 00:00:00+00:00,0.09289615,0.06388242166666666
2024-10-12 00:00:00+00:00,0.07955175,0.06577713666666667
2024-10-13 00:00:00+00:00,0.04981885,0.06568978
2024-10-14 00:00:00+00:00,0.09694035000000001,0.06885238333333334
2024-10-15 00:00:00+00:00,0.10950000000000001,0.07211073833333333
2024-10-16 00:00:00+00:00,0.10950000000000001,0.07635240333333333
2024-10-17 00:00:00+00:00,0.10950000000000001,0.07806851166666666
2024-10-18 00:00:00+00:00,0.10950000000000001,0.08047812
2024-10-19 00:00:00+00:00,0.10950000000000001,0.0818914
2024-10-20 00:00:00+00:00,0.10950000000000001,0.08192376333333334
2024-10-21 00:00:00+00:00,0.10950000000000001,0.08339970166666667
2024-10-22 00:00:00+00:00,0.10950000000000001,0.08460493166666667
2024-10-23 00:00:00+00:00,0.10950000000000001,0.08632712333333334
2024-10-24 00:00:00+00:00,0.10950000000000001,0.08834922333333334
2024-10-25 00:00:00+00:00,0.10950000000000001,0.09057511500000001
2024-10-26 00:00:00+00:00,0.10950000000000001,0.09110898833333334
2024-10-27 00:00:00+00:00,0.10950000000000001,0.09188826333333334
2024-10-28 00:00:00+00:00,0.10950000000000001,0.092692115
2024-10-29 00:00:00+00:00,0.10950000000000001,0.094036045
2024-10-30 00:00:00+00:00,0.10950000000000001,0.09467102333333334
2024-10-31 00:00:00+00:00,0.10950000000000001,0.094866055
2024-11-01 00:00:00+00:00,0.10950000000000001,0.09524821
2024-11-02 00:00:00+00:00,0.10950000000000001,0.097540045
2024-11-03 00:00:00+00:00,0.10950000000000001,0.09963551000000001
2024-11-04 00:00:00+00:00,0.10950000000000001,0.100442525
2024-11-05 00:00:00+00:00,0.10950000000000001,0.10195131333333335
2024-11-06 00:00:00+00:00,0.10771515000000001,0.10368883500000002
2024-11-07 00:00:00+00:00,0.12733025,0.10489528166666667
2024-11-08 00:00:00+00:00,0.10950000000000001,0.10566908166666668
2024-11-09 00:00:00+00:00,0.10950000000000001,0.10607508333333333
2024-11-10 00:00:00+00:00,0.1704842,0.10866135166666667
2024-11-11 00:00:00+00:00,0.23755659999999998,0.11392818000000002
2024-11-12 00:00:00+00:00,0.4427742,0.12702669166666666
2024-11-13 00:00:00+00:00,0.21920804999999996,0.13110228166666668
2024-11-14 00:00:00+00:00,0.11161700000000001,0.13117284833333334
2024-11-15 00:00:00+00:00,0.13227965,0.13193217000000002
2024-11-16 00:00:00+00:00,0.1444159,0.13309603333333336
2024-11-17 00:00:00+00:00,0.14485025,0.134274375
2024-11-18 00:00:00+00:00,0.26016469999999997,0.13929653166666667
2024-11-19 00:00:00+00:00,0.28121425,0.14502034
2024-11-20 00:00:00+00:00,0.18429945,0.147513655
2024-11-21 00:00:00+00:00,0.14653290000000002,0.148748085
2024-11-22 00:00:00+00:00,0.3120896,0.15550107166666666
2024-11-23 00:00:00+00:00,0.30903455,0.16215222333333335
2024-11-24 00:00:00+00:00,0.2846854,0.16799173666666667
2024-11-25 00:00:00+00:00,0.26641715,0.17322230833333335
2024-11-26 00:00:00+00:00,0.20053100000000001,0.176256675
2024-11-27 00:00:00+00:00,0.21049185,0.17962307
2024-11-28 00:00:00+00:00,0.1548257,0.18113392666666667
2024-11-29 00:00:00+00:00,0.1290421,0.18178533
2024-11-30 00:00:00+00:00,0.1980563,0.18473720666666668
2024-12-01 00:00:00+00:00,0.1484236,0.18603466
2024-12-02 00:00:00+00:00,0.34245760000000003,0.19379991333333332
2024-12-03 00:00:00+00:00,0.2753925,0.19932966333333335
2024-12-04 00:00:00+00:00,0.19882645,0.20230721166666665
2024-12-05 00:00:00+00:00,0.38073515,0.21134838333333333
2024-12-06 00:00:00+00:00,0.2415716,0.215810265
2024-12-07 00:00:00+00:00,0.28465619999999997,0.22105446333333337
2024-12-08 00:00:00+00:00,0.23133335,0.22511557499999998
2024-12-09 00:00:00+00:00,0.15947945,0.2267815566666667
2024-12-10 00:00:00+00:00,0.10950000000000001,0.22474875
2024-12-11 00:00:00+00:00,0.10950000000000001,0.22048019666666666
2024-12-12 00:00:00+00:00,0.10950000000000001,0.2093710566666667
2024-12-13 00:00:00+00:00,0.10950000000000001,0.20571412166666667
2024-12-14 00:00:00+00:00,0.10950000000000001,0.20564355499999998
2024-12-15 00:00:00+00:00,0.1073246,0.20481171999999997
2024-12-16 00:00:00+00:00,0.10461630000000001,0.20348506666666666
2024-12-17 00:00:00+00:00,0.10950000000000001,0.20230672500000002
2024-12-18 00:00:00+00:00,0.1023679,0.19704683166666667
2024-12-19 00:00:00+00:00,0.07633975000000001,0.19021768166666667
2024-12-20 00:00:00+00:00,0.10950000000000001,0.18772436666666667
2024-12-21 00:00:00+00:00,0.0961848,0.1860460966666667
2024-12-22 00:00:00+00:00,0.09260049999999999,0.17872979333333333
2024-12-23 00:00:00+00:00,0.07211669999999999,0.17083253166666668
2024-12-24 00:00:00+00:00,0.07620470000000001,0.16388317500000002
2024-12-25 00:00:00+00:00,0.0447417,0.1564939933333333
2024-12-26 00:00:00+00:00,0.09601325000000001,0.15301006833333333
2024-12-27 00:00:00+00:00,0.08678605,0.14888654166666668
2024-12-28 00:00:00+00:00,0.1070764,0.14729489833333334
2024-12-29 00:00:00+00:00,0.0750878,0.14549642166666665
2024-12-30 00:00:00+00:00,0.10950000000000001,0.142544545
2024-12-31 00:00:00+00:00,0.1040761,0.14106629499999998
2025-01-01 00:00:00+00:00,0.10950000000000001,0.13330104166666665
2025-01-02 00:00:00+00:00,0.10950000000000001,0.12777129166666668
2025-01-03 00:00:00+00:00,0.10950000000000001,0.12479374333333333
2025-01-04 00:00:00+00:00,0.10950000000000001,0.11575257166666668
2025-01-05 00:00:00+00:00,0.10950000000000001,0.111350185
2025-01-06 00:00:00+00:00,0.10950000000000001,0.105511645
2025-01-07 00:00:00+00:00,0.10950000000000001,0.10145053333333334
2025-01-08 00:00:00+00:00,0.1082517,0.09974294166666667
2025-01-09 00:00:00+00:00,0.09712285000000001,0.09933037000000002
2025-01-10 00:00:00+00:00,0.08663275,0.09856812833333334
2025-01-11 00:00:00+00:00,0.0811176,0.09762204833333334
2025-01-12 00:00:00+00:00,0.10268910000000002,0.09739501833333335
2025-01-13 00:00:00+00:00,0.08301924999999999,0.09651232666666668
2025-01-14 00:00:00+00:00,0.07492355,0.09543229166666668
2025-01-15 00:00:00+00:00,0.057925500000000005,0.09387593166666666
2025-01-16 00:00:00+00:00,0.08608890000000001,0.09309556166666667
2025-01-17 00:00:00+00:00,0.10950000000000001,0.09333329833333333
2025-01-18 00:00:00+00:00,0.10950000000000001,0.09443864
2025-01-19 00:00:00+00:00,0.10950000000000001,0.09443863999999999
2025-01-20 00:00:00+00:00,0.10950000000000001,0.09488248
2025-01-21 00:00:00+00:00,0.10950000000000001,0.09544579666666668
2025-01-22 00:00:00+00:00,0.10950000000000001,0.09669190666666669
2025-01-23 00:00:00+00:00,0.10950000000000001,0.09780174999999999
2025-01-24 00:00:00+00:00,0.10950000000000001,0.09996036000000001
2025-01-25 00:00:00+00:00,0.08168335000000002,0.09948269666666668
2025-01-26 00:00:00+00:00,0.08481505,0.09941699666666667
2025-01-27 00:00:00+00:00,0.024509750000000004,0.09666477500000001
2025-01-28 00:00:00+00:00,0.07281750000000001,0.09658909833333333
2025-01-29 00:00:00+00:00,0.09217345,0.09601154666666667
2025-01-30 00:00:00+00:00,0.07059830000000002,0.09489562
2025-01-31 00:00:00+00:00,0.0999516,0.09457734000000002
2025-02-01 00:00:00+00:00,0.07937654999999999,0.09357322500000001
2025-02-02 00:00:00+00:00,0.07376284999999999,0.09238198666666667
2025-02-03 00:00:00+00:00,-0.14067464999999998,0.08404283166666668
2025-02-04 00:00:00+00:00,-0.06482399999999999,0.07823203166666667
2025-02-05 00:00:00+00:00,-0.018173349999999998,0.07397625333333334
2025-02-06 00:00:00+00:00,-0.012201950000000001,0.06991952166666666
2025-02-07 00:00:00+00:00,0.01513655,0.06681568333333333
2025-02-08 00:00:00+00:00,0.053173200000000004,0.06535069500000001
2025-02-09 00:00:00+00:00,0.03699275,0.06369602833333333
2025-02-10 00:00:00+00:00,0.04884065,0.06262013000000001
2025-02-11 00:00:00+00:00,0.0089498,0.05949548666666668
2025-02-12 00:00:00+00:00,0.0653642,0.05890698500000001
2025-02-13 00:00:00+00:00,0.07506955,0.058911851666666674
2025-02-14 00:00:00+00:00,0.05954974999999999,0.058965993333333334
2025-02-15 00:00:00+00:00,0.03303615,0.05719756833333334
2025-02-16 00:00:00+00:00,0.04956335,0.05519968000000001
2025-02-17 00:00:00+00:00,0.07029534999999999,0.053892858333333335
2025-02-18 00:00:00+00:00,0.031346200000000005,0.05128773166666667
2025-02-19 00:00:00+00:00,0.0562903,0.04951407500000001
2025-02-20 00:00:00+00:00,0.04316855,0.047303026666666664
2025-02-21 00:00:00+00:00,0.052654900000000004,0.04540819
2025-02-22 00:00:00+00:00,0.01911505,0.042395358333333334
2025-02-23 00:00:00+00:00,0.050132750000000004,0.04041645000000001
2025-02-24 00:00:00+00:00,0.040635450000000004,0.039048186666666665
2025-02-25 00:00:00+00:00,-0.0007482499999999984,0.03619607666666667
2025-02-26 00:00:00+00:00,0.0415954,0.03676559833333334
2025-02-27 00:00:00+00:00,0.08592829999999999,0.037202625
2025-02-28 00:00:00+00:00,0.0239586,0.03492879666666667
2025-03-01 00:00:00+00:00,0.010449950000000001,0.03292385166666666
2025-03-02 00:00:00+00:00,0.0565604,0.03147747833333333
2025-03-03 00:00:00+00:00,0.0105777,0.029184183333333332
2025-03-04 00:00:00+00:00,-0.028710900000000004,0.025768391666666668
2025-03-05 00:00:00+00:00,0.0587723,0.03241662333333333
2025-03-06 00:00:00+00:00,0.01012145,0.034914805
2025-03-07 00:00:00+00:00,0.0220022,0.03625398999999999
2025-03-08 00:00:00+00:00,0.05008165,0.03833011
2025-03-09 00:00:00+00:00,0.03830675,0.039102450000000004
2025-03-10 00:00:00+00:00,0.006420349999999998,0.03754402166666667
2025-03-11 00:00:00+00:00,0.02073565,0.037002118333333334
2025-03-12 00:00:00+00:00,-0.0023141,0.03529696
2025-03-13 00:00:00+00:00,0.026075599999999997,0.03586782
2025-03-14 00:00:00+00:00,0.058261299999999995,0.03563105666666666
2025-03-15 00:00:00+00:00,0.035109350000000004,0.03429905
2025-03-16 00:00:00+00:00,-0.03053225,0.03129631666666667
2025-03-17 00:00:00+00:00,0.04169395,0.03158491
2025-03-18 00:00:00+00:00,0.03972295,0.031256896666666666
2025-03-19 00:00:00+00:00,0.07900425000000001,0.031547193333333334
2025-03-20 00:00:00+00:00,-0.0036792,0.030379680000000003
2025-03-21 00:00:00+00:00,0.05327905000000001,0.030279305
2025-03-22 00:00:00+00:00,-0.0052267999999999985,0.02866612666666667
2025-03-23 00:00:00+00:00,0.026535499999999997,0.027795479999999997
2025-03-24 00:00:00+00:00,0.041007749999999996,0.028525236666666665
2025-03-25 00:00:00+00:00,0.028167050000000003,0.027793046666666668
2025-03-26 00:00:00+00:00,0.00662475,0.02665935666666667
2025-03-27 00:00:00+00:00,0.0551004,0.028520978333333336
2025-03-28 00:00:00+00:00,0.009292899999999998,0.02744422833333333
2025-03-29 00:00:00+00:00,0.030378950000000002,0.025592583333333332
2025-03-30 00:00:00+00:00,-0.006862,0.02456523
2025-03-31 00:00:00+00:00,0.0158629,0.024745661666666665
2025-04-01 00:00:00+00:00,0.02021735,0.023534226666666668
2025-04-02 00:00:00+00:00,0.02880945,0.024141951666666668
2025-04-03 00:00:00+00:00,0.0187464,0.025723861666666667
2025-04-04 00:00:00+00:00,0.030616199999999996,0.024785325
2025-04-05 00:00:00+00:00,0.026783699999999997,0.025340733333333334
2025-04-06 00:00:00+00:00,0.01980855,0.02526761166666667
2025-04-07 00:00:00+00:00,-0.029930000000000002,0.022600556666666667
2025-04-08 00:00:00+00:00,-0.0025988000000000005,0.021237038333333336
2025-04-09 00:00:00+00:00,-0.035861250000000004,0.019827651666666668
2025-04-10 00:00:00+00:00,0.0473186,0.02071375
2025-04-11 00:00:00+00:00,-0.0264114,0.019910506666666668
2025-04-12 00:00:00+00:00,0.01579355,0.019567771666666667
2025-04-13 00:00:00+00:00,0.0663497,0.019837385
2025-04-14 00:00:00+00:00,0.06819659999999998,0.02094029333333333
2025-04-15 00:00:00+00:00,0.01718055,0.02253072
2025-04-16 00:00:00+00:00,-0.004307000000000001,0.020997355
2025-04-17 00:00:00+00:00,0.028732800000000003,0.020631016666666665
2025-04-18 00:00:00+00:00,-0.0068255,0.017770025000000002
2025-04-19 00:00:00+00:00,0.04981155000000001,0.01955305
2025-04-20 00:00:00+00:00,0.029678149999999997,0.018766353333333333
2025-04-21 00:00:00+00:00,0.06530945,0.021117561666666666
2025-04-22 00:00:00+00:00,0.01652355,0.020783830000000003
2025-04-23 00:00:00+00:00,0.09597675000000001,0.02261613
2025-04-24 00:00:00+00:00,0.06514885000000001,0.023848856666666664
2025-04-25 00:00:00+00:00,0.04666889999999999,0.02518366166666667
2025-04-26 00:00:00+00:00,-0.00525965,0.023171659999999997
2025-04-27 00:00:00+00:00,-0.0180821,0.02225916
2025-04-28 00:00:00+00:00,-0.048369800000000004,0.019634201666666667
2025-04-29 00:00:00+00:00,0.04626375,0.02140506
2025-04-30 00:00:00+00:00,-0.0457564,0.019351083333333335
2025-05-01 00:00:00+00:00,0.03888345,0.019973286666666666
2025-05-02 00:00:00+00:00,-0.025462400000000003,0.018164225
2025-05-03 00:00:00+00:00,0.031236700000000003,0.018580568333333335
2025-05-04 00:00:00+00:00,0.02674355,0.018451480000000003
2025-05-05 00:00:00+00:00,0.01231145,0.017969071666666666
2025-05-06 00:00:00+00:00,0.005380100000000001,0.017488123333333334
2025-05-07 00:00:00+00:00,0.04078145,0.019845171666666665
2025-05-08 00:00:00+00:00,0.08497565,0.02276432
2025-05-09 00:00:00+00:00,0.10950000000000001,0.027609695
2025-05-10 00:00:00+00:00,0.10516745,0.029537990000000004
2025-05-11 00:00:00+00:00,0.07227365,0.03282749166666667
2025-05-12 00:00:00+00:00,0.08323825,0.035075648333333334
2025-05-13 00:00:00+00:00,0.09575045,0.036055673333333337
2025-05-14 00:00:00+00:00,0.07379205,0.036242188333333335
2025-05-15 00:00:00+00:00,0.09379770000000001,0.03879609333333334
2025-05-16 00:00:00+00:00,0.08761095,0.041860025
2025-05-17 00:00:00+00:00,0.01094635,0.04126714333333334
2025-05-18 00:00:00+00:00,0.037978250000000005,0.04276060166666666
2025-05-19 00:00:00+00:00,0.039372550000000006,0.042412635000000004
2025-05-20 00:00:00+00:00,0.058378099999999995,0.043369300000000006
2025-05-21 00:00:00+00:00,0.04981520000000001,0.042852825000000004
2025-05-22 00:00:00+00:00,0.07716465000000002,0.044874195000000006
2025-05-23 00:00:00+00:00,0.0703501,0.04401997333333333
2025-05-24 00:00:00+00:00,0.058936550000000004,0.04381289666666667
2025-05-25 00:00:00+00:00,0.0667147,0.04448109
2025-05-26 00:00:00+00:00,0.04797194999999999,0.04625547666666666
2025-05-27 00:00:00+00:00,0.0876949,0.04978137666666667
2025-05-28 00:00:00+00:00,0.10950000000000001,0.05504370333333333
2025-05-29 00:00:00+00:00,0.10337165,0.056947300000000006
2025-05-30 00:00:00+00:00,0.08459240000000001,0.06129226
2025-05-31 00:00:00+00:00,0.0517643,0.061721621666666664
2025-06-01 00:00:00+00:00,0.054151399999999995,0.064375415
2025-06-02 00:00:00+00:00,0.0567648,0.06522635166666667
2025-06-03 00:00:00+00:00,0.05375355,0.066126685
2025-06-04 00:00:00+00:00,0.0726715,0.06813868666666667
2025-06-05 00:00:00+00:00,0.06300995000000001,0.07005968166666668
2025-06-06 00:00:00+00:00,0.015257,0.06920886666666667
2025-06-07 00:00:00+00:00,0.0763142,0.06892015166666667
2025-06-08 00:00:00+00:00,0.08839205,0.06821655333333333
2025-06-09 00:00:00+00:00,0.04671635,0.06626818333333334
2025-06-10 00:00:00+00:00,0.10950000000000001,0.06750906166666666
2025-06-11 00:00:00+00:00,0.10950000000000001,0.06838445333333333
2025-06-12 00:00:00+00:00,0.07799684999999999,0.06779266666666667
2025-06-13 00:00:00+00:00,-0.0013067000000000011,0.06528937500000001
2025-06-14 00:00:00+00:00,0.0254551,0.06301128833333333
2025-06-15 00:00:00+00:00,0.06345525,0.062206098333333334
2025-06-16 00:00:00+00:00,0.06421445,0.06398170166666667
2025-06-17 00:00:00+00:00,0.0534798,0.06449842
2025-06-18 00:00:00+00:00,0.0545675,0.06500491833333334
2025-06-19 00:00:00+00:00,0.05503834999999999,0.06489359333333335
2025-06-20 00:00:00+00:00,0.07189770000000001,0.06562967666666666
2025-06-21 00:00:00+00:00,-0.0049567000000000005,0.06289229833333333
2025-06-22 00:00:00+00:00,0.007865750000000001,0.06080948666666666
2025-06-23 00:00:00+00:00,0.0037156999999999997,0.05896879166666667
2025-06-24 00:00:00+00:00,0.0137751,0.057204138333333335
2025-06-25 00:00:00+00:00,0.0012373500000000006,0.05564631833333333
2025-06-26 00:00:00+00:00,0.042778,0.05414908833333333
2025-06-27 00:00:00+00:00,0.023473149999999998,0.05128152666666667
2025-06-28 00:00:00+00:00,0.04783325000000001,0.04943024666666666
2025-06-29 00:00:00+00:00,0.05473175,0.04843489166666667
2025-06-30 00:00:00+00:00,0.05334475,0.04848757333333333
2025-07-01 00:00:00+00:00,0.030305949999999998,0.047692725
2025-07-02 00:00:00+00:00,0.04398980000000001,0.04726689166666667
2025-07-03 00:00:00+00:00,0.0883957,0.04842163
2025-07-04 00:00:00+00:00,0.03891995,0.04729657833333333
2025-07-05 00:00:00+00:00,0.0398069,0.046523143333333336
2025-07-06 00:00:00+00:00,0.06803965000000001,0.048282565000000006
2025-07-07 00:00:00+00:00,0.062009850000000005,0.04780575333333333
2025-07-08 00:00:00+00:00,0.061473299999999995,0.046908461666666665
2025-07-09 00:00:00+00:00,0.0654883,0.04753419333333333
2025-07-10 00:00:00+00:00,0.05838175,0.04583025166666667
2025-07-11 00:00:00+00:00,0.10950000000000001,0.04583025166666667
2025-07-12 00:00:00+00:00,0.0796503,0.04588536666666666
2025-07-13 00:00:00+00:00,0.05753495000000001,0.047846755
2025-07-14 00:00:00+00:00,0.07664270000000001,0.049553008333333336
2025-07-15 00:00:00+00:00,0.09538909999999999,0.050617470000000005
2025-07-16 00:00:00+00:00,0.10950000000000001,0.05212698833333333
2025-07-17 00:00:00+00:00,0.10950000000000001,0.053994328333333334
2025-07-18 00:00:00+00:00,0.10950000000000001,0.055825411666666665
2025-07-19 00:00:00+00:00,0.10950000000000001,0.057640800000000006
2025-07-20 00:00:00+00:00,0.10950000000000001,0.05889421000000001
2025-07-21 00:00:00+00:00,0.10950000000000001,0.06270943333333333
2025-07-22 00:00:00+00:00,0.10950000000000001,0.06609724166666668
2025-07-23 00:00:00+00:00,0.10950000000000001,0.06962338500000001
2025-07-24 00:00:00+00:00,0.10950000000000001,0.072814215
2025-07-25 00:00:00+00:00,0.10950000000000001,0.07642297
2025-07-26 00:00:00+00:00,0.10950000000000001,0.07864703666666667
2025-07-27 00:00:00+00:00,0.10293365,0.08129572000000002
2025-07-28 00:00:00+00:00,0.10950000000000001,0.08335127833333335
2025-07-29 00:00:00+00:00,0.08940310000000001,0.08450699
2025-07-30 00:00:00+00:00,0.03325515,0.08383733666666668
2025-07-31 00:00:00+00:00,0.0510343,0.08452828166666666
2025-08-01 00:00:00+00:00,0.00811395,0.08333242
2025-08-02 00:00:00+00:00,0.05262205,0.08213996500000001
2025-08-03 00:00:00+00:00,0.05931979999999999,0.08281996
2025-08-04 00:00:00+00:00,0.023516950000000002,0.08227696166666669
2025-08-05 00:00:00+00:00,0.01691045,0.080572655
2025-08-06 00:00:00+00:00,0.061535349999999996,0.08055683833333334
2025-08-07 00:00:00+00:00,0.0748688,0.08100335500000001
2025-08-08 00:00:00+00:00,0.08854900000000002,0.081772045
2025-08-09 00:00:00+00:00,0.10950000000000001,0.08347598666666668
2025-08-10 00:00:00+00:00,0.10919340000000001,0.08346576666666668
2025-08-11 00:00:00+00:00,0.10302855,0.08424504166666667
2025-08-12 00:00:00+00:00,0.08635535,0.08520572166666666
2025-08-13 00:00:00+00:00,0.10950000000000001,0.08630096500000001
2025-08-14 00:00:00+00:00,0.10950000000000001,0.08677132833333333
2025-08-15 00:00:00+00:00,0.09577234999999999,0.08631374000000001
2025-08-16 00:00:00+00:00,0.061776250000000005,0.08472294833333334
2025-08-17 00:00:00+00:00,0.03407275,0.08220870666666666
2025-08-18 00:00:00+00:00,0.0685543,0.08084385000000001
2025-08-19 00:00:00+00:00,0.10950000000000001,0.08084385
2025-08-20 00:00:00+00:00,0.0707662,0.07955272333333333
2025-08-21 00:00:00+00:00,0.05385575,0.07769791500000002
2025-08-22 00:00:00+00:00,0.0695325,0.076365665
2025-08-23 00:00:00+00:00,0.10950000000000001,0.076365665
2025-08-24 00:00:00+00:00,0.10950000000000001,0.07636566500000001
2025-08-25 00:00:00+00:00,0.04099315,0.07408210333333334
2025-08-26 00:00:00+00:00,0.0050005,0.070817665
2025-08-27 00:00:00+00:00,0.0192209,0.06780836166666668
2025-08-28 00:00:00+00:00,0.03935795,0.06614019
2025-08-29 00:00:00+00:00,0.02994825,0.06602996
2025-08-30 00:00:00+00:00,0.025955149999999996,0.06519398833333333
2025-08-31 00:00:00+00:00,0.01094635,0.06528840166666666
2025-09-01 00:00:00+00:00,-0.012015800000000002,0.06313380666666667
2025-09-02 00:00:00+00:00,0.032649250000000005,0.062244788333333335
2025-09-03 00:00:00+00:00,0.017793749999999997,0.062054015000000004
2025-09-04 00:00:00+00:00,-0.008132200000000001,0.06121926
2025-09-05 00:00:00+00:00,-0.0223745,0.058422265
2025-09-06 00:00:00+00:00,0.021578800000000002,0.05664593166666667
2025-09-07 00:00:00+00:00,0.06649935,0.05591094333333334
2025-09-08 00:00:00+00:00,0.05000865000000001,0.053927898333333335
2025-09-09 00:00:00+00:00,0.07793114999999999,0.05288582333333334
2025-09-10 00:00:00+00:00,0.0911624,0.052490285000000005
2025-09-11 00:00:00+00:00,0.0724233,0.052025883333333335
2025-09-12 00:00:00+00:00,0.0907317,0.05140027333333333
2025-09-13 00:00:00+00:00,0.10882475,0.051377765
2025-09-14 00:00:00+00:00,0.05195775,0.049917278333333336
2025-09-15 00:00:00+00:00,0.0639918,0.04999113
2025-09-16 00:00:00+00:00,0.04052595,0.05020623666666667
2025-09-17 00:00:00+00:00,0.04446795,0.04940335833333333
2025-09-18 00:00:00+00:00,0.04165745,0.04714194
2025-09-19 00:00:00+00:00,0.00188705,0.04484596833333333
2025-09-20 00:00:00+00:00,-0.002825099999999999,0.04295660666666667
2025-09-21 00:00:00+00:00,0.020056749999999998,0.04130741500000001
2025-09-22 00:00:00+00:00,-0.0075226500000000005,0.03740666
2025-09-23 00:00:00+00:00,0.0117238,0.034147453333333334
2025-09-24 00:00:00+00:00,-0.0070225999999999995,0.03254692833333333
2025-09-25 00:00:00+00:00,-0.024498800000000005,0.031563618333333335
2025-09-26 00:00:00+00:00,0.061878449999999995,0.03298553666666666
2025-09-27 00:00:00+00:00,0.04664335,0.03322838333333333
2025-09-28 00:00:00+00:00,0.0744746,0.034712595
2025-09-29 00:00:00+00:00,0.0141036,0.03431754333333334
2025-09-30 00:00:00+00:00,0.00029564999999999995,0.03396252
2025-10-01 00:00:00+00:00,0.0009234500000000005,0.034393828333333334
2025-10-02 00:00:00+00:00,0.03012345,0.034309635
2025-10-03 00:00:00+00:00,0.0541587,0.0355218
2025-10-04 00:00:00+00:00,0.040496750000000005,0.037142765
2025-10-05 00:00:00+00:00,0.09296185000000001,0.04098731
2025-10-06 00:00:00+00:00,0.10181309999999999,0.04366178666666666
2025-10-07 00:00:00+00:00,0.10950000000000001,0.045095141666666665
2025-10-08 00:00:00+00:00,0.031218450000000002,0.04446880166666667
2025-10-09 00:00:00+00:00,0.03335735,0.04298300833333333
2025-10-10 00:00:00+00:00,-0.0002591499999999994,0.03993562333333333
2025-10-11 00:00:00+00:00,-0.011924549999999994,0.03712402833333333
2025-10-12 00:00:00+00:00,-0.039014850000000004,0.03279914333333333
2025-10-13 00:00:00+00:00,0.028710899999999998,0.030128681666666664
2025-10-14 00:00:00+00:00,0.03156155,0.029448808333333333
2025-10-15 00:00:00+00:00,0.029849700000000003,0.02831073833333333
2025-10-16 00:00:00+00:00,0.0032266,0.027067426666666665
2025-10-17 00:00:00+00:00,0.043606549999999994,0.027038713333333336
2025-10-18 00:00:00+00:00,0.03291935,0.026747443333333332
2025-10-19 00:00:00+00:00,0.0432671,0.02812677833333333
2025-10-20 00:00:00+00:00,0.05070945,0.029911263333333334
2025-10-21 00:00:00+00:00,0.041248650000000005,0.03061766
2025-10-22 00:00:00+00:00,0.007639450000000001,0.031123063333333333
2025-10-23 00:00:00+00:00,0.03608755,0.031935188333333336
2025-10-24 00:00:00+00:00,0.048837,0.033797175
2025-10-25 00:00:00+00:00,0.03372965,0.03573812333333334
2025-10-26 00:00:00+00:00,0.08058835,0.036361786666666666
2025-10-27 00:00:00+00:00,0.10156855000000001,0.03819262666666667
2025-10-28 00:00:00+00:00,0.037766549999999996,0.036969025
2025-10-29 00:00:00+00:00,-0.008219799999999998,0.036224911666666665
2025-10-30 00:00:00+00:00,-0.04389490000000001,0.034751893333333325
2025-10-31 00:00:00+00:00,0.035452449999999996,0.03590286
2025-11-01 00:00:00+00:00,0.086797,0.03779197833333334
2025-11-02 00:00:00+00:00,0.07013475,0.03832451333333333
2025-11-03 00:00:00+00:00,0.043194100000000006,0.038414425
2025-11-04 00:00:00+00:00,0.07938384999999999,0.037961825000000005
2025-11-05 00:00:00+00:00,0.02250955,0.03531837333333333
2025-11-06 00:00:00+00:00,0.036412400000000004,0.03288212
2025-11-07 00:00:00+00:00,0.07533600000000001,0.034352705
2025-11-08 00:00:00+00:00,0.08257395000000001,0.03599325833333333
2025-11-09 00:00:00+00:00,0.0455885,0.03752151333333333
2025-11-10 00:00:00+00:00,0.07515715,0.04042423666666666
2025-11-11 00:00:00+00:00,0.011796800000000001,0.04211795833333334
2025-11-12 00:00:00+00:00,0.024520700000000003,0.041978285
2025-11-13 00:00:00+00:00,0.0704012,0.04327294
2025-11-14 00:00:00+00:00,0.04070845,0.04363489833333333
2025-11-15 00:00:00+00:00,0.05130075,0.04523736999999999
2025-11-16 00:00:00+00:00,0.10139335,0.04716359666666667
2025-11-17 00:00:00+00:00,0.0948708,0.049228645
2025-11-18 00:00:00+00:00,0.0911916,0.05082612833333333
2025-11-19 00:00:00+00:00,0.07274815000000001,0.05156075166666667
2025-11-20 00:00:00+00:00,0.07928895,0.052828761666666675
2025-11-21 00:00:00+00:00,0.0391353,0.053878623333333334
2025-11-22 00:00:00+00:00,0.05004515,0.054343876666666666
2025-11-23 00:00:00+00:00,0.012782299999999998,0.053142053333333335
2025-11-24 00:00:00+00:00,0.045756399999999996,0.053542945
2025-11-25 00:00:00+00:00,0.029930000000000002,0.051854333333333336
2025-11-26 00:00:00+00:00,0.02070645,0.04915893
2025-11-27 00:00:00+00:00,0.01861865,0.04852066666666667
2025-11-28 00:00:00+00:00,0.0058035000000000005,0.04898811
2025-11-29 00:00:00+00:00,0.010701800000000001,0.050808
2025-11-30 00:00:00+00:00,0.0570933,0.05152936166666667
2025-12-01 00:00:00+00:00,0.0386754,0.049925308333333335
2025-12-02 00:00:00+00:00,0.0607652,0.049612989999999996
2025-12-03 00:00:00+00:00,0.039493,0.04948962
2025-12-04 00:00:00+00:00,0.09465545,0.049998673333333334
2025-12-05 00:00:00+00:00,0.062269,0.05132398833333333
2025-12-06 00:00:00+00:00,0.0296526,0.05109866166666667
2025-12-07 00:00:00+00:00,0.015293500000000002,0.049097245
2025-12-08 00:00:00+00:00,0.0517789,0.04807074333333334
2025-12-09 00:00:00+00:00,0.0561005,0.04842114333333333
2025-12-10 00:00:00+00:00,0.07625214999999999,0.048457643333333335
2025-12-11 00:00:00+00:00,0.0353101,0.049241419999999994
2025-12-12 00:00:00+00:00,0.009975449999999999,0.048756578333333335
2025-12-13 00:00:00+00:00,0.007464250000000001,0.046658679999999994
2025-12-14 00:00:00+00:00,0.07809904999999999,0.04790503333333333
2025-12-15 00:00:00+00:00,0.042413,0.047608775000000006
2025-12-16 00:00:00+00:00,-0.0008395000000000006,0.04420101333333333
2025-12-17 00:00:00+00:00,0.015169400000000001,0.04154429999999999
2025-12-18 00:00:00+00:00,0.0031791500000000012,0.038610551666666666
2025-12-19 00:00:00+00:00,0.0812636,0.038894399999999996
2025-12-20 00:00:00+00:00,0.01755285,0.03683653
2025-12-21 00:00:00+00:00,0.023254149999999998,0.03630715833333333
2025-12-22 00:00:00+00:00,-0.00848625,0.03435611166666666
2025-12-23 00:00:00+00:00,0.048333299999999996,0.035541145
2025-12-24 00:00:00+00:00,0.052556349999999995,0.03576781
2025-12-25 00:00:00+00:00,0.06637525,0.03698265166666667
2025-12-26 00:00:00+00:00,0.0545748,0.038111596666666664
2025-12-27 00:00:00+00:00,0.0425298,0.038908635
2025-12-28 00:00:00+00:00,0.06525105,0.04089022
2025-12-29 00:00:00+00:00,0.07128449999999999,0.04290964333333333
2025-12-30 00:00:00+00:00,0.0452016,0.04251325333333333
2025-12-31 00:00:00+00:00,0.03609485,0.042427234999999994
2026-01-01 00:00:00+00:00,0.06657235,0.04262080666666667
2026-01-02 00:00:00+00:00,0.06622195,0.043511771666666664
2026-01-03 00:00:00+00:00,0.043212350000000004,0.04179700166666667
2026-01-04 00:00:00+00:00,0.05489965000000001,0.041551356666666664
2026-01-05 00:00:00+00:00,0.05101605,0.04226347166666666
2026-01-06 00:00:00+00:00,0.06993764999999999,0.044084943333333335
2026-01-07 00:00:00+00:00,0.0687222,0.04464972
2026-01-08 00:00:00+00:00,0.053841150000000004,0.044574408333333336
2026-01-09 00:00:00+00:00,0.05834525,0.04397751166666666
2026-01-10 00:00:00+00:00,0.0884614,0.045749221666666666
2026-01-11 00:00:00+00:00,0.08129644999999999,0.04812658833333334
2026-01-12 00:00:00+00:00,0.07349275,0.05032753833333334
2026-01-13 00:00:00+00:00,0.060371,0.04973660333333333
2026-01-14 00:00:00+00:00,0.10340815,0.051769775
2026-01-15 00:00:00+00:00,0.05744369999999999,0.05371254833333334
2026-01-16 00:00:00+00:00,0.035072849999999996,0.05437599666666667
2026-01-17 00:00:00+00:00,0.08200455,0.05700351
2026-01-18 00:00:00+00:00,0.02769985,0.05521805166666667
2026-01-19 00:00:00+00:00,0.02010785,0.05530321833333333
2026-01-20 00:00:00+00:00,0.0581956,0.05646793333333333
2026-01-21 00:00:00+00:00,0.00801175,0.05701786666666667
2026-01-22 00:00:00+00:00,0.02506455,0.056242241666666665
2026-01-23 00:00:00+00:00,0.03499255,0.05565678166666666
2026-01-24 00:00:00+00:00,0.0224037,0.05419106333333334
2026-01-25 00:00:00+00:00,0.05432295,0.05418266833333333
2026-01-26 00:00:00+00:00,-0.021034950000000007,0.05206384333333333
2026-01-27 00:00:00+00:00,0.09284505000000001,0.05298364333333334
2026-01-28 00:00:00+00:00,0.0830667,0.05337638333333334
2026-01-29 00:00:00+00:00,0.027893300000000003,0.05279944
2026-01-30 00:00:00+00:00,0.0003978499999999997,0.05160954
2026-01-31 00:00:00+00:00,-0.05130805000000001,0.04768019333333333
2026-02-01 00:00:00+00:00,-0.081468,0.042757195
2026-02-02 00:00:00+00:00,-0.12567315,0.03712767833333333
2026-02-03 00:00:00+00:00,-0.06706875,0.033062065
2026-02-04 00:00:00+00:00,-0.02377975,0.030568871666666667
2026-02-05 00:00:00+00:00,-0.0102127,0.027897193333333334
2026-02-06 00:00:00+00:00,-0.12514755,0.021434868333333332
2026-02-07 00:00:00+00:00,0.04180345,0.021033611666666667
2026-02-08 00:00:00+00:00,-0.02109335,0.018385658333333332
2026-02-09 00:00:00+00:00,-0.0336968,0.014313718333333334
2026-02-10 00:00:00+00:00,-0.11087970000000001,0.007907846666666666
2026-02-11 00:00:00+00:00,-0.1231145,0.0013542716666666663
2026-02-12 00:00:00+00:00,-0.01610745,-0.0011950100000000005
2026-02-13 00:00:00+00:00,-0.0338209,-0.005769311666666667
2026-02-14 00:00:00+00:00,-0.0027265500000000003,-0.007774986666666667
2026-02-15 00:00:00+00:00,-0.028152450000000006,-0.009882496666666666
2026-02-16 00:00:00+00:00,-0.05379370000000001,-0.014409105
2026-02-17 00:00:00+00:00,0.005139199999999997,-0.015161126666666667
2026-02-18 00:00:00+00:00,-0.0128772,-0.016260628333333336
2026-02-19 00:00:00+00:00,-0.07823775000000001,-0.020808406666666668
2026-02-20 00:00:00+00:00,-0.05470255,-0.022898883333333335
2026-02-21 00:00:00+00:00,0.0520855,-0.021998185
2026-02-22 00:00:00+00:00,0.003832499999999999,-0.023036853333333333
2026-02-23 00:00:00+00:00,-0.13948475,-0.028433135
2026-02-24 00:00:00+00:00,-0.017556499999999996,-0.030829116666666666
2026-02-25 00:00:00+00:00,0.028674400000000003,-0.029172138333333333
2026-02-26 00:00:00+00:00,0.0332953,-0.031157129999999998
2026-02-27 00:00:00+00:00,-0.033912149999999995,-0.035056424999999995
2026-02-28 00:00:00+00:00,-0.09293995,-0.0390842
2026-03-01 00:00:00+00:00,0.025079149999999998,-0.03826149
2026-03-02 00:00:00+00:00,-0.06813455,-0.03882237333333333
2026-03-03 00:00:00+00:00,-0.027050150000000002,-0.037008444999999994
2026-03-04 00:00:00+00:00,-0.0032266000000000013,-0.03292689333333333
2026-03-05 00:00:00+00:00,-0.013253149999999998,-0.03113304
2026-03-06 00:00:00+00:00,-0.028707249999999997,-0.03129729
2026-03-07 00:00:00+00:00,-0.02982415,-0.031951005
2026-03-08 00:00:00+00:00,-0.07687995,-0.030342084999999998
2026-03-09 00:00:00+00:00,-0.0529469,-0.033500430000000005
2026-03-10 00:00:00+00:00,0.043825550000000005,-0.03133646666666667
2026-03-11 00:00:00+00:00,0.009212600000000001,-0.029906153333333334
2026-03-12 00:00:00+00:00,-0.0270903,-0.027113173333333334
2026-03-13 00:00:00+00:00,0.015695,-0.02248619
2026-03-14 00:00:00+00:00,-0.013826199999999999,-0.02241014833333333
2026-03-15 00:00:00+00:00,0.0006131999999999991,-0.021262345
2026-03-16 00:00:00+00:00,0.0900966,-0.01816824
2026-03-17 00:00:00+00:00,0.022126299999999998,-0.016492281666666667
2026-03-18 00:00:00+00:00,0.0051319,-0.014528094999999998
2026-03-19 00:00:00+00:00,-0.00432525,-0.014843576666666665
2026-03-20 00:00:00+00:00,-0.045139549999999994,-0.01591898833333333
2026-03-21 00:00:00+00:00,0.0202867,-0.01263484
2026-03-22 00:00:00+00:00,-0.026754499999999997,-0.011703238333333333
2026-03-23 00:00:00+00:00,-0.0004927500000000021,-0.013455846666666665
2026-03-24 00:00:00+00:00,0.008468,-0.013301329999999998
2026-03-25 00:00:00+00:00,-0.0003686500000000002,-0.008664126666666664
2026-03-26 00:00:00+00:00,-0.011110600000000002,-0.008449263333333333
2026-03-27 00:00:00+00:00,-0.0856874,-0.01226132333333333
2026-03-28 00:00:00+00:00,-0.04757045,-0.014956848333333331
2026-03-29 00:00:00+00:00,-0.03124035,-0.014867788333333331
2026-03-30 00:00:00+00:00,0.009869600000000001,-0.011440803333333333
2026-03-31 00:00:00+00:00,0.00380695,-0.012149876666666667
2026-04-01 00:00:00+00:00,0.032678450000000005,-0.008789443333333332
2026-04-02 00:00:00+00:00,-0.10808015,-0.011490443333333331
2026-04-03 00:00:00+00:00,-0.01207785,-0.011785485
2026-04-04 00:00:00+00:00,0.020513000000000003,-0.010659946666666665
2026-04-05 00:00:00+00:00,-0.004653749999999999,-0.009858163333333333
2026-04-06 00:00:00+00:00,0.0386535,-0.007575574999999999
2026-04-07 00:00:00+00:00,-0.02145105,-0.005727944999999998
2026-04-08 00:00:00+00:00,0.08228925,-0.0012200733333333324
2026-04-09 00:00:00+00:00,0.010002825,-0.002347497499999999
