timestamp,open,high,low,close,volume
2020-01-01 00:00:00+00:00,129.12,132.96,128.62,130.62,466063.929
2020-01-02 00:00:00+00:00,130.63,130.75,126.25,127.11,523582.924
2020-01-03 00:00:00+00:00,127.11,135.07,125.78,134.29,951123.597
2020-01-04 00:00:00+00:00,134.31,135.8,132.41,134.14,509778.108
2020-01-05 00:00:00+00:00,134.14,138.17,134.12,135.33,669677.687
2020-01-06 00:00:00+00:00,135.32,144.38,134.82,144.04,1095147.166
2020-01-07 00:00:00+00:00,144.11,145.25,138.7,142.86,963331.505
2020-01-08 00:00:00+00:00,142.86,147.94,137.15,140.75,1208133.766
2020-01-09 00:00:00+00:00,140.76,141.52,135.33,137.73,956864.213
2020-01-10 00:00:00+00:00,137.73,145.15,135.22,144.8,908378.249
2020-01-11 00:00:00+00:00,144.8,148.03,142.0,142.4,832163.204
2020-01-12 00:00:00+00:00,142.4,146.6,141.71,146.57,630256.911
2020-01-13 00:00:00+00:00,146.57,147.0,142.32,143.58,558655.672
2020-01-14 00:00:00+00:00,143.57,171.0,143.49,165.77,2169559.414
2020-01-15 00:00:00+00:00,165.75,172.18,159.35,166.6,1391999.279
2020-01-16 00:00:00+00:00,166.61,167.63,158.43,164.37,784199.474
2020-01-17 00:00:00+00:00,164.39,174.79,162.27,170.06,946707.348
2020-01-18 00:00:00+00:00,170.06,179.57,165.08,174.43,819444.357
2020-01-19 00:00:00+00:00,174.37,178.42,161.81,167.04,742371.819
2020-01-20 00:00:00+00:00,167.04,169.48,161.5,167.03,390055.869
2020-01-21 00:00:00+00:00,167.01,170.34,165.02,169.52,351565.999
2020-01-22 00:00:00+00:00,169.62,171.61,166.12,168.19,334378.174
2020-01-23 00:00:00+00:00,168.24,168.38,159.41,162.97,481102.22
2020-01-24 00:00:00+00:00,162.97,164.65,155.72,162.63,472568.424
2020-01-25 00:00:00+00:00,162.66,163.0,157.8,160.52,282785.555
2020-01-26 00:00:00+00:00,160.5,168.16,159.5,167.9,326188.863
2020-01-27 00:00:00+00:00,167.98,172.26,165.28,170.21,418039.792
2020-01-28 00:00:00+00:00,170.25,176.7,170.22,175.88,525282.459
2020-01-29 00:00:00+00:00,175.89,178.85,173.3,173.8,401619.605
2020-01-30 00:00:00+00:00,173.86,187.4,171.07,185.14,653770.608
2020-01-31 00:00:00+00:00,185.16,186.34,175.5,180.14,672522.049
2020-02-01 00:00:00+00:00,180.14,184.58,179.41,183.82,526688.019
2020-02-02 00:00:00+00:00,183.8,193.7,179.0,188.59,907342.798
2020-02-03 00:00:00+00:00,188.64,195.45,186.65,189.92,652054.538
2020-02-04 00:00:00+00:00,189.89,191.76,184.71,189.01,614290.379
2020-02-05 00:00:00+00:00,189.0,208.18,188.26,204.1,902811.615
2020-02-06 00:00:00+00:00,204.1,216.7,201.28,213.27,1254989.317
2020-02-07 00:00:00+00:00,213.3,225.36,213.3,223.57,1054174.736
2020-02-08 00:00:00+00:00,223.57,228.02,213.35,223.57,1090545.108
2020-02-09 00:00:00+00:00,223.57,230.9,223.5,228.64,969021.787
2020-02-10 00:00:00+00:00,228.71,229.96,217.32,223.03,1175671.024
2020-02-11 00:00:00+00:00,223.04,239.98,218.64,237.16,1194286.448
2020-02-12 00:00:00+00:00,237.17,277.97,237.17,266.24,2223807.477
2020-02-13 00:00:00+00:00,266.26,278.8,256.2,268.48,2386998.02
2020-02-14 00:00:00+00:00,268.48,287.58,260.53,285.4,1447161.175
2020-02-15 00:00:00+00:00,285.4,289.0,262.41,265.08,1925220.413
2020-02-16 00:00:00+00:00,265.16,274.3,237.86,258.87,2297491.401
2020-02-17 00:00:00+00:00,258.87,268.81,242.32,268.0,2129022.892
2020-02-18 00:00:00+00:00,267.99,286.48,258.78,282.96,1885124.383
2020-02-19 00:00:00+00:00,282.96,286.7,250.0,258.43,1677778.697
2020-02-20 00:00:00+00:00,258.39,264.32,245.91,257.11,1618473.989
2020-02-21 00:00:00+00:00,257.18,268.5,253.89,265.44,985301.295
2020-02-22 00:00:00+00:00,265.45,267.16,256.23,261.83,752957.418
2020-02-23 00:00:00+00:00,261.82,275.84,261.5,274.67,940831.98
2020-02-24 00:00:00+00:00,274.66,277.26,257.5,265.7,1483265.023
2020-02-25 00:00:00+00:00,265.69,266.4,244.57,247.03,1563901.657
2020-02-26 00:00:00+00:00,247.03,250.54,215.75,224.1,2729291.802
2020-02-27 00:00:00+00:00,224.13,238.58,210.01,227.92,2374539.334
2020-02-28 00:00:00+00:00,227.93,234.93,214.25,227.09,2026863.186
2020-02-29 00:00:00+00:00,227.04,233.33,217.14,217.31,1309444.25
2020-03-01 00:00:00+00:00,217.37,228.0,212.33,218.01,1775078.523
2020-03-02 00:00:00+00:00,218.01,234.5,216.24,232.22,1604040.396
2020-03-03 00:00:00+00:00,232.24,232.67,220.21,224.1,1544830.651
2020-03-04 00:00:00+00:00,224.1,229.0,220.45,224.47,1027175.512
2020-03-05 00:00:00+00:00,224.43,234.26,224.43,228.64,1142530.928
2020-03-06 00:00:00+00:00,228.63,245.38,227.6,244.94,1307956.34
2020-03-07 00:00:00+00:00,244.97,251.8,236.3,237.34,1637057.953
2020-03-08 00:00:00+00:00,237.36,237.38,195.35,199.54,3150036.792
2020-03-09 00:00:00+00:00,199.54,208.65,190.02,203.02,3885205.704
2020-03-10 00:00:00+00:00,202.95,206.32,195.66,200.95,2008333.356
2020-03-11 00:00:00+00:00,200.9,203.26,181.88,194.81,2125322.09
2020-03-12 00:00:00+00:00,194.77,195.81,95.0,106.71,7116256.717
2020-03-13 00:00:00+00:00,106.97,323.0,84.23,134.13,6584772.112
2020-03-14 00:00:00+00:00,134.1,134.67,121.16,122.55,1845475.252
2020-03-15 00:00:00+00:00,122.56,133.85,120.4,123.89,1802030.406
2020-03-16 00:00:00+00:00,123.87,124.4,100.11,111.06,3622097.906
2020-03-17 00:00:00+00:00,111.04,121.55,109.34,115.68,2053691.349
2020-03-18 00:00:00+00:00,115.67,118.59,109.78,118.16,1583517.464
2020-03-19 00:00:00+00:00,118.12,143.34,115.5,136.42,2098800.654
2020-03-20 00:00:00+00:00,136.42,152.68,116.67,133.52,3128620.956
2020-03-21 00:00:00+00:00,133.48,137.58,125.58,132.67,1933564.299
2020-03-22 00:00:00+00:00,132.64,137.2,121.0,122.25,1724360.751
2020-03-23 00:00:00+00:00,122.27,137.67,119.0,135.96,1950909.243
2020-03-24 00:00:00+00:00,135.96,143.44,132.41,138.38,1745190.832
2020-03-25 00:00:00+00:00,138.39,142.46,132.36,136.1,1448291.794
2020-03-26 00:00:00+00:00,136.11,139.8,133.18,138.41,1069528.365
2020-03-27 00:00:00+00:00,138.36,141.44,129.16,131.27,1024307.98
2020-03-28 00:00:00+00:00,131.24,132.93,124.52,130.95,1335630.33
2020-03-29 00:00:00+00:00,130.97,131.77,123.74,124.4,848667.965
2020-03-30 00:00:00+00:00,124.42,135.13,123.93,132.04,1187536.733
2020-03-31 00:00:00+00:00,132.07,135.0,130.33,132.61,896493.378
2020-04-01 00:00:00+00:00,132.6,137.22,128.27,135.6,1143905.195
2020-04-02 00:00:00+00:00,135.6,149.97,135.0,141.3,1694646.358
2020-04-03 00:00:00+00:00,141.29,146.78,137.68,141.23,1307374.677
2020-04-04 00:00:00+00:00,141.2,146.14,138.79,144.02,977437.997
2020-04-05 00:00:00+00:00,143.97,145.52,140.6,142.59,780295.149
2020-04-06 00:00:00+00:00,142.59,171.99,142.51,171.15,2847455.204
2020-04-07 00:00:00+00:00,171.15,176.16,162.13,164.55,3033756.235
2020-04-08 00:00:00+00:00,164.56,174.59,163.55,173.19,1871521.554
2020-04-09 00:00:00+00:00,173.18,173.44,164.89,169.46,1307817.881
2020-04-10 00:00:00+00:00,169.48,170.1,152.0,157.69,2238955.865
2020-04-11 00:00:00+00:00,157.69,161.25,153.78,158.19,1157138.069
2020-04-12 00:00:00+00:00,158.21,164.9,154.85,158.72,1402479.422
2020-04-13 00:00:00+00:00,158.69,159.08,149.55,156.37,1787879.914
2020-04-14 00:00:00+00:00,156.38,161.83,155.07,158.43,1342786.247
2020-04-15 00:00:00+00:00,158.42,161.32,151.9,152.64,1352926.571
2020-04-16 00:00:00+00:00,152.64,174.92,148.07,172.27,3073088.701
2020-04-17 00:00:00+00:00,172.31,174.88,168.21,170.56,1341267.776
2020-04-18 00:00:00+00:00,170.56,189.68,170.28,187.48,2159964.294
2020-04-19 00:00:00+00:00,187.52,188.3,176.27,179.97,2326412.534
2020-04-20 00:00:00+00:00,179.96,186.47,166.6,170.19,3452651.911
2020-04-21 00:00:00+00:00,170.19,174.63,167.92,170.66,2195445.346
2020-04-22 00:00:00+00:00,170.66,183.98,169.8,182.63,2433000.659
2020-04-23 00:00:00+00:00,182.63,194.4,178.0,185.53,3351092.377
2020-04-24 00:00:00+00:00,185.54,189.77,184.49,187.65,1865428.754
2020-04-25 00:00:00+00:00,187.67,198.53,185.7,194.25,2370712.476
2020-04-26 00:00:00+00:00,194.22,199.99,192.27,197.46,2056340.656
2020-04-27 00:00:00+00:00,197.46,199.0,189.51,196.37,2321318.544
2020-04-28 00:00:00+00:00,196.39,197.72,192.28,196.31,1903267.47
2020-04-29 00:00:00+00:00,196.34,219.5,196.31,215.5,3776173.452
2020-04-30 00:00:00+00:00,215.5,227.5,201.9,206.22,4371759.191
2020-05-01 00:00:00+00:00,206.21,217.49,206.12,212.22,1902796.913
2020-05-02 00:00:00+00:00,212.21,215.63,210.55,213.99,1246430.868
2020-05-03 00:00:00+00:00,213.99,219.84,205.0,209.95,1688070.223
2020-05-04 00:00:00+00:00,209.94,210.83,195.1,206.73,2313604.876
2020-05-05 00:00:00+00:00,206.69,212.02,201.14,205.39,1814876.244
2020-05-06 00:00:00+00:00,205.36,211.13,198.04,199.06,1868966.306
2020-05-07 00:00:00+00:00,199.09,215.63,196.14,212.25,2470908.382
2020-05-08 00:00:00+00:00,212.25,216.95,207.01,211.47,1698296.769
2020-05-09 00:00:00+00:00,211.47,214.81,208.3,210.31,1444064.449
2020-05-10 00:00:00+00:00,210.32,210.36,177.89,187.52,3056317.482
2020-05-11 00:00:00+00:00,187.48,193.44,175.5,185.69,2311029.197
2020-05-12 00:00:00+00:00,185.68,192.31,185.4,189.64,1261058.639
2020-05-13 00:00:00+00:00,189.64,200.95,187.64,199.54,1373737.58
2020-05-14 00:00:00+00:00,199.53,205.95,195.56,203.13,1892551.091
2020-05-15 00:00:00+00:00,203.1,203.99,191.21,194.71,1377796.956
2020-05-16 00:00:00+00:00,194.72,203.46,193.2,200.39,1100996.922
2020-05-17 00:00:00+00:00,200.4,210.16,199.5,206.93,1067367.779
2020-05-18 00:00:00+00:00,206.9,217.2,206.9,214.83,1527493.953
2020-05-19 00:00:00+00:00,214.83,215.99,209.32,214.7,1209630.47
2020-05-20 00:00:00+00:00,214.69,215.85,206.02,209.96,1322809.976
2020-05-21 00:00:00+00:00,209.99,211.69,191.61,198.68,1812327.033
2020-05-22 00:00:00+00:00,198.69,209.22,195.95,207.28,1415586.292
2020-05-23 00:00:00+00:00,207.31,211.2,204.47,206.51,1093535.486
2020-05-24 00:00:00+00:00,206.46,210.54,199.24,199.7,1534431.164
2020-05-25 00:00:00+00:00,199.7,205.66,197.72,204.1,992843.927
2020-05-26 00:00:00+00:00,204.1,205.05,196.68,200.91,1053386.195
2020-05-27 00:00:00+00:00,200.89,208.48,200.69,208.27,949312.616
2020-05-28 00:00:00+00:00,208.27,220.79,204.55,220.32,1302485.446
2020-05-29 00:00:00+00:00,220.31,225.0,217.0,220.65,1412528.305
2020-05-30 00:00:00+00:00,220.65,247.85,218.77,243.74,2496490.987
2020-05-31 00:00:00+00:00,243.73,245.3,229.54,231.55,2064900.485
2020-06-01 00:00:00+00:00,231.55,252.8,230.61,248.9,2168854.578
2020-06-02 00:00:00+00:00,248.91,254.48,220.0,237.73,1997511.516
2020-06-03 00:00:00+00:00,237.74,245.23,233.3,244.52,1177836.333
2020-06-04 00:00:00+00:00,244.52,246.7,235.75,243.28,1658566.857
2020-06-05 00:00:00+00:00,243.29,248.36,238.68,240.13,1287620.696
2020-06-06 00:00:00+00:00,240.12,244.89,237.91,242.05,838620.358
2020-06-07 00:00:00+00:00,242.06,245.61,234.64,244.66,1343974.146
2020-06-08 00:00:00+00:00,244.67,248.05,241.04,246.65,857037.392
2020-06-09 00:00:00+00:00,246.64,250.1,237.3,243.98,1120313.696
2020-06-10 00:00:00+00:00,243.98,251.0,241.0,247.95,1101191.092
2020-06-11 00:00:00+00:00,247.95,250.34,225.33,230.48,1937518.384
2020-06-12 00:00:00+00:00,230.48,239.38,228.3,237.46,958938.087
2020-06-13 00:00:00+00:00,237.47,238.88,234.6,238.17,562091.362
2020-06-14 00:00:00+00:00,238.14,238.59,229.9,231.92,787142.212
2020-06-15 00:00:00+00:00,231.92,233.64,218.02,230.86,1960437.997
2020-06-16 00:00:00+00:00,230.85,236.0,228.75,235.22,989098.472
2020-06-17 00:00:00+00:00,235.22,237.5,227.47,233.75,1098414.164
2020-06-18 00:00:00+00:00,233.73,234.7,227.81,231.26,722224.653
2020-06-19 00:00:00+00:00,231.26,232.0,226.02,228.97,875231.698
2020-06-20 00:00:00+00:00,228.98,230.8,225.07,228.85,690552.179
2020-06-21 00:00:00+00:00,228.84,231.4,227.06,228.08,480312.941
2020-06-22 00:00:00+00:00,228.07,247.0,227.5,243.14,1580083.705
2020-06-23 00:00:00+00:00,243.13,244.9,240.7,243.12,880274.162
2020-06-24 00:00:00+00:00,243.13,249.41,231.0,234.54,1872960.153
2020-06-25 00:00:00+00:00,234.54,235.5,227.53,232.5,1051198.67
2020-06-26 00:00:00+00:00,232.5,233.65,227.67,229.66,1096114.911
2020-06-27 00:00:00+00:00,229.65,231.4,213.59,220.94,1316665.336
2020-06-28 00:00:00+00:00,220.95,227.9,217.81,224.96,967586.374
2020-06-29 00:00:00+00:00,224.93,230.13,221.11,227.95,1101723.749
2020-06-30 00:00:00+00:00,227.95,228.73,223.0,225.56,843327.995
2020-07-01 00:00:00+00:00,225.56,232.78,224.01,231.03,980442.364
2020-07-02 00:00:00+00:00,231.02,231.99,222.76,226.54,1305858.588
2020-07-03 00:00:00+00:00,226.54,228.17,224.11,224.83,579175.291
2020-07-04 00:00:00+00:00,224.82,230.77,224.31,229.2,534507.407
2020-07-05 00:00:00+00:00,229.21,229.88,223.26,227.61,681239.534
2020-07-06 00:00:00+00:00,227.61,242.32,226.89,241.63,1361794.882
2020-07-07 00:00:00+00:00,241.66,243.9,234.44,239.45,1024076.026
2020-07-08 00:00:00+00:00,239.45,249.0,237.75,247.14,1430997.143
2020-07-09 00:00:00+00:00,247.1,247.94,238.04,242.01,1407925.425
2020-07-10 00:00:00+00:00,242.0,242.25,235.73,241.37,789372.278
2020-07-11 00:00:00+00:00,241.38,241.79,237.61,239.25,478752.331
2020-07-12 00:00:00+00:00,239.25,244.35,236.0,242.82,899578.746
2020-07-13 00:00:00+00:00,242.82,245.56,237.3,239.6,1099518.478
2020-07-14 00:00:00+00:00,239.6,242.24,236.74,240.56,724653.885
2020-07-15 00:00:00+00:00,240.57,241.5,236.9,238.59,529634.834
2020-07-16 00:00:00+00:00,238.59,239.58,229.84,233.74,1047566.611
2020-07-17 00:00:00+00:00,233.75,235.05,231.81,232.72,557216.722
2020-07-18 00:00:00+00:00,232.72,236.95,232.35,235.69,466496.509
2020-07-19 00:00:00+00:00,235.69,239.93,233.28,239.19,573124.068
2020-07-20 00:00:00+00:00,239.18,239.81,234.0,236.03,693643.358
2020-07-21 00:00:00+00:00,236.02,246.87,235.52,245.56,1191285.53
2020-07-22 00:00:00+00:00,245.56,270.8,241.52,264.27,1647528.096
2020-07-23 00:00:00+00:00,264.3,280.48,259.86,275.56,2725687.424
2020-07-24 00:00:00+00:00,275.5,287.76,268.32,279.45,2651233.303
2020-07-25 00:00:00+00:00,279.45,309.39,279.28,305.64,3122852.128
2020-07-26 00:00:00+00:00,305.58,321.99,299.18,311.41,3709687.999
2020-07-27 00:00:00+00:00,311.36,335.0,311.0,322.33,5017477.237
2020-07-28 00:00:00+00:00,322.3,327.47,306.02,317.21,2856472.08
2020-07-29 00:00:00+00:00,317.19,325.99,313.0,318.12,1890408.946
2020-07-30 00:00:00+00:00,318.12,343.38,314.06,335.3,2332715.926
2020-07-31 00:00:00+00:00,335.31,349.83,329.0,346.42,2671758.151
2020-08-01 00:00:00+00:00,346.42,394.8,343.4,387.24,4026011.453
2020-08-02 00:00:00+00:00,387.25,418.49,302.0,372.85,6320469.19
2020-08-03 00:00:00+00:00,372.86,398.59,366.66,386.2,3020910.903
2020-08-04 00:00:00+00:00,386.19,403.88,380.66,390.1,2702153.264
2020-08-05 00:00:00+00:00,390.02,407.88,384.31,400.95,2378190.463
2020-08-06 00:00:00+00:00,400.94,404.25,390.6,395.09,1643305.55
2020-08-07 00:00:00+00:00,395.1,398.86,361.27,379.63,2591811.422
2020-08-08 00:00:00+00:00,379.62,397.75,376.11,397.48,1345421.828
2020-08-09 00:00:00+00:00,397.56,400.73,383.75,390.54,1457418.137
2020-08-10 00:00:00+00:00,390.54,400.7,384.34,395.83,1547750.272
2020-08-11 00:00:00+00:00,395.83,398.78,367.0,379.3,2199154.835
2020-08-12 00:00:00+00:00,379.34,389.75,366.05,387.46,1576215.436
2020-08-13 00:00:00+00:00,387.51,432.25,376.77,425.34,3595989.078
2020-08-14 00:00:00+00:00,425.27,445.66,418.0,438.84,2795449.786
2020-08-15 00:00:00+00:00,438.71,443.9,426.68,432.75,1729353.597
2020-08-16 00:00:00+00:00,432.78,437.71,413.01,434.19,1739365.364
2020-08-17 00:00:00+00:00,434.19,449.0,421.01,431.33,2238985.81
2020-08-18 00:00:00+00:00,431.31,434.5,414.0,422.36,1639582.806
2020-08-19 00:00:00+00:00,422.33,427.1,393.28,407.65,2392945.29
2020-08-20 00:00:00+00:00,407.63,419.48,402.41,416.29,1235515.836
2020-08-21 00:00:00+00:00,416.3,418.95,385.09,388.25,1870166.525
2020-08-22 00:00:00+00:00,388.27,397.34,380.0,395.44,1122107.661
2020-08-23 00:00:00+00:00,395.44,397.2,383.69,391.0,892915.856
2020-08-24 00:00:00+00:00,391.0,410.7,387.64,407.94,1323796.078
2020-08-25 00:00:00+00:00,407.91,409.43,370.14,383.11,2394641.047
2020-08-26 00:00:00+00:00,383.07,393.44,377.63,386.02,1390706.382
2020-08-27 00:00:00+00:00,386.02,397.38,371.31,383.6,1885062.888
2020-08-28 00:00:00+00:00,383.58,398.8,379.94,395.14,1161424.748
2020-08-29 00:00:00+00:00,395.16,405.8,391.81,398.66,987943.95
2020-08-30 00:00:00+00:00,398.71,430.28,398.37,429.11,1442892.512
2020-08-31 00:00:00+00:00,429.12,439.49,418.2,434.03,1643669.582
2020-09-01 00:00:00+00:00,434.03,489.32,429.25,475.61,3265577.517
2020-09-02 00:00:00+00:00,475.7,482.44,418.3,439.75,4128002.108
2020-09-03 00:00:00+00:00,439.74,450.91,371.0,381.62,4981606.249
2020-09-04 00:00:00+00:00,381.52,400.63,356.14,385.2,3806408.61
2020-09-05 00:00:00+00:00,385.24,394.89,307.36,334.85,5792598.731
2020-09-06 00:00:00+00:00,334.85,360.0,316.03,352.69,3681811.956
2020-09-07 00:00:00+00:00,352.62,358.48,323.02,353.49,3268150.18
2020-09-08 00:00:00+00:00,353.49,356.67,325.0,337.32,3008960.497
2020-09-09 00:00:00+00:00,337.38,359.0,330.58,350.65,1732784.863
2020-09-10 00:00:00+00:00,350.58,377.0,349.66,367.69,2855720.317
2020-09-11 00:00:00+00:00,367.69,375.07,355.6,373.45,1837058.853
2020-09-12 00:00:00+00:00,373.42,388.36,364.43,387.65,1472243.835
2020-09-13 00:00:00+00:00,387.58,390.45,353.12,366.24,2318465.664
2020-09-14 00:00:00+00:00,366.24,384.42,355.48,377.13,2243256.424
2020-09-15 00:00:00+00:00,377.13,382.49,362.29,364.06,2013169.525
2020-09-16 00:00:00+00:00,364.0,373.3,354.75,364.95,1911187.036
2020-09-17 00:00:00+00:00,364.97,394.07,363.1,389.24,2807865.002
2020-09-18 00:00:00+00:00,389.23,392.43,375.39,384.44,1502040.045
2020-09-19 00:00:00+00:00,384.43,388.71,376.67,384.96,923238.785
2020-09-20 00:00:00+00:00,384.95,385.33,364.52,370.85,1347492.449
2020-09-21 00:00:00+00:00,370.86,377.2,330.66,340.19,3292780.639
2020-09-22 00:00:00+00:00,340.19,346.75,335.27,344.06,2105741.952
2020-09-23 00:00:00+00:00,344.05,344.6,312.36,320.64,2547487.165
2020-09-24 00:00:00+00:00,320.64,353.09,316.37,348.77,2679663.06
2020-09-25 00:00:00+00:00,348.73,357.88,337.5,351.88,2148472.096
2020-09-26 00:00:00+00:00,351.88,356.58,345.76,353.88,1293348.016
2020-09-27 00:00:00+00:00,353.89,362.22,346.79,357.4,1563883.714
2020-09-28 00:00:00+00:00,357.29,368.45,351.6,353.85,1849537.469
2020-09-29 00:00:00+00:00,353.84,360.55,350.07,359.7,1437671.627
2020-09-30 00:00:00+00:00,359.7,361.55,351.02,359.71,1168055.491
2020-10-01 00:00:00+00:00,359.71,370.44,345.1,352.53,2088409.078
2020-10-02 00:00:00+00:00,352.54,354.34,334.01,345.41,1991868.507
2020-10-03 00:00:00+00:00,345.44,350.86,343.38,345.72,824121.901
2020-10-04 00:00:00+00:00,345.69,354.3,343.68,352.23,994011.923
2020-10-05 00:00:00+00:00,352.15,356.51,348.2,353.45,979059.824
2020-10-06 00:00:00+00:00,353.45,354.95,336.44,340.65,1685300.902
2020-10-07 00:00:00+00:00,340.66,342.9,332.22,341.41,1228735.001
2020-10-08 00:00:00+00:00,341.42,353.43,333.88,351.08,1560418.728
2020-10-09 00:00:00+00:00,351.07,368.3,347.26,365.04,1327626.268
2020-10-10 00:00:00+00:00,365.03,378.7,364.71,370.68,1467956.111
2020-10-11 00:00:00+00:00,370.68,378.1,369.07,374.39,1029589.464
2020-10-12 00:00:00+00:00,374.39,395.43,365.5,386.73,2084977.674
2020-10-13 00:00:00+00:00,386.72,388.15,374.25,381.12,1684066.814
2020-10-14 00:00:00+00:00,381.11,387.72,373.12,378.75,1534026.379
2020-10-15 00:00:00+00:00,378.75,382.6,369.5,377.63,1617436.212
2020-10-16 00:00:00+00:00,377.63,379.92,360.53,365.41,1864106.37
2020-10-17 00:00:00+00:00,365.42,370.91,363.19,368.26,710651.199
2020-10-18 00:00:00+00:00,368.26,378.8,367.16,378.29,806637.483
2020-10-19 00:00:00+00:00,378.28,384.53,372.72,379.47,1306013.625
2020-10-20 00:00:00+00:00,379.47,381.19,364.9,368.74,1662321.815
2020-10-21 00:00:00+00:00,368.74,402.8,367.9,390.96,3345842.465
2020-10-22 00:00:00+00:00,390.95,421.9,390.57,414.39,3018734.084
2020-10-23 00:00:00+00:00,414.38,419.99,401.82,409.4,2104662.195
2020-10-24 00:00:00+00:00,409.41,417.16,407.33,412.34,1329608.93
2020-10-25 00:00:00+00:00,412.34,417.89,402.6,406.14,1346452.607
2020-10-26 00:00:00+00:00,406.14,411.18,382.18,392.43,2786314.677
2020-10-27 00:00:00+00:00,392.43,410.58,390.0,403.6,2401387.34
2020-10-28 00:00:00+00:00,403.59,409.65,379.28,388.17,2723288.874
2020-10-29 00:00:00+00:00,388.17,394.27,380.5,386.94,1923941.877
2020-10-30 00:00:00+00:00,386.94,392.1,373.03,382.4,2280687.856
2020-10-31 00:00:00+00:00,382.49,394.14,380.14,386.29,1672781.766
2020-11-01 00:00:00+00:00,386.28,398.0,384.32,396.82,1414350.496
2020-11-02 00:00:00+00:00,396.9,405.0,377.71,383.16,2316121.967
2020-11-03 00:00:00+00:00,383.16,390.28,370.0,388.11,2031329.509
2020-11-04 00:00:00+00:00,388.11,408.99,375.71,402.92,3120949.65
2020-11-05 00:00:00+00:00,402.95,423.79,395.89,417.14,4634761.389
2020-11-06 00:00:00+00:00,417.13,459.0,414.81,456.38,5106137.581
2020-11-07 00:00:00+00:00,456.38,469.74,423.7,435.58,5035309.468
2020-11-08 00:00:00+00:00,435.64,461.1,432.33,454.75,2450451.528
2020-11-09 00:00:00+00:00,454.74,459.9,433.76,444.72,3414860.603
2020-11-10 00:00:00+00:00,444.73,455.82,439.07,450.67,2457157.259
2020-11-11 00:00:00+00:00,450.67,476.89,449.69,463.35,3760142.204
2020-11-12 00:00:00+00:00,463.34,470.83,451.09,462.68,3184836.866
2020-11-13 00:00:00+00:00,462.69,479.0,457.25,476.8,3013056.859
2020-11-14 00:00:00+00:00,476.8,478.1,451.97,461.0,2199594.275
2020-11-15 00:00:00+00:00,461.02,462.96,440.1,448.16,2039952.113
2020-11-16 00:00:00+00:00,448.16,466.6,445.53,460.72,2458564.459
2020-11-17 00:00:00+00:00,460.7,485.93,460.0,482.49,3589150.001
2020-11-18 00:00:00+00:00,482.56,497.0,455.0,478.61,5265683.829
2020-11-19 00:00:00+00:00,478.6,480.68,465.15,471.38,2320768.365
2020-11-20 00:00:00+00:00,471.38,514.52,471.01,510.37,4646610.69
2020-11-21 00:00:00+00:00,510.43,555.44,502.8,554.1,5113556.271
2020-11-22 00:00:00+00:00,554.04,582.93,511.0,560.42,7317045.59
2020-11-23 00:00:00+00:00,560.41,611.88,550.81,609.12,7475301.504
2020-11-24 00:00:00+00:00,609.12,624.65,586.15,605.72,5651528.809
2020-11-25 00:00:00+00:00,605.71,607.09,555.0,569.79,4433328.336
2020-11-26 00:00:00+00:00,569.79,577.53,480.12,520.25,9591594.788
2020-11-27 00:00:00+00:00,520.2,530.83,493.8,518.92,3685801.761
2020-11-28 00:00:00+00:00,518.89,548.0,507.0,537.46,2832550.126
2020-11-29 00:00:00+00:00,537.37,577.0,530.5,576.38,2762989.981
2020-11-30 00:00:00+00:00,576.38,617.53,570.9,617.42,4836853.473
2020-12-01 00:00:00+00:00,617.5,638.66,558.0,585.98,7059013.364
2020-12-02 00:00:00+00:00,585.92,605.88,574.73,596.96,3460094.906
2020-12-03 00:00:00+00:00,596.96,624.7,585.95,616.2,2791753.902
2020-12-04 00:00:00+00:00,616.21,620.99,564.91,567.68,3251195.251
2020-12-05 00:00:00+00:00,567.69,598.2,561.06,596.97,2107815.29
2020-12-06 00:00:00+00:00,596.98,607.93,583.2,601.86,2030749.593
2020-12-07 00:00:00+00:00,601.86,603.63,584.67,591.84,1665460.089
2020-12-08 00:00:00+00:00,591.84,595.75,548.0,555.17,3233758.126
2020-12-09 00:00:00+00:00,555.08,578.62,531.0,573.27,3460599.61
2020-12-10 00:00:00+00:00,573.28,575.67,548.52,559.71,2293137.506
2020-12-11 00:00:00+00:00,559.69,561.37,533.11,544.74,2929601.56
2020-12-12 00:00:00+00:00,544.8,574.0,543.34,568.34,1764546.873
2020-12-13 00:00:00+00:00,568.3,595.47,563.11,590.91,2311572.28
2020-12-14 00:00:00+00:00,590.92,591.63,575.57,586.33,1808415.505
2020-12-15 00:00:00+00:00,586.32,598.0,579.0,588.8,1866136.289
2020-12-16 00:00:00+00:00,588.8,640.47,581.04,637.8,3634225.42
2020-12-17 00:00:00+00:00,637.79,678.2,625.0,643.12,6624640.551
2020-12-18 00:00:00+00:00,643.09,665.85,630.1,654.51,2995266.462
2020-12-19 00:00:00+00:00,654.44,671.95,646.0,658.81,2635211.184
2020-12-20 00:00:00+00:00,658.82,662.99,620.93,638.27,2759178.686
2020-12-21 00:00:00+00:00,638.25,648.88,595.54,608.18,3621682.355
2020-12-22 00:00:00+00:00,608.24,638.7,588.41,637.2,3285945.398
2020-12-23 00:00:00+00:00,637.2,639.54,546.81,585.34,4594542.183
2020-12-24 00:00:00+00:00,585.49,615.42,565.2,612.31,3154682.001
2020-12-25 00:00:00+00:00,612.31,634.96,604.5,627.18,2623370.085
2020-12-26 00:00:00+00:00,627.17,654.32,615.1,637.9,3122352.524
2020-12-27 00:00:00+00:00,637.89,718.75,625.0,685.97,6363000.477
2020-12-28 00:00:00+00:00,685.97,749.5,681.91,731.07,5455254.006
2020-12-29 00:00:00+00:00,731.06,742.0,690.1,733.45,4261041.716
2020-12-30 00:00:00+00:00,733.45,760.76,717.52,753.04,3348883.502
2020-12-31 00:00:00+00:00,753.05,757.0,721.75,737.19,2876756.193
2021-01-01 00:00:00+00:00,737.18,750.4,714.55,729.77,1952291.25
2021-01-02 00:00:00+00:00,729.7,788.71,715.6,775.02,4176508.581
2021-01-03 00:00:00+00:00,775.04,1022.51,769.19,980.24,9610267.802
2021-01-04 00:00:00+00:00,980.23,1173.94,890.0,1043.11,12057661.067
2021-01-05 00:00:00+00:00,1043.12,1138.92,974.23,1101.29,7526097.093
2021-01-06 00:00:00+00:00,1101.29,1218.0,1057.3,1212.64,6952861.553
2021-01-07 00:00:00+00:00,1212.98,1297.15,1150.0,1227.12,5807791.01
2021-01-08 00:00:00+00:00,1227.5,1279.06,1064.6,1218.39,6994773.234
2021-01-09 00:00:00+00:00,1218.55,1314.0,1173.0,1279.96,4157466.015
2021-01-10 00:00:00+00:00,1279.96,1354.66,1168.49,1257.96,5913298.389
2021-01-11 00:00:00+00:00,1257.95,1264.5,915.2,1086.94,11237262.772
2021-01-12 00:00:00+00:00,1086.84,1153.13,1007.0,1050.82,5531356.605
2021-01-13 00:00:00+00:00,1050.67,1138.63,987.21,1130.4,4029644.646
2021-01-14 00:00:00+00:00,1130.4,1249.32,1087.68,1234.86,4079502.435
2021-01-15 00:00:00+00:00,1234.5,1260.0,1070.0,1168.79,5020898.727
2021-01-16 00:00:00+00:00,1168.65,1296.79,1152.13,1230.19,3980782.071
2021-01-17 00:00:00+00:00,1230.32,1272.28,1165.0,1233.71,3396518.439
2021-01-18 00:00:00+00:00,1233.61,1265.96,1183.2,1262.99,2562805.077
2021-01-19 00:00:00+00:00,1263.0,1444.05,1255.51,1367.51,6288844.344
2021-01-20 00:00:00+00:00,1367.38,1411.38,1236.35,1379.24,5844273.198
2021-01-21 00:00:00+00:00,1379.23,1391.0,1083.4,1111.23,6820207.515
2021-01-22 00:00:00+00:00,1111.82,1274.52,1041.13,1234.55,5475223.381
2021-01-23 00:00:00+00:00,1234.54,1274.0,1197.0,1235.66,2920417.541
2021-01-24 00:00:00+00:00,1235.65,1401.88,1221.51,1394.24,3768553.334
2021-01-25 00:00:00+00:00,1394.23,1481.46,1293.0,1318.61,5138109.254
2021-01-26 00:00:00+00:00,1318.53,1379.5,1244.87,1368.4,4868106.344
2021-01-27 00:00:00+00:00,1368.48,1377.9,1206.0,1238.55,5277115.882
2021-01-28 00:00:00+00:00,1238.55,1362.94,1217.28,1329.86,3463945.921
2021-01-29 00:00:00+00:00,1330.28,1443.0,1285.46,1381.99,5010264.423
2021-01-30 00:00:00+00:00,1382.14,1409.35,1328.0,1380.48,2364036.673
2021-01-31 00:00:00+00:00,1380.42,1383.7,1281.96,1313.12,2091898.285
2021-02-01 00:00:00+00:00,1313.09,1379.73,1270.0,1376.48,2282184.993
2021-02-02 00:00:00+00:00,1376.74,1551.5,1363.0,1516.26,5098356.241
2021-02-03 00:00:00+00:00,1516.2,1672.76,1510.76,1666.0,4407760.724
2021-02-04 00:00:00+00:00,1666.1,1703.37,1557.0,1596.0,4966516.757
2021-02-05 00:00:00+00:00,1595.93,1767.19,1592.46,1721.16,3518469.104
2021-02-06 00:00:00+00:00,1721.03,1748.11,1647.09,1679.34,2991060.685
2021-02-07 00:00:00+00:00,1679.38,1695.5,1490.48,1611.99,4063794.078
2021-02-08 00:00:00+00:00,1612.0,1782.5,1566.22,1755.61,3884050.435
2021-02-09 00:00:00+00:00,1755.6,1830.47,1713.2,1770.79,3388435.791
2021-02-10 00:00:00+00:00,1770.99,1848.0,1680.0,1743.31,3442140.65
2021-02-11 00:00:00+00:00,1743.3,1827.07,1704.21,1789.32,2256762.199
2021-02-12 00:00:00+00:00,1789.32,1872.86,1740.22,1843.08,2650816.264
2021-02-13 00:00:00+00:00,1843.08,1878.88,1764.79,1818.02,2381458.551
2021-02-14 00:00:00+00:00,1817.86,1857.67,1785.23,1803.59,1773668.237
2021-02-15 00:00:00+00:00,1804.0,1839.63,1652.0,1781.34,3238695.81
2021-02-16 00:00:00+00:00,1781.34,1831.58,1726.01,1784.31,2536777.874
2021-02-17 00:00:00+00:00,1784.31,1864.26,1735.66,1849.86,2340915.266
2021-02-18 00:00:00+00:00,1849.87,1955.0,1849.37,1941.26,2447343.966
2021-02-19 00:00:00+00:00,1941.12,1980.0,1894.0,1958.58,1943898.87
2021-02-20 00:00:00+00:00,1958.59,2048.0,1792.0,1914.58,3273599.601
2021-02-21 00:00:00+00:00,1914.51,1981.04,1885.0,1934.75,2039425.917
2021-02-22 00:00:00+00:00,1934.59,1938.5,1552.2,1778.3,4972903.814
2021-02-23 00:00:00+00:00,1778.22,1784.08,1348.17,1579.75,7089349.585
2021-02-24 00:00:00+00:00,1579.75,1714.04,1501.09,1623.98,3593348.017
2021-02-25 00:00:00+00:00,1623.94,1672.49,1458.0,1482.09,2955804.261
2021-02-26 00:00:00+00:00,1482.13,1563.66,1401.01,1445.28,3880051.012
2021-02-27 00:00:00+00:00,1445.36,1530.19,1425.5,1458.65,2530875.338
2021-02-28 00:00:00+00:00,1458.64,1469.44,1292.8,1419.77,4109392.696
2021-03-01 00:00:00+00:00,1419.96,1573.42,1411.1,1571.2,2727916.51
2021-03-02 00:00:00+00:00,1571.2,1604.85,1455.3,1486.28,2884922.074
2021-03-03 00:00:00+00:00,1486.24,1664.0,1475.0,1568.63,3055043.878
2021-03-04 00:00:00+00:00,1568.63,1626.0,1506.99,1540.69,3087612.251
2021-03-05 00:00:00+00:00,1540.7,1551.0,1441.57,1529.88,3051666.755
2021-03-06 00:00:00+00:00,1529.75,1674.02,1515.16,1651.73,2839191.599
2021-03-07 00:00:00+00:00,1651.9,1736.89,1631.59,1727.23,2570034.976
2021-03-08 00:00:00+00:00,1727.73,1844.57,1667.86,1834.3,3501989.878
2021-03-09 00:00:00+00:00,1834.47,1873.86,1801.0,1873.31,2460568.209
2021-03-10 00:00:00+00:00,1873.37,1882.59,1760.0,1796.8,3413199.591
2021-03-11 00:00:00+00:00,1796.8,1850.07,1725.96,1829.0,3061111.766
2021-03-12 00:00:00+00:00,1828.96,1846.59,1719.92,1767.44,2753218.247
2021-03-13 00:00:00+00:00,1767.32,1948.75,1729.33,1924.94,2763730.381
2021-03-14 00:00:00+00:00,1924.94,1935.88,1836.0,1850.54,2244662.581
2021-03-15 00:00:00+00:00,1850.5,1896.3,1729.2,1794.89,3297299.618
2021-03-16 00:00:00+00:00,1795.09,1819.76,1712.0,1807.25,2500648.806
2021-03-17 00:00:00+00:00,1807.25,1841.86,1741.95,1825.77,2164536.182
2021-03-18 00:00:00+00:00,1825.94,1853.0,1758.48,1777.54,1948941.621
2021-03-19 00:00:00+00:00,1777.55,1844.32,1733.09,1811.04,1807873.07
2021-03-20 00:00:00+00:00,1811.04,1873.84,1802.5,1807.35,1400240.86
2021-03-21 00:00:00+00:00,1807.43,1818.61,1745.02,1784.67,1569940.157
2021-03-22 00:00:00+00:00,1784.78,1809.59,1653.67,1681.69,2062250.384
2021-03-23 00:00:00+00:00,1681.66,1722.52,1652.58,1669.33,1875276.276
2021-03-24 00:00:00+00:00,1669.33,1742.43,1540.22,1582.11,2657346.906
2021-03-25 00:00:00+00:00,1582.01,1622.54,1548.56,1587.5,2454402.206
2021-03-26 00:00:00+00:00,1587.44,1701.19,1587.03,1699.13,1630204.715
2021-03-27 00:00:00+00:00,1699.21,1734.88,1668.3,1714.34,1412714.74
2021-03-28 00:00:00+00:00,1714.14,1727.5,1662.54,1688.3,1167051.376
2021-03-29 00:00:00+00:00,1688.31,1845.0,1680.04,1818.44,1936361.877
2021-03-30 00:00:00+00:00,1818.43,1863.79,1788.3,1843.43,1627666.888
2021-03-31 00:00:00+00:00,1843.43,1952.98,1771.85,1923.07,2721505.354
2021-04-01 00:00:00+00:00,1923.07,1989.11,1882.1,1969.74,2282765.6
2021-04-02 00:00:00+00:00,1969.75,2150.0,1949.94,2138.01,2782619.002
2021-04-03 00:00:00+00:00,2138.01,2144.17,2002.0,2012.63,2961945.62
2021-04-04 00:00:00+00:00,2012.64,2093.72,1980.0,2077.73,1628243.592
2021-04-05 00:00:00+00:00,2077.85,2138.61,2002.16,2110.35,2029400.255
2021-04-06 00:00:00+00:00,2110.39,2161.02,2043.89,2114.47,2216031.293
2021-04-07 00:00:00+00:00,2114.48,2133.02,1930.1,1965.4,3144081.502
2021-04-08 00:00:00+00:00,1965.4,2086.67,1950.0,2082.08,1653807.764
2021-04-09 00:00:00+00:00,2082.02,2104.83,2052.0,2068.02,1237414.829
2021-04-10 00:00:00+00:00,2068.02,2211.94,2059.03,2135.96,2077350.376
2021-04-11 00:00:00+00:00,2135.99,2171.07,2115.56,2155.05,1290245.975
2021-04-12 00:00:00+00:00,2155.07,2209.99,2101.96,2139.25,1659510.107
2021-04-13 00:00:00+00:00,2139.24,2324.0,2137.21,2303.15,2311955.605
2021-04-14 00:00:00+00:00,2303.15,2450.0,2286.04,2437.08,3370771.796
2021-04-15 00:00:00+00:00,2436.74,2548.6,2403.14,2519.85,2600911.507
2021-04-16 00:00:00+00:00,2519.85,2553.0,2298.23,2427.29,3505534.172
2021-04-17 00:00:00+00:00,2427.29,2499.26,2314.49,2319.8,2057149.939
2021-04-18 00:00:00+00:00,2319.93,2341.91,1900.0,2235.32,4275573.298
2021-04-19 00:00:00+00:00,2235.32,2278.58,2079.12,2162.75,3029523.224
2021-04-20 00:00:00+00:00,2162.76,2347.0,2052.42,2329.96,3393046.281
2021-04-21 00:00:00+00:00,2330.07,2470.0,2238.96,2358.9,3556266.081
2021-04-22 00:00:00+00:00,2359.41,2645.63,2305.0,2398.94,6698438.657
2021-04-23 00:00:00+00:00,2399.2,2443.66,2110.0,2368.67,6753400.874
2021-04-24 00:00:00+00:00,2368.66,2370.04,2156.58,2215.54,3424662.228
2021-04-25 00:00:00+00:00,2215.55,2357.0,2162.9,2320.71,3570867.777
2021-04-26 00:00:00+00:00,2320.71,2545.5,2303.42,2534.25,3507145.533
2021-04-27 00:00:00+00:00,2534.17,2683.42,2481.43,2668.39,2604067.05
2021-04-28 00:00:00+00:00,2668.28,2762.1,2562.83,2748.33,3857131.883
2021-04-29 00:00:00+00:00,2748.33,2798.0,2668.87,2759.14,2827431.929
2021-04-30 00:00:00+00:00,2759.15,2803.55,2726.88,2773.15,1961665.845
2021-05-01 00:00:00+00:00,2773.16,2958.91,2754.04,2947.01,2293998.885
2021-05-02 00:00:00+00:00,2947.0,2986.97,2856.7,2950.98,2080727.947
2021-05-03 00:00:00+00:00,2950.91,3459.8,2950.7,3433.36,5116980.548
2021-05-04 00:00:00+00:00,3433.7,3529.64,3160.01,3243.67,6940584.205
2021-05-05 00:00:00+00:00,3243.65,3552.74,3211.0,3528.49,3838631.919
2021-05-06 00:00:00+00:00,3528.74,3616.0,3380.25,3493.16,3041910.825
2021-05-07 00:00:00+00:00,3493.17,3592.0,3355.0,3480.98,2326172.061
2021-05-08 00:00:00+00:00,3480.98,3964.83,3451.74,3914.47,3128854.033
2021-05-09 00:00:00+00:00,3914.95,3985.55,3730.0,3928.01,3118238.261
2021-05-10 00:00:00+00:00,3927.83,4214.92,3658.0,3950.33,5052309.882
2021-05-11 00:00:00+00:00,3950.32,4183.52,3778.17,4175.91,3394479.287
2021-05-12 00:00:00+00:00,4175.85,4379.18,3723.43,3828.99,4928002.067
2021-05-13 00:00:00+00:00,3829.89,4036.45,3491.53,3719.45,5852199.813
2021-05-14 00:00:00+00:00,3719.44,4175.0,3692.99,4079.99,3063526.292
2021-05-15 00:00:00+00:00,4079.98,4137.21,3634.44,3648.98,3321250.207
2021-05-16 00:00:00+00:00,3649.01,3882.76,3348.0,3581.39,4223938.158
2021-05-17 00:00:00+00:00,3581.39,3587.0,3125.0,3283.58,5745286.6
2021-05-18 00:00:00+00:00,3283.23,3570.27,3240.06,3376.35,3842243.27
2021-05-19 00:00:00+00:00,3377.03,3446.24,1400.73,2442.98,10144417.228
2021-05-20 00:00:00+00:00,2444.02,2990.85,2150.0,2768.42,6097256.74
2021-05-21 00:00:00+00:00,2768.42,2940.0,2097.99,2431.01,6041584.187
2021-05-22 00:00:00+00:00,2431.24,2489.65,2151.63,2295.15,4564819.521
2021-05-23 00:00:00+00:00,2295.46,2383.41,1728.85,2096.63,7797669.636
2021-05-24 00:00:00+00:00,2096.62,2675.0,2079.0,2649.27,5714266.276
2021-05-25 00:00:00+00:00,2649.49,2750.0,2380.6,2706.83,5322472.943
2021-05-26 00:00:00+00:00,2706.82,2913.0,2642.87,2884.27,4052111.799
2021-05-27 00:00:00+00:00,2884.16,2893.03,2634.0,2742.77,3441489.934
2021-05-28 00:00:00+00:00,2742.77,2763.57,2324.48,2411.66,4733066.731
2021-05-29 00:00:00+00:00,2411.65,2577.04,2208.04,2277.99,4468023.064
2021-05-30 00:00:00+00:00,2277.99,2476.83,2179.13,2386.11,3642984.366
2021-05-31 00:00:00+00:00,2386.11,2721.51,2271.46,2706.33,4203920.413
2021-06-01 00:00:00+00:00,2706.46,2741.45,2523.82,2634.63,3779985.27
2021-06-02 00:00:00+00:00,2634.61,2804.04,2551.03,2707.22,3026897.821
2021-06-03 00:00:00+00:00,2707.03,2892.23,2662.0,2858.34,3561113.235
2021-06-04 00:00:00+00:00,2858.34,2861.53,2540.61,2689.21,4343826.882
2021-06-05 00:00:00+00:00,2689.41,2817.43,2550.77,2627.45,3876375.64
2021-06-06 00:00:00+00:00,2627.44,2744.0,2613.11,2711.4,2719341.885
2021-06-07 00:00:00+00:00,2711.3,2849.65,2569.3,2592.96,4175255.701
2021-06-08 00:00:00+00:00,2592.51,2621.27,2305.5,2506.19,6567894.086
2021-06-09 00:00:00+00:00,2506.13,2627.38,2404.01,2610.2,5127988.288
2021-06-10 00:00:00+00:00,2610.2,2624.79,2423.36,2471.11,3151629.315
2021-06-11 00:00:00+00:00,2471.05,2497.94,2320.0,2354.25,2932342.336
2021-06-12 00:00:00+00:00,2354.25,2452.79,2255.42,2370.59,3349184.786
2021-06-13 00:00:00+00:00,2370.61,2548.0,2307.41,2508.71,2999871.755
2021-06-14 00:00:00+00:00,2508.56,2608.53,2460.0,2579.82,2592645.352
2021-06-15 00:00:00+00:00,2579.8,2639.99,2506.81,2544.17,2609572.986
2021-06-16 00:00:00+00:00,2544.28,2557.54,2350.0,2366.84,2715755.789
2021-06-17 00:00:00+00:00,2366.84,2459.77,2304.15,2372.51,2805257.77
2021-06-18 00:00:00+00:00,2372.5,2376.94,2135.04,2231.68,3783368.698
2021-06-19 00:00:00+00:00,2231.68,2280.0,2160.0,2163.36,2905034.112
2021-06-20 00:00:00+00:00,2163.36,2277.0,2038.94,2242.7,4117443.373
2021-06-21 00:00:00+00:00,2242.7,2259.27,1864.36,1884.77,8408243.758
2021-06-22 00:00:00+00:00,1884.75,1997.8,1698.64,1878.46,7629543.365
2021-06-23 00:00:00+00:00,1878.46,2044.35,1820.3,1966.51,4071236.262
2021-06-24 00:00:00+00:00,1966.48,2036.0,1883.47,1989.5,3069218.028
2021-06-25 00:00:00+00:00,1989.5,2020.0,1790.0,1808.0,4807609.447
2021-06-26 00:00:00+00:00,1808.0,1852.95,1715.0,1828.88,4547442.9
2021-06-27 00:00:00+00:00,1828.86,1984.61,1805.0,1980.83,3643084.635
2021-06-28 00:00:00+00:00,1981.0,2146.91,1960.31,2083.56,5085737.209
2021-06-29 00:00:00+00:00,2083.55,2244.33,2073.0,2165.15,4249854.368
2021-06-30 00:00:00+00:00,2165.03,2290.0,2087.23,2275.0,4574440.196
2021-07-01 00:00:00+00:00,2274.99,2275.68,2066.0,2105.24,4469383.028
2021-07-02 00:00:00+00:00,2105.23,2160.0,2016.43,2152.64,3889555.868
2021-07-03 00:00:00+00:00,2152.64,2239.0,2112.03,2226.63,2965805.065
2021-07-04 00:00:00+00:00,2226.71,2390.0,2188.0,2321.95,3200803.958
2021-07-05 00:00:00+00:00,2322.13,2324.22,2155.04,2195.38,4496599.633
2021-07-06 00:00:00+00:00,2195.38,2349.92,2191.24,2322.04,4197100.45
2021-07-07 00:00:00+00:00,2321.82,2410.0,2292.94,2314.65,3113882.674
2021-07-08 00:00:00+00:00,2314.64,2326.58,2082.07,2114.88,4154305.408
2021-07-09 00:00:00+00:00,2114.81,2189.27,2045.0,2147.53,4166847.297
2021-07-10 00:00:00+00:00,2147.4,2195.0,2073.0,2111.14,2803372.98
2021-07-11 00:00:00+00:00,2111.14,2175.0,2080.0,2140.27,2154716.197
2021-07-12 00:00:00+00:00,2140.26,2167.95,2003.4,2030.85,2941659.373
2021-07-13 00:00:00+00:00,2030.78,2048.97,1916.0,1940.32,3641617.739
2021-07-14 00:00:00+00:00,1940.31,2018.55,1862.32,1993.82,4274762.909
2021-07-15 00:00:00+00:00,1993.82,2042.1,1880.29,1919.35,3891662.256
2021-07-16 00:00:00+00:00,1919.36,1965.85,1846.0,1876.1,3797831.436
2021-07-17 00:00:00+00:00,1876.09,1919.0,1841.0,1898.55,3169044.845
2021-07-18 00:00:00+00:00,1898.55,1994.26,1875.0,1890.66,3350134.623
2021-07-19 00:00:00+00:00,1890.8,1917.82,1801.0,1818.4,3317206.573
2021-07-20 00:00:00+00:00,1818.4,1841.34,1715.0,1785.04,4510417.88
2021-07-21 00:00:00+00:00,1785.2,2038.0,1752.35,1995.49,5466949.512
2021-07-22 00:00:00+00:00,1995.5,2046.0,1945.0,2023.55,3739570.52
2021-07-23 00:00:00+00:00,2024.0,2131.96,1995.02,2124.33,3237000.868
2021-07-24 00:00:00+00:00,2124.34,2198.0,2105.4,2183.53,2900599.605
2021-07-25 00:00:00+00:00,2183.54,2197.0,2106.12,2188.11,2654022.719
2021-07-26 00:00:00+00:00,2188.15,2433.53,2170.03,2227.41,5648553.005
2021-07-27 00:00:00+00:00,2227.44,2319.0,2150.0,2298.04,4077823.745
2021-07-28 00:00:00+00:00,2298.05,2345.54,2242.2,2300.08,3309639.002
2021-07-29 00:00:00+00:00,2300.12,2406.44,2263.33,2382.45,2369811.378
2021-07-30 00:00:00+00:00,2382.45,2473.99,2316.03,2461.72,3555703.039
2021-07-31 00:00:00+00:00,2461.52,2553.8,2421.76,2530.49,2363945.704
2021-08-01 00:00:00+00:00,2530.37,2699.0,2511.88,2554.71,4203633.648
2021-08-02 00:00:00+00:00,2554.72,2666.91,2506.11,2607.09,3757454.702
2021-08-03 00:00:00+00:00,2607.09,2633.27,2441.0,2506.87,4035094.388
2021-08-04 00:00:00+00:00,2506.5,2775.06,2456.83,2725.0,4639321.233
2021-08-05 00:00:00+00:00,2725.0,2845.9,2527.0,2826.8,6430648.209
2021-08-06 00:00:00+00:00,2826.81,2948.36,2720.31,2892.3,3957430.19
2021-08-07 00:00:00+00:00,2892.29,3176.0,2865.45,3163.26,5211893.648
2021-08-08 00:00:00+00:00,3163.26,3195.67,2950.45,3014.06,4207474.0
2021-08-09 00:00:00+00:00,3014.06,3190.8,2890.03,3163.43,4997024.855
2021-08-10 00:00:00+00:00,3163.43,3239.13,3053.24,3143.98,4011325.684
2021-08-11 00:00:00+00:00,3143.97,3279.78,3120.69,3161.52,3248054.689
2021-08-12 00:00:00+00:00,3161.52,3241.57,2981.0,3046.74,3651234.966
2021-08-13 00:00:00+00:00,3046.63,3332.88,3034.35,3324.12,3291401.802
2021-08-14 00:00:00+00:00,3324.12,3337.99,3210.0,3266.31,2307338.73
2021-08-15 00:00:00+00:00,3266.31,3326.0,3109.0,3312.31,2863557.025
2021-08-16 00:00:00+00:00,3312.31,3343.0,3133.33,3146.83,2823441.625
2021-08-17 00:00:00+00:00,3146.82,3294.23,2992.0,3014.64,3583054.432
2021-08-18 00:00:00+00:00,3014.63,3125.92,2950.0,3014.25,2914764.091
2021-08-19 00:00:00+00:00,3014.31,3194.0,2958.8,3186.8,2795287.664
2021-08-20 00:00:00+00:00,3186.76,3308.26,3180.0,3286.62,2223015.324
2021-08-21 00:00:00+00:00,3286.65,3313.9,3207.12,3226.4,1838074.781
2021-08-22 00:00:00+00:00,3226.39,3276.42,3124.35,3241.29,1773220.917
2021-08-23 00:00:00+00:00,3241.29,3383.0,3233.07,3323.01,2430852.991
2021-08-24 00:00:00+00:00,3323.0,3362.0,3145.0,3173.98,2520587.128
2021-08-25 00:00:00+00:00,3173.99,3249.0,3078.52,3227.9,2405504.816
2021-08-26 00:00:00+00:00,3227.9,3254.0,3052.0,3093.77,2360877.641
2021-08-27 00:00:00+00:00,3093.81,3283.0,3061.44,3273.91,2227370.879
2021-08-28 00:00:00+00:00,3274.12,3288.22,3209.93,3247.29,1124796.339
2021-08-29 00:00:00+00:00,3247.47,3291.7,3150.5,3225.47,1642534.292
2021-08-30 00:00:00+00:00,3225.47,3350.0,3142.38,3230.43,2535431.803
2021-08-31 00:00:00+00:00,3230.42,3478.0,3187.85,3430.49,3605871.087
2021-09-01 00:00:00+00:00,3430.49,3849.0,3381.23,3831.44,3339812.397
2021-09-02 00:00:00+00:00,3831.42,3843.21,3723.87,3788.95,1997427.18
2021-09-03 00:00:00+00:00,3788.94,4036.44,3710.77,3942.79,2643680.21
2021-09-04 00:00:00+00:00,3942.83,3976.59,3835.0,3889.71,1508907.058
2021-09-05 00:00:00+00:00,3889.95,3991.25,3837.0,3952.56,1483337.994
2021-09-06 00:00:00+00:00,3952.56,3976.6,3864.27,3929.0,1471495.586
2021-09-07 00:00:00+00:00,3929.01,3952.53,2923.0,3435.0,4947996.791
2021-09-08 00:00:00+00:00,3435.0,3562.25,3217.01,3497.99,2986177.27
2021-09-09 00:00:00+00:00,3497.68,3570.34,3390.0,3426.42,1980923.9
2021-09-10 00:00:00+00:00,3426.43,3517.91,3143.2,3209.84,2299854.907
2021-09-11 00:00:00+00:00,3209.85,3349.17,3199.26,3267.23,1413713.591
2021-09-12 00:00:00+00:00,3267.28,3474.95,3230.84,3405.21,1518234.911
2021-09-13 00:00:00+00:00,3405.65,3432.12,3107.02,3284.41,2654865.254
2021-09-14 00:00:00+00:00,3284.17,3438.0,3269.25,3435.42,1536142.673
2021-09-15 00:00:00+00:00,3435.29,3620.0,3358.08,3614.72,1652816.482
2021-09-16 00:00:00+00:00,3614.71,3678.0,3482.0,3570.46,1879717.934
2021-09-17 00:00:00+00:00,3570.46,3597.52,3350.0,3400.99,1665745.301
2021-09-18 00:00:00+00:00,3401.0,3546.0,3370.25,3435.35,1392166.948
2021-09-19 00:00:00+00:00,3435.36,3459.0,3275.0,3328.72,1409270.892
2021-09-20 00:00:00+00:00,3328.99,3347.99,2907.07,2978.34,3894855.847
2021-09-21 00:00:00+00:00,2978.34,3108.17,2647.8,2765.48,4287819.594
2021-09-22 00:00:00+00:00,2765.47,3088.88,2736.57,3076.62,2674294.104
2021-09-23 00:00:00+00:00,3076.62,3173.99,3032.77,3150.7,1943658.778
2021-09-24 00:00:00+00:00,3150.7,3157.5,2731.0,2926.37,3728806.998
2021-09-25 00:00:00+00:00,2926.36,2967.32,2800.0,2921.08,2234473.056
2021-09-26 00:00:00+00:00,2921.08,3116.84,2737.19,3057.63,2764303.968
2021-09-27 00:00:00+00:00,3057.62,3163.9,2920.22,2923.6,2027218.619
2021-09-28 00:00:00+00:00,2923.59,2969.0,2781.0,2803.5,2369096.762
2021-09-29 00:00:00+00:00,2803.34,2949.0,2780.0,2848.38,1856317.865
2021-09-30 00:00:00+00:00,2848.38,3049.3,2835.29,2999.45,2159101.897
2021-10-01 00:00:00+00:00,2999.45,3331.56,2967.1,3308.58,2414202.176
2021-10-02 00:00:00+00:00,3308.59,3471.58,3257.05,3387.25,1587338.885
2021-10-03 00:00:00+00:00,3387.24,3489.22,3340.0,3418.25,1314004.609
2021-10-04 00:00:00+00:00,3418.21,3440.0,3268.81,3386.12,1961769.087
2021-10-05 00:00:00+00:00,3386.12,3549.9,3363.56,3517.64,1476768.109
2021-10-06 00:00:00+00:00,3517.64,3638.0,3339.67,3576.85,2134235.566
2021-10-07 00:00:00+00:00,3576.9,3659.98,3470.37,3589.85,1809003.003
2021-10-08 00:00:00+00:00,3589.85,3675.41,3531.0,3563.81,1501949.85
2021-10-09 00:00:00+00:00,3563.82,3639.0,3538.1,3577.8,907875.164
2021-10-10 00:00:00+00:00,3577.65,3607.55,3402.12,3415.01,1518799.428
2021-10-11 00:00:00+00:00,3415.01,3629.0,3368.0,3543.1,1874616.227
2021-10-12 00:00:00+00:00,3543.09,3549.82,3404.0,3492.91,1986800.415
2021-10-13 00:00:00+00:00,3492.9,3618.0,3412.29,3610.05,1635415.204
2021-10-14 00:00:00+00:00,3610.24,3830.0,3590.02,3794.19,1736537.63
2021-10-15 00:00:00+00:00,3794.18,3915.0,3737.13,3872.71,1828015.586
2021-10-16 00:00:00+00:00,3872.7,3980.0,3801.38,3833.3,1398494.278
2021-10-17 00:00:00+00:00,3833.29,3925.95,3634.32,3851.01,1611014.925
2021-10-18 00:00:00+00:00,3851.17,3898.94,3675.5,3748.31,1768303.025
2021-10-19 00:00:00+00:00,3748.1,3893.0,3734.93,3881.48,1769755.526
2021-10-20 00:00:00+00:00,3881.49,4173.5,3830.0,4164.14,2278334.962
2021-10-21 00:00:00+00:00,4164.13,4389.6,4006.83,4057.26,3807814.197
2021-10-22 00:00:00+00:00,4057.26,4172.52,3888.0,3975.56,2113125.983
2021-10-23 00:00:00+00:00,3975.55,4177.27,3940.6,4170.5,1494374.557
2021-10-24 00:00:00+00:00,4170.5,4191.72,3962.86,4084.61,1501860.773
2021-10-25 00:00:00+00:00,4084.6,4240.03,4071.37,4224.14,1389123.02
2021-10-26 00:00:00+00:00,4224.13,4306.61,4092.0,4133.39,1665700.699
2021-10-27 00:00:00+00:00,4133.37,4319.0,3900.0,3923.57,2642128.851
2021-10-28 00:00:00+00:00,3923.58,4300.0,3887.75,4288.96,2233903.498
2021-10-29 00:00:00+00:00,4288.91,4467.89,4269.16,4421.53,1862409.48
2021-10-30 00:00:00+00:00,4421.53,4438.85,4230.55,4324.82,1145688.807
2021-10-31 00:00:00+00:00,4324.82,4399.22,4161.0,4288.86,1308821.315
2021-11-01 00:00:00+00:00,4288.87,4385.57,4145.0,4322.72,1541230.772
2021-11-02 00:00:00+00:00,4322.72,4604.96,4286.67,4593.88,1477069.747
2021-11-03 00:00:00+00:00,4593.17,4676.0,4456.0,4606.59,1476260.698
2021-11-04 00:00:00+00:00,4606.59,4611.23,4423.09,4535.37,1202357.813
2021-11-05 00:00:00+00:00,4535.38,4575.0,4445.1,4477.29,967384.995
2021-11-06 00:00:00+00:00,4477.29,4538.29,4325.91,4521.4,1062427.875
2021-11-07 00:00:00+00:00,4521.7,4642.76,4505.41,4616.5,832391.585
2021-11-08 00:00:00+00:00,4616.51,4830.66,4615.21,4814.3,1214445.239
2021-11-09 00:00:00+00:00,4814.13,4844.97,4714.83,4734.98,1151973.219
2021-11-10 00:00:00+00:00,4734.99,4877.54,4450.0,4632.21,1848828.004
2021-11-11 00:00:00+00:00,4632.42,4783.12,4580.9,4721.19,1146003.874
2021-11-12 00:00:00+00:00,4721.19,4811.0,4508.0,4665.99,1671025.399
2021-11-13 00:00:00+00:00,4665.99,4708.0,4585.11,4644.42,812743.805
2021-11-14 00:00:00+00:00,4644.42,4700.0,4515.84,4629.44,947148.676
2021-11-15 00:00:00+00:00,4629.75,4771.83,4541.44,4567.01,1351110.691
2021-11-16 00:00:00+00:00,4567.01,4567.07,4077.0,4209.42,2734039.543
2021-11-17 00:00:00+00:00,4209.42,4300.0,4062.0,4287.99,1860601.927
2021-11-18 00:00:00+00:00,4288.0,4343.33,3957.96,3997.72,2286170.467
2021-11-19 00:00:00+00:00,3997.72,4309.04,3973.14,4293.44,1514406.552
2021-11-20 00:00:00+00:00,4293.44,4436.01,4202.24,4412.55,1143613.53
2021-11-21 00:00:00+00:00,4412.37,4425.73,4242.0,4259.23,996488.568
2021-11-22 00:00:00+00:00,4259.28,4327.75,4019.35,4086.57,1891091.913
2021-11-23 00:00:00+00:00,4086.41,4387.0,4059.55,4341.36,1636864.585
2021-11-24 00:00:00+00:00,4341.36,4377.0,4170.38,4271.29,1365898.959
2021-11-25 00:00:00+00:00,4271.29,4558.29,4250.34,4527.86,1247655.55
2021-11-26 00:00:00+00:00,4528.2,4555.0,3911.0,4040.66,2657050.069
2021-11-27 00:00:00+00:00,4040.66,4182.66,4027.32,4095.33,1008009.177
2021-11-28 00:00:00+00:00,4095.33,4301.07,3958.58,4296.6,1512818.39
2021-11-29 00:00:00+00:00,4297.01,4460.0,4280.0,4445.1,1432921.208
2021-11-30 00:00:00+00:00,4445.09,4757.8,4347.9,4631.51,2573876.207
2021-12-01 00:00:00+00:00,4631.43,4783.19,4528.5,4586.66,1861557.163
2021-12-02 00:00:00+00:00,4586.67,4636.86,4435.76,4514.32,1767131.692
2021-12-03 00:00:00+00:00,4514.32,4658.0,4004.0,4213.66,2648380.12
2021-12-04 00:00:00+00:00,4213.67,4237.2,3388.15,4115.79,3531695.892
2021-12-05 00:00:00+00:00,4115.79,4247.19,4033.0,4197.53,1909767.851
2021-12-06 00:00:00+00:00,4197.52,4377.58,3920.0,4345.2,2601175.77
2021-12-07 00:00:00+00:00,4345.44,4425.0,4255.27,4305.82,1388803.726
2021-12-08 00:00:00+00:00,4305.83,4454.6,4224.98,4435.33,1443466.295
2021-12-09 00:00:00+00:00,4435.7,4490.97,4075.0,4103.8,1905332.516
2021-12-10 00:00:00+00:00,4103.8,4232.0,3882.84,3895.95,2123045.506
2021-12-11 00:00:00+00:00,3895.85,4094.82,3831.01,4089.81,1729754.927
2021-12-12 00:00:00+00:00,4088.86,4173.37,3985.0,4129.0,1044691.201
2021-12-13 00:00:00+00:00,4129.16,4142.0,3668.34,3780.63,2252296.914
2021-12-14 00:00:00+00:00,3780.33,3879.13,3682.0,3856.66,1718001.41
2021-12-15 00:00:00+00:00,3856.67,4096.0,3639.39,4019.01,2415815.067
2021-12-16 00:00:00+00:00,4019.01,4118.47,3951.14,3958.67,1603846.854
2021-12-17 00:00:00+00:00,3958.7,3992.99,3694.2,3873.93,2112402.041
2021-12-18 00:00:00+00:00,3872.98,3997.39,3764.96,3957.64,1306368.673
2021-12-19 00:00:00+00:00,3957.65,4034.99,3881.89,3922.51,1402356.037
2021-12-20 00:00:00+00:00,3922.51,3981.48,3750.0,3943.48,1741509.419
2021-12-21 00:00:00+00:00,3943.64,4063.0,3912.26,4014.38,1246421.469
2021-12-22 00:00:00+00:00,4014.38,4074.99,3924.36,3978.62,1076095.044
2021-12-23 00:00:00+00:00,3978.63,4153.71,3888.87,4111.3,1586935.899
2021-12-24 00:00:00+00:00,4111.31,4133.38,4014.45,4045.0,1026594.079
2021-12-25 00:00:00+00:00,4045.19,4138.47,4015.0,4093.87,890361.594
2021-12-26 00:00:00+00:00,4093.88,4104.84,4002.0,4062.24,767517.751
2021-12-27 00:00:00+00:00,4062.4,4126.0,4030.06,4037.36,837344.643
2021-12-28 00:00:00+00:00,4037.35,4037.36,3756.26,3791.99,1675203.532
2021-12-29 00:00:00+00:00,3792.0,3825.91,3600.45,3628.55,1318187.731
2021-12-30 00:00:00+00:00,3628.49,3766.71,3580.0,3708.37,1023870.718
2021-12-31 00:00:00+00:00,3708.45,3814.95,3621.32,3676.02,1343940.174
2022-01-01 00:00:00+00:00,3676.01,3776.33,3671.86,3763.06,755619.793
2022-01-02 00:00:00+00:00,3763.05,3860.0,3714.48,3826.21,740079.43
2022-01-03 00:00:00+00:00,3826.1,3850.0,3680.0,3764.07,999879.353
2022-01-04 00:00:00+00:00,3764.07,3893.19,3711.0,3785.6,1253780.69
2022-01-05 00:00:00+00:00,3785.6,3847.18,3405.0,3537.71,1813981.948
2022-01-06 00:00:00+00:00,3537.81,3549.11,3292.31,3404.6,1840489.348
2022-01-07 00:00:00+00:00,3404.61,3415.35,3040.77,3196.58,2855226.352
2022-01-08 00:00:00+00:00,3196.58,3248.03,2996.45,3080.03,1859886.155
2022-01-09 00:00:00+00:00,3079.86,3209.4,3057.0,3150.0,1230848.792
2022-01-10 00:00:00+00:00,3149.99,3179.16,2924.78,3081.31,2322294.565
2022-01-11 00:00:00+00:00,3081.25,3262.66,3050.58,3236.86,1533503.746
2022-01-12 00:00:00+00:00,3236.86,3411.0,3203.85,3369.93,1435454.649
2022-01-13 00:00:00+00:00,3369.92,3408.89,3230.97,3240.36,1374273.064
2022-01-14 00:00:00+00:00,3240.32,3342.63,3181.2,3305.6,1309794.267
2022-01-15 00:00:00+00:00,3305.61,3372.0,3257.59,3324.05,809020.133
2022-01-16 00:00:00+00:00,3324.06,3394.62,3269.01,3345.49,934941.801
2022-01-17 00:00:00+00:00,3345.5,3355.3,3139.37,3208.61,1440138.934
2022-01-18 00:00:00+00:00,3208.6,3243.95,3080.5,3159.32,1589444.667
2022-01-19 00:00:00+00:00,3159.31,3174.6,3045.0,3082.81,1668517.082
2022-01-20 00:00:00+00:00,3082.8,3272.24,2985.0,2999.92,1880719.448
2022-01-21 00:00:00+00:00,2999.92,3031.9,2460.0,2566.91,4517274.359
2022-01-22 00:00:00+00:00,2566.91,2625.6,2293.56,2410.96,4662398.873
2022-01-23 00:00:00+00:00,2410.57,2549.0,2368.0,2538.41,2371974.868
2022-01-24 00:00:00+00:00,2538.4,2539.59,2151.0,2438.13,4694300.254
2022-01-25 00:00:00+00:00,2437.87,2504.98,2349.6,2457.37,2325976.562
2022-01-26 00:00:00+00:00,2457.37,2720.06,2400.01,2461.61,3370868.336
2022-01-27 00:00:00+00:00,2461.62,2520.0,2314.33,2422.61,2706734.602
2022-01-28 00:00:00+00:00,2422.61,2556.93,2357.0,2543.34,2394675.788
2022-01-29 00:00:00+00:00,2543.34,2658.41,2519.21,2599.94,1522389.395
2022-01-30 00:00:00+00:00,2599.93,2644.93,2541.46,2600.45,1322236.477
2022-01-31 00:00:00+00:00,2600.45,2706.47,2475.33,2685.34,2119778.986
2022-02-01 00:00:00+00:00,2685.34,2812.94,2672.61,2786.38,2054796.845
2022-02-02 00:00:00+00:00,2786.37,2810.0,2610.4,2678.0,2354857.007
2022-02-03 00:00:00+00:00,2678.47,2722.99,2572.64,2694.37,2171742.641
2022-02-04 00:00:00+00:00,2694.2,2995.0,2670.14,2993.65,2953883.898
2022-02-05 00:00:00+00:00,2993.64,3059.91,2958.01,3011.59,1557391.545
2022-02-06 00:00:00+00:00,3011.58,3075.0,2948.0,3054.26,1151529.849
2022-02-07 00:00:00+00:00,3054.26,3185.99,2990.83,3138.55,1920591.918
2022-02-08 00:00:00+00:00,3138.55,3246.65,3023.28,3115.23,2122006.982
2022-02-09 00:00:00+00:00,3115.23,3269.16,3052.5,3241.82,1571485.369
2022-02-10 00:00:00+00:00,3241.79,3282.96,3055.24,3070.9,2672791.971
2022-02-11 00:00:00+00:00,3070.89,3136.55,2873.5,2926.04,2333468.434
2022-02-12 00:00:00+00:00,2926.03,2983.62,2855.0,2916.93,1869241.526
2022-02-13 00:00:00+00:00,2917.04,2952.66,2830.31,2870.32,1277486.697
2022-02-14 00:00:00+00:00,2870.33,2964.44,2829.8,2928.87,1815960.443
2022-02-15 00:00:00+00:00,2928.87,3198.0,2911.85,3183.73,1856076.117
2022-02-16 00:00:00+00:00,3183.74,3186.79,3040.42,3121.8,1733462.418
2022-02-17 00:00:00+00:00,3121.8,3158.68,2850.0,2890.8,2632604.386
2022-02-18 00:00:00+00:00,2890.75,2941.94,2750.0,2778.46,2162941.471
2022-02-19 00:00:00+00:00,2778.46,2829.99,2691.0,2761.89,1546343.886
2022-02-20 00:00:00+00:00,2761.9,2762.89,2573.33,2620.72,2242471.273
2022-02-21 00:00:00+00:00,2620.72,2758.0,2555.56,2566.88,3985389.094
2022-02-22 00:00:00+00:00,2566.88,2670.0,2495.0,2635.57,3195802.792
2022-02-23 00:00:00+00:00,2635.57,2752.38,2573.39,2578.02,2704599.315
2022-02-24 00:00:00+00:00,2578.02,2777.33,2298.72,2595.47,6227786.305
2022-02-25 00:00:00+00:00,2595.47,2835.0,2571.68,2766.36,2936418.882
2022-02-26 00:00:00+00:00,2766.42,2882.0,2726.0,2778.15,1852287.146
2022-02-27 00:00:00+00:00,2778.15,2836.21,2553.68,2615.99,2948786.157
2022-02-28 00:00:00+00:00,2615.99,2966.0,2565.0,2920.1,3405929.703
2022-03-01 00:00:00+00:00,2920.05,3036.0,2852.2,2975.61,2903119.452
2022-03-02 00:00:00+00:00,2975.61,3046.46,2912.96,2947.47,2628094.604
2022-03-03 00:00:00+00:00,2947.48,2970.0,2781.77,2832.97,2068430.471
2022-03-04 00:00:00+00:00,2832.98,2835.9,2570.65,2620.25,2431616.203
2022-03-05 00:00:00+00:00,2620.25,2684.87,2588.0,2663.55,1085460.56
2022-03-06 00:00:00+00:00,2663.55,2674.61,2529.0,2549.37,1394552.348
2022-03-07 00:00:00+00:00,2549.36,2650.0,2431.62,2489.9,2690724.432
2022-03-08 00:00:00+00:00,2489.84,2623.0,2478.35,2575.49,2643188.688
2022-03-09 00:00:00+00:00,2575.5,2773.17,2566.41,2726.37,2075382.606
2022-03-10 00:00:00+00:00,2726.37,2733.37,2546.83,2605.44,2036842.087
2022-03-11 00:00:00+00:00,2605.43,2676.2,2520.5,2555.89,2046135.535
2022-03-12 00:00:00+00:00,2555.9,2620.0,2552.22,2567.64,835243.91
2022-03-13 00:00:00+00:00,2567.63,2604.13,2490.25,2514.07,1153034.412
2022-03-14 00:00:00+00:00,2513.77,2609.32,2496.85,2588.96,1700607.097
2022-03-15 00:00:00+00:00,2588.96,2668.8,2504.5,2617.29,2010933.59
2022-03-16 00:00:00+00:00,2617.29,2789.86,2602.06,2772.78,2671403.544
2022-03-17 00:00:00+00:00,2772.78,2839.0,2745.33,2810.74,1388608.329
2022-03-18 00:00:00+00:00,2810.75,2984.72,2760.0,2938.02,2012338.322
2022-03-19 00:00:00+00:00,2938.03,2992.0,2890.6,2950.0,1138322.115
2022-03-20 00:00:00+00:00,2949.9,2965.0,2817.49,2860.47,1437020.801
2022-03-21 00:00:00+00:00,2860.53,2960.0,2830.5,2889.08,1686819.608
2022-03-22 00:00:00+00:00,2889.07,3055.9,2885.49,2968.49,1797753.573
2022-03-23 00:00:00+00:00,2968.48,3043.69,2915.51,3035.55,1781378.735
2022-03-24 00:00:00+00:00,3035.54,3129.75,3001.0,3109.89,2081151.644
2022-03-25 00:00:00+00:00,3109.89,3195.0,3075.0,3101.37,2007262.806
2022-03-26 00:00:00+00:00,3101.37,3152.24,3084.03,3143.47,760414.286
2022-03-27 00:00:00+00:00,3143.47,3299.33,3125.26,3295.01,1243196.793
2022-03-28 00:00:00+00:00,3295.01,3430.0,3274.3,3333.62,1780150.955
2022-03-29 00:00:00+00:00,3333.62,3480.0,3330.32,3399.0,1928941.55
2022-03-30 00:00:00+00:00,3399.0,3447.74,3332.0,3385.1,1512369.419
2022-03-31 00:00:00+00:00,3385.09,3444.6,3260.84,3281.43,1815474.754
2022-04-01 00:00:00+00:00,3281.43,3483.12,3210.06,3454.33,2109764.119
2022-04-02 00:00:00+00:00,3454.33,3533.0,3430.2,3443.07,1652414.36
2022-04-03 00:00:00+00:00,3443.06,3580.0,3411.9,3520.76,1431228.504
2022-04-04 00:00:00+00:00,3520.65,3551.55,3405.03,3518.96,1653737.507
2022-04-05 00:00:00+00:00,3518.97,3554.99,3388.97,3405.04,1487565.105
2022-04-06 00:00:00+00:00,3405.03,3406.08,3160.19,3166.78,2622721.98
2022-04-07 00:00:00+00:00,3166.77,3267.58,3140.33,3225.15,1752183.226
2022-04-08 00:00:00+00:00,3225.0,3315.0,3171.95,3191.26,1958267.702
2022-04-09 00:00:00+00:00,3191.27,3269.62,3180.24,3257.53,909857.465
2022-04-10 00:00:00+00:00,3257.54,3307.21,3187.0,3200.24,1000563.67
2022-04-11 00:00:00+00:00,3200.24,3212.0,2945.08,2978.69,2565570.206
2022-04-12 00:00:00+00:00,2978.69,3082.0,2948.19,3026.3,1863628.985
2022-04-13 00:00:00+00:00,3026.31,3133.0,2995.23,3116.45,1652978.477
2022-04-14 00:00:00+00:00,3116.53,3148.0,2973.47,3019.82,1505522.162
2022-04-15 00:00:00+00:00,3019.82,3062.81,2990.06,3039.19,923299.874
2022-04-16 00:00:00+00:00,3039.2,3090.0,3008.08,3057.99,652575.022
2022-04-17 00:00:00+00:00,3058.0,3082.56,2980.6,2986.03,1075168.023
2022-04-18 00:00:00+00:00,2986.02,3069.0,2875.87,3054.02,1815827.195
2022-04-19 00:00:00+00:00,3054.02,3129.43,3027.66,3100.42,1194169.089
2022-04-20 00:00:00+00:00,3100.43,3173.89,3031.48,3074.01,1393841.93
2022-04-21 00:00:00+00:00,3073.96,3180.0,2933.33,2981.31,1801732.011
2022-04-22 00:00:00+00:00,2981.31,3035.37,2930.26,2960.38,1476858.769
2022-04-23 00:00:00+00:00,2960.39,2976.82,2904.36,2930.28,615769.147
2022-04-24 00:00:00+00:00,2930.28,2967.2,2908.99,2918.97,847760.075
2022-04-25 00:00:00+00:00,2918.98,3026.02,2791.3,3006.11,2207537.517
2022-04-26 00:00:00+00:00,3006.12,3043.0,2761.27,2807.88,2115673.365
2022-04-27 00:00:00+00:00,2807.89,2920.0,2792.27,2887.57,1889647.276
2022-04-28 00:00:00+00:00,2887.57,2979.76,2853.24,2935.39,1925868.923
2022-04-29 00:00:00+00:00,2935.39,2946.29,2776.0,2815.37,1671919.811
2022-04-30 00:00:00+00:00,2815.38,2841.04,2711.65,2725.1,1115770.231
2022-05-01 00:00:00+00:00,2725.1,2849.0,2714.5,2823.38,1217450.891
2022-05-02 00:00:00+00:00,2823.38,2882.15,2774.97,2855.16,1598694.15
2022-05-03 00:00:00+00:00,2855.15,2860.76,2753.0,2780.91,1170566.655
2022-05-04 00:00:00+00:00,2780.92,2965.0,2770.08,2939.76,1716921.512
2022-05-05 00:00:00+00:00,2939.76,2955.79,2684.84,2746.37,2174369.003
2022-05-06 00:00:00+00:00,2746.36,2757.28,2630.0,2691.59,1917392.823
2022-05-07 00:00:00+00:00,2691.6,2703.61,2581.89,2634.82,963077.904
2022-05-08 00:00:00+00:00,2634.82,2641.11,2480.0,2518.9,1999269.154
2022-05-09 00:00:00+00:00,2519.03,2530.88,2222.46,2227.48,4531752.048
2022-05-10 00:00:00+00:00,2227.62,2455.88,2197.38,2340.86,4079487.756
2022-05-11 00:00:00+00:00,2340.85,2451.86,2002.0,2083.98,5826464.141
2022-05-12 00:00:00+00:00,2083.98,2193.7,1775.43,1959.78,5639772.981
2022-05-13 00:00:00+00:00,1959.79,2149.99,1939.33,2008.49,2799355.876
2022-05-14 00:00:00+00:00,2008.48,2068.6,1950.07,2055.0,1712302.978
2022-05-15 00:00:00+00:00,2054.99,2174.32,2000.0,2144.07,1621232.284
2022-05-16 00:00:00+00:00,2144.06,2144.07,1976.0,2022.89,2642704.669
2022-05-17 00:00:00+00:00,2022.79,2124.1,2006.71,2090.0,1960680.703
2022-05-18 00:00:00+00:00,2090.0,2110.89,1906.61,1914.2,2331823.162
2022-05-19 00:00:00+00:00,1914.19,2039.3,1901.7,2019.46,2582771.916
2022-05-20 00:00:00+00:00,2019.45,2064.74,1922.0,1958.69,2606153.056
2022-05-21 00:00:00+00:00,1958.69,1990.75,1935.52,1973.94,1160939.76
2022-05-22 00:00:00+00:00,1973.94,2056.73,1965.25,2042.63,1433318.968
2022-05-23 00:00:00+00:00,2042.63,2088.6,1955.01,1972.45,2340762.693
2022-05-24 00:00:00+00:00,1972.45,1993.72,1911.38,1978.56,2077293.838
2022-05-25 00:00:00+00:00,1978.56,2022.74,1933.0,1942.0,2151769.493
2022-05-26 00:00:00+00:00,1942.01,1965.28,1725.0,1791.02,4404820.882
2022-05-27 00:00:00+00:00,1790.99,1821.85,1694.97,1726.55,4743622.208
2022-05-28 00:00:00+00:00,1726.55,1809.33,1721.3,1791.74,2072895.705
2022-05-29 00:00:00+00:00,1791.75,1829.0,1755.25,1812.45,1640982.631
2022-05-30 00:00:00+00:00,1812.46,2013.56,1801.52,1997.87,3264009.122
2022-05-31 00:00:00+00:00,1997.87,2016.77,1922.0,1941.68,2655076.664
2022-06-01 00:00:00+00:00,1941.68,1972.77,1758.52,1817.1,3499271.987
2022-06-02 00:00:00+00:00,1817.16,1852.99,1780.48,1833.37,2390879.573
2022-06-03 00:00:00+00:00,1833.37,1843.33,1733.01,1774.15,2363750.458
2022-06-04 00:00:00+00:00,1774.16,1815.48,1747.45,1803.71,1318917.819
2022-06-05 00:00:00+00:00,1803.7,1830.0,1772.19,1805.39,1432385.263
2022-06-06 00:00:00+00:00,1805.4,1919.33,1803.52,1859.11,2917516.33
2022-06-07 00:00:00+00:00,1859.1,1875.0,1722.0,1812.61,4087315.102
2022-06-08 00:00:00+00:00,1812.62,1840.13,1763.87,1791.02,2628755.953
2022-06-09 00:00:00+00:00,1791.01,1832.7,1776.32,1788.03,1839669.689
2022-06-10 00:00:00+00:00,1788.03,1803.82,1650.0,1661.95,3608897.284
2022-06-11 00:00:00+00:00,1661.95,1680.97,1498.93,1532.19,4960438.976
2022-06-12 00:00:00+00:00,1532.19,1548.81,1421.0,1434.35,6016472.456
2022-06-13 00:00:00+00:00,1434.35,1454.58,1162.0,1209.04,17351785.758
2022-06-14 00:00:00+00:00,1209.03,1268.9,1073.0,1208.32,12336657.753
2022-06-15 00:00:00+00:00,1208.32,1249.4,1012.42,1236.49,15639610.636
2022-06-16 00:00:00+00:00,1236.48,1257.29,1050.51,1067.77,8764835.417
2022-06-17 00:00:00+00:00,1067.77,1118.0,1050.0,1085.99,6582676.581
2022-06-18 00:00:00+00:00,1085.99,1097.0,878.04,994.09,11387513.195
2022-06-19 00:00:00+00:00,994.09,1162.98,935.5,1127.88,10406484.218
2022-06-20 00:00:00+00:00,1127.88,1174.0,1052.05,1127.83,8647003.105
2022-06-21 00:00:00+00:00,1127.82,1194.0,1108.63,1125.47,6719191.952
2022-06-22 00:00:00+00:00,1125.47,1126.81,1042.0,1049.4,6439701.679
2022-06-23 00:00:00+00:00,1049.41,1156.01,1044.16,1143.71,5945329.708
2022-06-24 00:00:00+00:00,1143.71,1244.94,1131.36,1224.42,6052742.304
2022-06-25 00:00:00+00:00,1224.42,1258.0,1179.03,1241.6,4537650.045
2022-06-26 00:00:00+00:00,1241.6,1280.0,1193.54,1197.21,4564404.562
2022-06-27 00:00:00+00:00,1197.2,1238.89,1172.14,1191.9,4630510.301
2022-06-28 00:00:00+00:00,1191.89,1239.66,1135.65,1143.5,5830850.719
2022-06-29 00:00:00+00:00,1143.51,1156.76,1085.6,1099.32,6255310.525
2022-06-30 00:00:00+00:00,1099.33,1106.6,995.0,1070.85,8433372.481
2022-07-01 00:00:00+00:00,1070.9,1118.21,1032.65,1059.24,7465681.271
2022-07-02 00:00:00+00:00,1059.16,1078.98,1026.16,1066.53,3974288.532
2022-07-03 00:00:00+00:00,1066.53,1088.0,1040.01,1073.9,3749708.763
2022-07-04 00:00:00+00:00,1073.91,1160.68,1044.33,1150.23,5930747.625
2022-07-05 00:00:00+00:00,1150.23,1176.0,1075.0,1131.8,7139408.684
2022-07-06 00:00:00+00:00,1131.81,1205.45,1111.03,1186.37,6534667.739
2022-07-07 00:00:00+00:00,1186.36,1254.82,1162.93,1236.92,5320583.171
2022-07-08 00:00:00+00:00,1236.91,1277.0,1192.0,1213.53,6498615.367
2022-07-09 00:00:00+00:00,1213.53,1236.87,1203.75,1216.48,2797190.032
2022-07-10 00:00:00+00:00,1216.49,1219.5,1152.0,1167.81,3568244.792
2022-07-11 00:00:00+00:00,1167.81,1170.97,1091.1,1095.95,4532538.359
2022-07-12 00:00:00+00:00,1095.88,1097.51,1032.09,1037.88,5644661.921
2022-07-13 00:00:00+00:00,1037.88,1120.0,1005.0,1114.19,8490574.12
2022-07-14 00:00:00+00:00,1114.18,1216.9,1070.57,1193.01,7455813.799
2022-07-15 00:00:00+00:00,1193.01,1294.99,1180.74,1230.58,7636816.255
2022-07-16 00:00:00+00:00,1230.59,1440.57,1191.41,1355.37,8366413.063
2022-07-17 00:00:00+00:00,1355.38,1387.92,1316.0,1338.27,6374217.855
2022-07-18 00:00:00+00:00,1338.28,1597.19,1335.49,1580.12,9898091.92
2022-07-19 00:00:00+00:00,1580.12,1640.0,1492.57,1541.39,9494246.978
2022-07-20 00:00:00+00:00,1541.4,1620.0,1477.0,1521.34,8184052.839
2022-07-21 00:00:00+00:00,1521.26,1607.0,1462.3,1575.39,7325264.216
2022-07-22 00:00:00+00:00,1575.38,1646.3,1515.75,1534.53,6728238.217
2022-07-23 00:00:00+00:00,1534.53,1596.72,1485.53,1548.01,5150014.938
2022-07-24 00:00:00+00:00,1548.01,1664.9,1543.45,1597.77,6366445.957
2022-07-25 00:00:00+00:00,1597.77,1609.26,1433.2,1440.4,8130738.376
2022-07-26 00:00:00+00:00,1440.4,1455.0,1355.0,1448.27,7673932.806
2022-07-27 00:00:00+00:00,1448.28,1644.66,1420.22,1635.45,9108934.438
2022-07-28 00:00:00+00:00,1635.46,1784.5,1595.0,1723.82,9638750.264
2022-07-29 00:00:00+00:00,1723.83,1766.3,1656.0,1721.85,8322821.761
2022-07-30 00:00:00+00:00,1721.85,1744.0,1671.0,1696.68,4893669.344
2022-07-31 00:00:00+00:00,1696.68,1755.55,1666.0,1677.63,4341013.588
2022-08-01 00:00:00+00:00,1677.63,1704.32,1605.5,1629.45,5621692.061
2022-08-02 00:00:00+00:00,1629.45,1678.0,1557.8,1629.97,8048319.82
2022-08-03 00:00:00+00:00,1629.98,1685.91,1588.5,1617.37,5772165.287
2022-08-04 00:00:00+00:00,1617.37,1664.28,1580.0,1607.2,6186609.903
2022-08-05 00:00:00+00:00,1607.2,1743.4,1605.0,1737.13,7645714.788
2022-08-06 00:00:00+00:00,1737.12,1751.0,1685.03,1689.85,3673770.096
2022-08-07 00:00:00+00:00,1689.84,1729.39,1667.0,1699.25,3426181.998
2022-08-08 00:00:00+00:00,1699.25,1819.78,1693.15,1776.09,6333566.586
2022-08-09 00:00:00+00:00,1776.08,1790.0,1666.05,1702.04,6330296.526
2022-08-10 00:00:00+00:00,1702.04,1886.75,1655.0,1853.24,9215939.763
2022-08-11 00:00:00+00:00,1853.25,1943.0,1849.8,1879.35,7873808.723
2022-08-12 00:00:00+00:00,1879.35,1964.46,1852.0,1957.4,5535344.089
2022-08-13 00:00:00+00:00,1957.4,2019.0,1945.5,1982.8,5390461.793
2022-08-14 00:00:00+00:00,1982.79,2030.0,1905.0,1934.55,4960301.502
2022-08-15 00:00:00+00:00,1934.56,2012.94,1871.0,1898.56,7812767.162
2022-08-16 00:00:00+00:00,1898.55,1915.0,1850.0,1875.78,6218534.016
2022-08-17 00:00:00+00:00,1875.79,1957.7,1818.01,1833.55,8253584.13
2022-08-18 00:00:00+00:00,1833.55,1882.0,1820.11,1845.86,5330045.147
2022-08-19 00:00:00+00:00,1845.86,1847.65,1601.85,1608.29,10707278.713
2022-08-20 00:00:00+00:00,1608.29,1657.0,1520.64,1574.93,7333793.524
2022-08-21 00:00:00+00:00,1574.92,1648.7,1560.0,1617.17,6301946.927
2022-08-22 00:00:00+00:00,1617.17,1629.0,1528.0,1624.02,8702841.846
2022-08-23 00:00:00+00:00,1624.02,1680.0,1562.41,1664.19,8533214.781
2022-08-24 00:00:00+00:00,1664.19,1693.84,1605.0,1655.71,7245610.326
2022-08-25 00:00:00+00:00,1655.71,1722.0,1652.27,1694.16,5903160.698
2022-08-26 00:00:00+00:00,1694.15,1706.0,1485.0,1507.23,12030116.664
2022-08-27 00:00:00+00:00,1507.22,1517.4,1443.4,1490.0,7282986.956
2022-08-28 00:00:00+00:00,1490.0,1510.0,1423.1,1426.3,5691272.507
2022-08-29 00:00:00+00:00,1426.29,1559.79,1420.59,1550.67,9032669.023
2022-08-30 00:00:00+00:00,1550.66,1605.0,1471.92,1523.48,12249570.308
2022-08-31 00:00:00+00:00,1523.49,1621.29,1523.26,1553.04,11937118.009
2022-09-01 00:00:00+00:00,1553.04,1599.0,1505.0,1585.4,9119984.942
2022-09-02 00:00:00+00:00,1585.4,1649.64,1545.0,1574.49,9144439.365
2022-09-03 00:00:00+00:00,1574.49,1582.02,1532.6,1556.41,3937946.105
2022-09-04 00:00:00+00:00,1556.42,1586.0,1539.7,1578.14,3969402.047
2022-09-05 00:00:00+00:00,1578.14,1631.6,1555.72,1616.92,5810610.257
2022-09-06 00:00:00+00:00,1616.93,1686.75,1551.7,1558.23,11076502.23
2022-09-07 00:00:00+00:00,1558.23,1657.6,1486.16,1629.35,9094507.329
2022-09-08 00:00:00+00:00,1629.36,1666.0,1594.0,1634.22,8111052.514
2022-09-09 00:00:00+00:00,1634.23,1746.3,1629.25,1717.48,7591864.92
2022-09-10 00:00:00+00:00,1717.49,1788.98,1705.0,1773.05,4234258.288
2022-09-11 00:00:00+00:00,1773.04,1787.88,1718.02,1765.01,3909495.301
2022-09-12 00:00:00+00:00,1765.0,1783.43,1691.28,1715.14,6512918.389
2022-09-13 00:00:00+00:00,1715.15,1762.88,1556.78,1571.9,9660861.421
2022-09-14 00:00:00+00:00,1571.91,1642.24,1548.0,1635.39,6491665.957
2022-09-15 00:00:00+00:00,1635.4,1657.8,1455.0,1471.93,12706158.928
2022-09-16 00:00:00+00:00,1471.94,1482.65,1403.0,1433.58,8136455.084
2022-09-17 00:00:00+00:00,1433.58,1475.15,1408.15,1467.96,4366994.599
2022-09-18 00:00:00+00:00,1467.96,1469.0,1320.0,1333.67,7139282.229
2022-09-19 00:00:00+00:00,1333.68,1394.0,1276.62,1375.05,10278329.861
2022-09-20 00:00:00+00:00,1375.05,1384.53,1311.0,1322.08,7850914.483
2022-09-21 00:00:00+00:00,1322.09,1420.0,1218.0,1244.19,11244354.459
2022-09-22 00:00:00+00:00,1244.2,1349.84,1235.6,1325.73,9848169.894
2022-09-23 00:00:00+00:00,1325.73,1359.22,1260.75,1326.62,10875882.189
2022-09-24 00:00:00+00:00,1326.62,1348.84,1305.36,1316.19,4603413.868
2022-09-25 00:00:00+00:00,1316.18,1336.92,1268.19,1293.99,4839166.035
2022-09-26 00:00:00+00:00,1293.98,1340.0,1277.55,1335.25,8104991.588
2022-09-27 00:00:00+00:00,1335.25,1400.0,1303.02,1327.19,9686206.927
2022-09-28 00:00:00+00:00,1327.2,1355.76,1250.0,1336.43,10608737.289
2022-09-29 00:00:00+00:00,1336.43,1351.93,1287.24,1334.8,8973401.704
2022-09-30 00:00:00+00:00,1334.8,1373.34,1307.53,1327.78,8510622.642
2022-10-01 00:00:00+00:00,1327.78,1333.38,1301.0,1311.31,2763699.151
2022-10-02 00:00:00+00:00,1311.32,1317.7,1266.66,1275.96,4140053.849
2022-10-03 00:00:00+00:00,1275.95,1329.0,1260.48,1322.59,5798622.25
2022-10-04 00:00:00+00:00,1322.58,1370.0,1318.06,1360.73,5536817.118
2022-10-05 00:00:00+00:00,1360.73,1364.75,1315.27,1351.61,5456174.624
2022-10-06 00:00:00+00:00,1351.6,1383.29,1344.0,1351.5,7101597.575
2022-10-07 00:00:00+00:00,1351.5,1361.21,1316.22,1330.41,5119226.33
2022-10-08 00:00:00+00:00,1330.42,1337.19,1302.0,1314.74,2182988.071
2022-10-09 00:00:00+00:00,1314.75,1328.72,1306.41,1322.61,2303208.579
2022-10-10 00:00:00+00:00,1322.6,1337.93,1284.38,1289.56,4968203.961
2022-10-11 00:00:00+00:00,1289.57,1297.7,1265.0,1279.68,5514583.049
2022-10-12 00:00:00+00:00,1279.67,1306.6,1274.35,1294.02,4405169.271
2022-10-13 00:00:00+00:00,1294.02,1301.0,1176.0,1286.38,10523564.637
2022-10-14 00:00:00+00:00,1286.38,1343.36,1282.74,1295.35,7171699.686
2022-10-15 00:00:00+00:00,1295.34,1301.32,1262.12,1274.13,3049822.11
2022-10-16 00:00:00+00:00,1274.12,1315.0,1273.98,1305.51,3282852.856
2022-10-17 00:00:00+00:00,1305.52,1338.16,1295.0,1330.62,5154706.89
2022-10-18 00:00:00+00:00,1330.62,1342.0,1285.11,1309.93,6506270.391
2022-10-19 00:00:00+00:00,1309.93,1312.78,1275.56,1284.45,4389238.836
2022-10-20 00:00:00+00:00,1284.45,1310.0,1270.0,1282.2,5294962.986
2022-10-21 00:00:00+00:00,1282.19,1307.0,1248.0,1299.08,6030198.052
2022-10-22 00:00:00+00:00,1299.08,1320.0,1293.67,1313.19,2486638.762
2022-10-23 00:00:00+00:00,1313.18,1371.0,1298.22,1363.44,3682722.299
2022-10-24 00:00:00+00:00,1363.43,1370.4,1322.25,1342.72,5502275.006
2022-10-25 00:00:00+00:00,1342.73,1533.68,1334.16,1459.2,11473585.177
2022-10-26 00:00:00+00:00,1459.19,1595.0,1456.69,1565.45,10817326.89
2022-10-27 00:00:00+00:00,1565.45,1588.0,1500.46,1513.7,8021549.342
2022-10-28 00:00:00+00:00,1513.7,1574.8,1475.0,1553.79,7430625.343
2022-10-29 00:00:00+00:00,1553.8,1665.0,1546.71,1618.82,7454042.474
2022-10-30 00:00:00+00:00,1618.82,1639.87,1574.6,1589.89,3955450.865
2022-10-31 00:00:00+00:00,1589.88,1634.93,1543.72,1572.01,7113753.83
2022-11-01 00:00:00+00:00,1572.0,1613.0,1562.7,1577.88,4495232.885
2022-11-02 00:00:00+00:00,1577.88,1622.5,1501.0,1517.26,8956953.565
2022-11-03 00:00:00+00:00,1517.26,1558.14,1514.07,1530.27,4820992.806
2022-11-04 00:00:00+00:00,1530.27,1679.4,1527.78,1644.09,8773312.803
2022-11-05 00:00:00+00:00,1644.08,1666.8,1620.1,1626.11,3007552.195
2022-11-06 00:00:00+00:00,1626.11,1638.5,1561.32,1567.42,3810965.466
2022-11-07 00:00:00+00:00,1567.42,1608.0,1544.94,1567.52,6311427.259
2022-11-08 00:00:00+00:00,1567.52,1580.54,1195.22,1333.4,20492980.873
2022-11-09 00:00:00+00:00,1333.4,1336.47,1071.14,1101.49,23279890.038
2022-11-10 00:00:00+00:00,1101.53,1350.0,1083.77,1298.21,15328692.985
2022-11-11 00:00:00+00:00,1298.3,1309.88,1199.57,1288.64,11730741.022
2022-11-12 00:00:00+00:00,1288.67,1291.69,1238.0,1256.82,4582467.37
2022-11-13 00:00:00+00:00,1256.85,1273.91,1200.0,1220.78,4739475.303
2022-11-14 00:00:00+00:00,1220.78,1290.0,1170.5,1242.89,9479256.426
2022-11-15 00:00:00+00:00,1242.9,1292.0,1232.52,1252.81,6157353.578
2022-11-16 00:00:00+00:00,1252.8,1268.2,1185.59,1215.78,6410929.265
2022-11-17 00:00:00+00:00,1215.72,1228.92,1181.0,1199.7,5819726.225
2022-11-18 00:00:00+00:00,1199.7,1235.0,1198.48,1212.04,3844518.715
2022-11-19 00:00:00+00:00,1212.05,1233.66,1196.0,1216.91,2150246.728
2022-11-20 00:00:00+00:00,1216.9,1226.5,1131.6,1141.57,5200695.873
2022-11-21 00:00:00+00:00,1141.53,1147.03,1077.32,1106.95,9738564.67
2022-11-22 00:00:00+00:00,1106.94,1142.96,1071.52,1139.11,7509599.62
2022-11-23 00:00:00+00:00,1139.11,1190.0,1127.01,1183.83,6642657.893
2022-11-24 00:00:00+00:00,1183.84,1216.71,1179.72,1202.92,5188015.378
2022-11-25 00:00:00+00:00,1202.93,1209.27,1170.99,1198.55,4268310.488
2022-11-26 00:00:00+00:00,1198.55,1238.0,1195.08,1204.84,3881430.501
2022-11-27 00:00:00+00:00,1205.0,1222.91,1186.58,1193.26,2990387.752
2022-11-28 00:00:00+00:00,1193.25,1198.8,1150.25,1167.21,5581193.574
2022-11-29 00:00:00+00:00,1167.2,1228.75,1156.06,1215.74,5916426.621
2022-11-30 00:00:00+00:00,1215.75,1312.99,1211.53,1294.02,6987495.376
2022-12-01 00:00:00+00:00,1294.09,1300.51,1262.0,1275.7,4742584.148
2022-12-02 00:00:00+00:00,1275.7,1297.24,1264.43,1295.0,4241223.544
2022-12-03 00:00:00+00:00,1294.99,1312.0,1235.17,1239.76,3733284.723
2022-12-04 00:00:00+00:00,1239.76,1287.99,1239.13,1278.82,3873239.959
2022-12-05 00:00:00+00:00,1278.82,1304.98,1246.0,1258.66,5401461.11
2022-12-06 00:00:00+00:00,1258.67,1274.42,1240.55,1270.72,4094634.401
2022-12-07 00:00:00+00:00,1270.72,1278.3,1217.02,1230.83,4598453.506
2022-12-08 00:00:00+00:00,1230.78,1294.31,1221.0,1279.73,5403214.246
2022-12-09 00:00:00+00:00,1279.72,1297.63,1254.0,1262.31,4410565.839
2022-12-10 00:00:00+00:00,1262.31,1283.92,1258.58,1265.88,2219440.107
2022-12-11 00:00:00+00:00,1265.87,1284.9,1255.0,1262.43,2427305.929
2022-12-12 00:00:00+00:00,1262.43,1278.83,1238.5,1274.88,4101114.474
2022-12-13 00:00:00+00:00,1274.89,1350.0,1254.32,1321.06,7377534.339
2022-12-14 00:00:00+00:00,1321.05,1354.4,1300.17,1307.76,5647195.942
2022-12-15 00:00:00+00:00,1307.76,1311.86,1256.1,1266.26,4199459.837
2022-12-16 00:00:00+00:00,1266.26,1279.76,1154.7,1166.2,7218530.189
2022-12-17 00:00:00+00:00,1166.19,1190.0,1161.07,1186.45,3336484.36
2022-12-18 00:00:00+00:00,1186.44,1196.0,1171.12,1182.45,2877052.211
2022-12-19 00:00:00+00:00,1182.45,1194.86,1148.0,1167.21,4295030.572
2022-12-20 00:00:00+00:00,1167.21,1232.0,1162.5,1216.21,5778341.186
2022-12-21 00:00:00+00:00,1216.22,1226.0,1202.06,1213.21,2943786.951
2022-12-22 00:00:00+00:00,1213.21,1239.99,1182.0,1217.39,4400633.138
2022-12-23 00:00:00+00:00,1217.38,1234.25,1208.33,1219.5,3311152.464
2022-12-24 00:00:00+00:00,1219.5,1229.0,1214.0,1219.96,1200985.985
2022-12-25 00:00:00+00:00,1219.96,1225.0,1187.54,1217.96,2475907.604
2022-12-26 00:00:00+00:00,1217.97,1231.49,1210.0,1227.57,1928492.812
2022-12-27 00:00:00+00:00,1227.57,1233.97,1200.0,1211.29,3078179.63
2022-12-28 00:00:00+00:00,1211.29,1215.42,1177.5,1189.93,4121050.599
2022-12-29 00:00:00+00:00,1189.94,1207.97,1186.24,1200.35,3022857.135
2022-12-30 00:00:00+00:00,1200.36,1203.0,1180.0,1199.66,2868990.449
2022-12-31 00:00:00+00:00,1199.67,1209.0,1190.26,1196.1,1688387.94
2023-01-01 00:00:00+00:00,1196.1,1204.79,1190.8,1199.96,1381763.488
2023-01-02 00:00:00+00:00,1199.96,1225.0,1191.5,1213.23,2831791.319
2023-01-03 00:00:00+00:00,1213.24,1219.5,1203.05,1214.23,2418195.012
2023-01-04 00:00:00+00:00,1214.22,1275.0,1212.16,1256.39,5329817.195
2023-01-05 00:00:00+00:00,1256.39,1260.0,1242.22,1251.08,2662864.999
2023-01-06 00:00:00+00:00,1251.08,1277.77,1233.0,1268.54,4156167.363
2023-01-07 00:00:00+00:00,1268.54,1270.66,1260.53,1263.65,1186947.058
2023-01-08 00:00:00+00:00,1263.64,1296.0,1256.3,1289.65,2415068.332
2023-01-09 00:00:00+00:00,1289.64,1345.0,1284.81,1320.32,6326600.832
2023-01-10 00:00:00+00:00,1320.32,1348.7,1316.74,1335.3,3653151.641
2023-01-11 00:00:00+00:00,1335.29,1400.0,1319.52,1389.26,4603732.161
2023-01-12 00:00:00+00:00,1389.25,1439.36,1358.0,1415.84,8272496.444
2023-01-13 00:00:00+00:00,1415.85,1465.49,1400.7,1450.94,5096738.5
2023-01-14 00:00:00+00:00,1450.95,1644.92,1448.7,1550.27,7348877.264
2023-01-15 00:00:00+00:00,1550.27,1570.0,1516.02,1553.47,3651240.364
2023-01-16 00:00:00+00:00,1553.48,1610.5,1520.0,1577.11,5395191.668
2023-01-17 00:00:00+00:00,1577.25,1609.0,1540.0,1565.84,4580613.258
2023-01-18 00:00:00+00:00,1565.83,1614.6,1501.21,1511.66,6932415.112
2023-01-19 00:00:00+00:00,1511.6,1565.0,1509.87,1551.11,3660939.013
2023-01-20 00:00:00+00:00,1551.11,1680.0,1541.6,1659.01,5324812.863
2023-01-21 00:00:00+00:00,1659.01,1682.44,1615.3,1627.63,4643566.522
2023-01-22 00:00:00+00:00,1627.63,1666.0,1603.39,1628.14,3827578.409
2023-01-23 00:00:00+00:00,1628.13,1650.0,1585.21,1626.9,3969684.229
2023-01-24 00:00:00+00:00,1626.9,1641.89,1530.0,1555.99,4505754.932
2023-01-25 00:00:00+00:00,1556.0,1641.18,1512.3,1611.41,6003304.445
2023-01-26 00:00:00+00:00,1611.44,1633.0,1575.66,1600.69,4235877.329
2023-01-27 00:00:00+00:00,1600.69,1621.46,1551.1,1597.08,4349734.136
2023-01-28 00:00:00+00:00,1597.08,1606.66,1555.0,1571.52,2478890.254
2023-01-29 00:00:00+00:00,1571.52,1663.68,1565.98,1645.67,5099573.535
2023-01-30 00:00:00+00:00,1645.67,1648.49,1529.04,1565.92,5031935.997
2023-01-31 00:00:00+00:00,1565.93,1605.67,1561.04,1585.02,3444437.709
2023-02-01 00:00:00+00:00,1585.02,1648.76,1554.57,1641.8,5095996.279
2023-02-02 00:00:00+00:00,1641.81,1717.0,1625.0,1643.81,6256821.466
2023-02-03 00:00:00+00:00,1643.82,1677.0,1622.0,1663.68,4613666.206
2023-02-04 00:00:00+00:00,1663.69,1696.99,1645.0,1666.44,2708043.817
2023-02-05 00:00:00+00:00,1666.44,1674.59,1608.0,1628.98,3600230.231
2023-02-06 00:00:00+00:00,1628.98,1659.0,1602.0,1613.9,3905639.202
2023-02-07 00:00:00+00:00,1613.89,1679.03,1612.49,1670.51,4525016.709
2023-02-08 00:00:00+00:00,1670.5,1699.0,1631.0,1650.26,4145086.428
2023-02-09 00:00:00+00:00,1650.26,1656.2,1522.0,1544.68,6604140.847
2023-02-10 00:00:00+00:00,1544.67,1554.0,1486.28,1512.26,4905464.68
2023-02-11 00:00:00+00:00,1512.25,1542.82,1502.83,1537.65,2103873.253
2023-02-12 00:00:00+00:00,1537.64,1547.7,1491.0,1514.49,2649623.411
2023-02-13 00:00:00+00:00,1514.48,1526.1,1460.0,1504.85,5918159.268
2023-02-14 00:00:00+00:00,1504.86,1568.98,1470.0,1554.94,6535322.162
2023-02-15 00:00:00+00:00,1554.94,1684.1,1541.77,1675.0,5965469.291
2023-02-16 00:00:00+00:00,1674.99,1744.5,1634.02,1639.0,7811713.183
2023-02-17 00:00:00+00:00,1638.99,1722.62,1631.31,1694.12,5957429.029
2023-02-18 00:00:00+00:00,1694.1,1715.0,1679.13,1691.66,2188299.314
2023-02-19 00:00:00+00:00,1691.65,1729.58,1666.0,1680.31,3595633.465
2023-02-20 00:00:00+00:00,1680.46,1720.39,1650.0,1703.7,4212950.942
2023-02-21 00:00:00+00:00,1703.71,1716.99,1635.0,1659.2,4978504.599
2023-02-22 00:00:00+00:00,1659.2,1667.62,1591.17,1642.01,5674489.615
2023-02-23 00:00:00+00:00,1642.01,1678.56,1627.64,1649.69,5209103.366
2023-02-24 00:00:00+00:00,1649.68,1664.44,1572.0,1607.12,5126530.811
2023-02-25 00:00:00+00:00,1607.11,1608.34,1556.08,1593.59,2522137.13
2023-02-26 00:00:00+00:00,1593.6,1652.91,1586.35,1640.49,2823827.922
2023-02-27 00:00:00+00:00,1640.51,1664.97,1606.71,1632.6,4195083.677
2023-02-28 00:00:00+00:00,1632.61,1646.99,1595.0,1604.72,3664338.319
2023-03-01 00:00:00+00:00,1604.73,1670.0,1593.03,1664.46,4455452.375
2023-03-02 00:00:00+00:00,1664.47,1677.74,1617.83,1647.29,3990138.366
2023-03-03 00:00:00+00:00,1647.29,1648.78,1534.85,1568.86,5211938.594
2023-03-04 00:00:00+00:00,1568.85,1577.0,1548.0,1566.05,1814800.844
2023-03-05 00:00:00+00:00,1566.05,1588.08,1552.07,1564.06,2504148.446
2023-03-06 00:00:00+00:00,1564.06,1583.19,1553.29,1565.17,2751818.445
2023-03-07 00:00:00+00:00,1565.17,1584.0,1524.0,1561.29,4147930.855
2023-03-08 00:00:00+00:00,1561.3,1570.0,1520.0,1531.82,3963442.596
2023-03-09 00:00:00+00:00,1531.81,1545.78,1402.8,1436.42,6580693.11
2023-03-10 00:00:00+00:00,1436.42,1438.17,1367.51,1425.79,9938476.933
2023-03-11 00:00:00+00:00,1425.8,1478.0,1407.48,1471.03,7155608.693
2023-03-12 00:00:00+00:00,1471.03,1597.29,1446.65,1579.26,6809861.012
2023-03-13 00:00:00+00:00,1579.26,1700.0,1564.18,1673.9,9437876.215
2023-03-14 00:00:00+00:00,1673.91,1779.05,1655.0,1699.93,9038833.861
2023-03-15 00:00:00+00:00,1699.93,1718.34,1611.63,1649.81,7616093.701
2023-03-16 00:00:00+00:00,1649.82,1693.0,1632.0,1672.56,4599500.477
2023-03-17 00:00:00+00:00,1672.57,1801.22,1661.57,1789.21,6694758.759
2023-03-18 00:00:00+00:00,1789.21,1846.15,1745.0,1758.52,5475097.503
2023-03-19 00:00:00+00:00,1758.52,1841.96,1757.8,1779.99,4626069.971
2023-03-20 00:00:00+00:00,1779.98,1803.37,1722.1,1731.71,5373050.445
2023-03-21 00:00:00+00:00,1731.71,1836.0,1716.0,1800.14,5619744.412
2023-03-22 00:00:00+00:00,1800.13,1819.4,1709.0,1733.61,6034436.316
2023-03-23 00:00:00+00:00,1733.61,1860.0,1728.5,1813.27,5198586.173
2023-03-24 00:00:00+00:00,1813.26,1818.17,1720.0,1748.77,4912493.752
2023-03-25 00:00:00+00:00,1748.77,1763.7,1712.02,1741.02,2338463.552
2023-03-26 00:00:00+00:00,1741.02,1800.0,1738.29,1772.63,2889759.744
2023-03-27 00:00:00+00:00,1772.63,1779.79,1684.0,1714.35,4306582.468
2023-03-28 00:00:00+00:00,1714.34,1797.19,1700.55,1772.09,4167114.123
2023-03-29 00:00:00+00:00,1772.11,1828.58,1771.66,1791.89,3725356.756
2023-03-30 00:00:00+00:00,1791.89,1829.88,1760.84,1792.77,4163974.718
2023-03-31 00:00:00+00:00,1792.76,1848.0,1777.0,1820.81,3958210.583
2023-04-01 00:00:00+00:00,1820.81,1842.8,1805.5,1819.82,1675351.82
2023-04-02 00:00:00+00:00,1819.83,1824.6,1770.0,1793.56,2192606.026
2023-04-03 00:00:00+00:00,1793.55,1840.0,1761.25,1809.68,4518659.82
2023-04-04 00:00:00+00:00,1809.68,1895.0,1800.69,1869.11,4275707.73
2023-04-05 00:00:00+00:00,1869.11,1945.0,1863.69,1907.48,4197070.072
2023-04-06 00:00:00+00:00,1907.49,1908.84,1851.6,1871.33,3037614.773
2023-04-07 00:00:00+00:00,1871.34,1881.94,1840.0,1862.87,2094298.392
2023-04-08 00:00:00+00:00,1862.88,1878.81,1846.0,1848.02,1433874.915
2023-04-09 00:00:00+00:00,1848.01,1873.7,1820.31,1857.84,2391096.749
2023-04-10 00:00:00+00:00,1857.84,1919.12,1845.04,1908.9,3082285.12
2023-04-11 00:00:00+00:00,1908.91,1938.0,1880.67,1888.89,3135834.566
2023-04-12 00:00:00+00:00,1888.89,1933.0,1850.38,1916.86,5177985.751
2023-04-13 00:00:00+00:00,1916.86,2025.0,1898.01,2011.8,5944851.519
2023-04-14 00:00:00+00:00,2011.8,2137.64,2009.0,2099.77,6908499.4
2023-04-15 00:00:00+00:00,2099.77,2113.28,2071.0,2091.2,2619968.921
2023-04-16 00:00:00+00:00,2091.2,2146.1,2072.4,2118.09,2905235.978
2023-04-17 00:00:00+00:00,2118.09,2120.64,2055.5,2074.49,3410289.359
2023-04-18 00:00:00+00:00,2074.49,2126.63,2047.64,2103.29,3542599.96
2023-04-19 00:00:00+00:00,2103.29,2104.61,1921.0,1932.83,5712106.365
2023-04-20 00:00:00+00:00,1932.83,1983.22,1905.75,1942.11,4486102.176
2023-04-21 00:00:00+00:00,1942.1,1956.82,1822.01,1848.0,5520829.389
2023-04-22 00:00:00+00:00,1848.01,1886.5,1839.26,1873.39,2233900.931
2023-04-23 00:00:00+00:00,1873.4,1882.11,1833.3,1861.3,2624859.049
2023-04-24 00:00:00+00:00,1861.3,1891.3,1806.0,1841.19,4637382.676
2023-04-25 00:00:00+00:00,1841.19,1877.6,1797.98,1865.4,4166439.286
2023-04-26 00:00:00+00:00,1865.4,1964.7,1782.03,1865.02,7328089.271
2023-04-27 00:00:00+00:00,1865.03,1939.4,1858.55,1907.67,5486808.619
2023-04-28 00:00:00+00:00,1907.68,1923.63,1873.0,1890.13,3142216.755
2023-04-29 00:00:00+00:00,1890.13,1917.27,1881.1,1907.01,1593882.469
2023-04-30 00:00:00+00:00,1907.01,1940.0,1863.9,1868.41,2977980.167
2023-05-01 00:00:00+00:00,1868.41,1885.56,1805.28,1829.97,3740379.561
2023-05-02 00:00:00+00:00,1829.97,1882.6,1821.25,1869.2,3065412.118
2023-05-03 00:00:00+00:00,1869.21,1917.29,1841.71,1904.74,4144638.549
2023-05-04 00:00:00+00:00,1904.74,1918.61,1865.72,1876.13,2639262.752
2023-05-05 00:00:00+00:00,1876.14,2004.99,1874.8,1992.56,5053850.5
2023-05-06 00:00:00+00:00,1992.55,2023.66,1850.0,1895.29,4880833.923
2023-05-07 00:00:00+00:00,1895.3,1933.0,1865.32,1869.5,3198475.667
2023-05-08 00:00:00+00:00,1869.51,1883.17,1810.0,1846.54,4905366.653
2023-05-09 00:00:00+00:00,1846.54,1863.0,1830.05,1845.8,2509784.607
2023-05-10 00:00:00+00:00,1845.8,1887.0,1785.74,1839.86,4903103.427
2023-05-11 00:00:00+00:00,1839.86,1841.54,1768.42,1793.24,4005939.727
2023-05-12 00:00:00+00:00,1793.25,1820.0,1735.37,1806.53,4274267.712
2023-05-13 00:00:00+00:00,1806.53,1816.24,1784.0,1794.44,1794108.348
2023-05-14 00:00:00+00:00,1794.44,1825.27,1789.41,1798.25,2065119.626
2023-05-15 00:00:00+00:00,1798.26,1848.0,1783.51,1815.56,3062945.098
2023-05-16 00:00:00+00:00,1815.56,1832.93,1795.0,1823.53,2559941.664
2023-05-17 00:00:00+00:00,1823.52,1837.85,1781.0,1821.65,3158227.207
2023-05-18 00:00:00+00:00,1821.65,1831.46,1770.0,1799.69,3046459.303
2023-05-19 00:00:00+00:00,1799.69,1830.0,1795.72,1811.38,2142895.0
2023-05-20 00:00:00+00:00,1811.38,1828.88,1805.96,1818.59,1031296.976
2023-05-21 00:00:00+00:00,1818.59,1828.91,1794.45,1803.89,1397629.152
2023-05-22 00:00:00+00:00,1803.9,1827.99,1790.76,1816.67,2270653.543
2023-05-23 00:00:00+00:00,1816.68,1874.23,1814.25,1853.36,2935200.681
2023-05-24 00:00:00+00:00,1853.37,1853.5,1775.0,1798.84,3607753.797
2023-05-25 00:00:00+00:00,1798.84,1819.93,1758.0,1804.65,2893039.67
2023-05-26 00:00:00+00:00,1804.65,1837.93,1795.99,1826.81,2175357.921
2023-05-27 00:00:00+00:00,1826.81,1835.7,1810.63,1828.85,1194937.504
2023-05-28 00:00:00+00:00,1828.85,1930.0,1822.31,1908.36,2905772.688
2023-05-29 00:00:00+00:00,1908.36,1928.2,1872.0,1891.5,2477917.179
2023-05-30 00:00:00+00:00,1891.51,1917.0,1880.02,1899.81,2207189.76
2023-05-31 00:00:00+00:00,1899.81,1906.57,1845.0,1872.84,2656970.771
2023-06-01 00:00:00+00:00,1872.85,1889.61,1837.94,1860.59,2605797.159
2023-06-02 00:00:00+00:00,1860.59,1911.0,1846.0,1905.58,2646266.39
2023-06-03 00:00:00+00:00,1905.59,1907.09,1878.5,1890.91,1280350.751
2023-06-04 00:00:00+00:00,1890.9,1914.53,1883.19,1888.54,1547682.823
2023-06-05 00:00:00+00:00,1888.54,1890.01,1775.0,1810.03,4257292.031
2023-06-06 00:00:00+00:00,1810.03,1898.0,1796.0,1883.26,4333156.268
2023-06-07 00:00:00+00:00,1883.26,1897.2,1820.0,1831.31,3703943.621
2023-06-08 00:00:00+00:00,1831.32,1861.41,1827.42,1844.94,1833404.039
2023-06-09 00:00:00+00:00,1844.93,1854.77,1825.0,1839.61,1930535.751
2023-06-10 00:00:00+00:00,1839.61,1844.8,1712.08,1750.64,5551171.332
2023-06-11 00:00:00+00:00,1750.65,1778.36,1737.29,1751.8,2030813.582
2023-06-12 00:00:00+00:00,1751.8,1759.32,1717.5,1741.61,2615423.791
2023-06-13 00:00:00+00:00,1741.6,1766.53,1722.53,1739.24,2978916.867
2023-06-14 00:00:00+00:00,1739.24,1749.65,1625.5,1650.18,3962845.762
2023-06-15 00:00:00+00:00,1650.19,1680.0,1625.56,1665.64,3284979.384
2023-06-16 00:00:00+00:00,1665.64,1730.0,1644.65,1717.31,3099475.105
2023-06-17 00:00:00+00:00,1717.31,1775.0,1713.38,1727.2,2161730.858
2023-06-18 00:00:00+00:00,1727.19,1747.5,1710.77,1719.99,1638597.358
2023-06-19 00:00:00+00:00,1719.99,1753.0,1689.29,1736.21,2591602.407
2023-06-20 00:00:00+00:00,1736.2,1796.84,1713.57,1791.37,3466422.973
2023-06-21 00:00:00+00:00,1791.37,1901.6,1786.56,1888.31,5330798.831
2023-06-22 00:00:00+00:00,1888.3,1933.7,1862.0,1871.36,3137860.418
2023-06-23 00:00:00+00:00,1871.37,1938.48,1859.96,1892.2,3405962.433
2023-06-24 00:00:00+00:00,1892.2,1905.6,1863.0,1874.48,1763224.894
2023-06-25 00:00:00+00:00,1874.47,1929.96,1867.84,1898.27,2781158.136
2023-06-26 00:00:00+00:00,1898.26,1909.32,1836.0,1858.14,3400509.135
2023-06-27 00:00:00+00:00,1858.14,1912.65,1854.14,1889.05,2829280.124
2023-06-28 00:00:00+00:00,1889.05,1889.65,1811.89,1827.26,3088158.07
2023-06-29 00:00:00+00:00,1827.26,1879.98,1827.02,1851.19,2244626.491
2023-06-30 00:00:00+00:00,1851.18,1947.31,1820.0,1933.41,5961506.278
2023-07-01 00:00:00+00:00,1933.42,1944.69,1908.55,1924.08,1584006.709
2023-07-02 00:00:00+00:00,1924.08,1964.0,1883.55,1937.69,2602287.765
2023-07-03 00:00:00+00:00,1937.69,1978.0,1933.04,1955.0,2783862.146
2023-07-04 00:00:00+00:00,1955.0,1967.91,1930.37,1935.72,1913551.422
2023-07-05 00:00:00+00:00,1935.72,1942.22,1892.9,1909.88,2290593.319
2023-07-06 00:00:00+00:00,1909.88,1957.94,1844.47,1844.82,4219617.366
2023-07-07 00:00:00+00:00,1844.81,1877.51,1823.74,1870.0,2150375.881
2023-07-08 00:00:00+00:00,1870.0,1873.1,1841.28,1864.45,1144653.748
2023-07-09 00:00:00+00:00,1864.45,1878.98,1855.2,1861.81,1315813.529
2023-07-10 00:00:00+00:00,1861.81,1904.96,1845.09,1879.34,2457486.761
2023-07-11 00:00:00+00:00,1879.35,1892.32,1861.1,1877.66,1690867.909
2023-07-12 00:00:00+00:00,1877.66,1901.86,1863.15,1870.81,2514859.274
2023-07-13 00:00:00+00:00,1870.82,2014.8,1861.59,2004.78,5072952.783
2023-07-14 00:00:00+00:00,2004.77,2031.28,1896.8,1936.74,4202754.58
2023-07-15 00:00:00+00:00,1936.74,1945.89,1925.54,1930.4,1111948.993
2023-07-16 00:00:00+00:00,1930.4,1942.78,1912.09,1920.97,1270216.239
2023-07-17 00:00:00+00:00,1920.97,1935.45,1872.0,1910.37,2551243.537
2023-07-18 00:00:00+00:00,1910.37,1916.62,1875.0,1896.46,1989216.045
2023-07-19 00:00:00+00:00,1896.47,1925.0,1881.0,1887.55,2046151.353
2023-07-20 00:00:00+00:00,1887.55,1928.81,1875.6,1890.56,2682007.64
2023-07-21 00:00:00+00:00,1890.56,1905.97,1883.42,1890.84,1423334.683
2023-07-22 00:00:00+00:00,1890.84,1896.85,1835.39,1865.6,1146954.994
2023-07-23 00:00:00+00:00,1865.6,1904.57,1856.68,1887.86,1545904.444
2023-07-24 00:00:00+00:00,1887.85,1890.2,1829.0,1849.04,2113287.416
2023-07-25 00:00:00+00:00,1849.04,1868.54,1844.5,1856.91,1320722.986
2023-07-26 00:00:00+00:00,1856.91,1887.79,1846.9,1870.98,1946701.756
2023-07-27 00:00:00+00:00,1870.97,1885.57,1854.0,1860.28,1593279.389
2023-07-28 00:00:00+00:00,1860.29,1883.76,1855.57,1873.39,1378048.23
2023-07-29 00:00:00+00:00,1873.38,1886.19,1868.56,1879.85,749505.043
2023-07-30 00:00:00+00:00,1879.86,1885.0,1845.56,1860.76,1386061.233
2023-07-31 00:00:00+00:00,1860.77,1876.73,1850.08,1855.39,1421399.856
2023-08-01 00:00:00+00:00,1855.4,1875.87,1808.47,1873.05,2857111.757
2023-08-02 00:00:00+00:00,1873.06,1879.27,1820.0,1839.07,2433052.599
2023-08-03 00:00:00+00:00,1839.07,1858.9,1825.0,1834.69,1708783.419
2023-08-04 00:00:00+00:00,1834.69,1851.0,1808.77,1829.4,1914149.705
2023-08-05 00:00:00+00:00,1829.4,1838.62,1826.7,1835.5,649573.659
2023-08-06 00:00:00+00:00,1835.5,1838.6,1825.0,1829.38,804165.426
2023-08-07 00:00:00+00:00,1829.39,1846.86,1800.0,1828.18,2235036.668
2023-08-08 00:00:00+00:00,1828.18,1878.0,1825.35,1855.36,2299167.676
2023-08-09 00:00:00+00:00,1855.36,1871.28,1845.18,1854.7,1405393.116
2023-08-10 00:00:00+00:00,1854.69,1865.38,1844.81,1851.42,1190359.595
2023-08-11 00:00:00+00:00,1851.43,1857.99,1834.52,1848.04,1079579.87
2023-08-12 00:00:00+00:00,1848.04,1853.02,1845.35,1849.14,450661.209
2023-08-13 00:00:00+00:00,1849.14,1861.93,1833.4,1840.09,841324.653
2023-08-14 00:00:00+00:00,1840.09,1855.86,1834.28,1844.81,1283582.445
2023-08-15 00:00:00+00:00,1844.8,1846.75,1810.92,1828.28,1212865.745
2023-08-16 00:00:00+00:00,1828.27,1830.87,1791.11,1807.19,1557481.275
2023-08-17 00:00:00+00:00,1807.19,1809.66,1492.66,1681.0,5897283.822
2023-08-18 00:00:00+00:00,1681.0,1698.98,1638.48,1660.76,2961785.532
2023-08-19 00:00:00+00:00,1660.76,1696.14,1653.36,1668.69,1374954.312
2023-08-20 00:00:00+00:00,1668.7,1694.36,1660.22,1684.16,1165848.58
2023-08-21 00:00:00+00:00,1684.15,1687.78,1647.22,1666.79,1716607.681
2023-08-22 00:00:00+00:00,1666.8,1668.57,1575.0,1634.5,2628650.16
2023-08-23 00:00:00+00:00,1634.49,1703.85,1628.5,1678.8,2809971.177
2023-08-24 00:00:00+00:00,1678.79,1682.88,1631.66,1660.22,1739875.239
2023-08-25 00:00:00+00:00,1660.23,1676.73,1634.43,1653.24,1842552.274
2023-08-26 00:00:00+00:00,1653.25,1654.77,1643.01,1646.28,499811.129
2023-08-27 00:00:00+00:00,1646.29,1659.57,1645.38,1657.59,657340.273
2023-08-28 00:00:00+00:00,1657.59,1663.88,1618.0,1652.51,1672402.974
2023-08-29 00:00:00+00:00,1652.5,1747.15,1639.01,1728.51,3479356.341
2023-08-30 00:00:00+00:00,1728.52,1730.37,1688.0,1704.39,1539234.041
2023-08-31 00:00:00+00:00,1704.39,1730.0,1628.3,1645.27,2488894.539
2023-09-01 00:00:00+00:00,1645.26,1653.89,1601.22,1628.19,2089554.942
2023-09-02 00:00:00+00:00,1628.2,1644.99,1627.05,1636.24,754625.922
2023-09-03 00:00:00+00:00,1636.24,1648.24,1623.93,1635.02,838943.974
2023-09-04 00:00:00+00:00,1635.03,1644.5,1614.76,1630.09,1087824.165
2023-09-05 00:00:00+00:00,1630.08,1648.0,1608.45,1633.63,1444381.953
2023-09-06 00:00:00+00:00,1633.63,1680.0,1606.74,1632.33,1835281.753
2023-09-07 00:00:00+00:00,1632.33,1659.7,1622.61,1647.27,1570880.608
2023-09-08 00:00:00+00:00,1647.25,1658.77,1615.0,1635.78,1482115.785
2023-09-09 00:00:00+00:00,1635.77,1636.92,1629.0,1634.8,411166.927
2023-09-10 00:00:00+00:00,1634.81,1635.05,1590.0,1616.47,1532646.839
2023-09-11 00:00:00+00:00,1616.46,1618.35,1528.61,1551.03,3273332.648
2023-09-12 00:00:00+00:00,1551.02,1626.78,1548.7,1592.29,2987142.357
2023-09-13 00:00:00+00:00,1592.29,1620.0,1580.46,1606.68,1869877.516
2023-09-14 00:00:00+00:00,1606.69,1644.45,1606.02,1625.65,2118267.271
2023-09-15 00:00:00+00:00,1625.65,1653.91,1610.0,1640.67,1426966.202
2023-09-16 00:00:00+00:00,1640.66,1652.97,1630.37,1633.68,778800.039
2023-09-17 00:00:00+00:00,1633.68,1634.43,1610.81,1621.62,946075.604
2023-09-18 00:00:00+00:00,1621.63,1668.64,1598.58,1635.63,2369929.712
2023-09-19 00:00:00+00:00,1635.63,1660.69,1625.02,1642.49,1776617.676
2023-09-20 00:00:00+00:00,1642.48,1648.68,1602.0,1621.6,1872818.8
2023-09-21 00:00:00+00:00,1621.6,1624.81,1565.5,1583.0,2049732.627
2023-09-22 00:00:00+00:00,1583.0,1602.28,1575.46,1592.28,1121431.042
2023-09-23 00:00:00+00:00,1592.28,1597.6,1586.53,1592.97,512678.235
2023-09-24 00:00:00+00:00,1592.97,1600.95,1568.28,1579.99,884404.712
2023-09-25 00:00:00+00:00,1579.99,1597.13,1562.0,1587.69,1624097.779
2023-09-26 00:00:00+00:00,1587.68,1599.4,1578.61,1593.3,1186689.092
2023-09-27 00:00:00+00:00,1593.3,1633.98,1582.64,1597.89,2305835.91
2023-09-28 00:00:00+00:00,1597.89,1668.0,1597.17,1652.13,2832920.096
2023-09-29 00:00:00+00:00,1652.13,1687.65,1647.5,1666.61,1996104.505
2023-09-30 00:00:00+00:00,1666.61,1694.11,1665.27,1670.18,1063587.313
2023-10-01 00:00:00+00:00,1670.17,1780.0,1666.69,1733.39,1762739.428
2023-10-02 00:00:00+00:00,1733.4,1743.99,1619.99,1661.49,3140059.122
2023-10-03 00:00:00+00:00,1661.49,1669.94,1642.03,1656.18,1574186.817
2023-10-04 00:00:00+00:00,1656.19,1657.05,1615.0,1645.75,1760659.358
2023-10-05 00:00:00+00:00,1645.76,1655.13,1601.28,1611.23,1929063.873
2023-10-06 00:00:00+00:00,1611.24,1664.6,1610.59,1644.33,2078440.945
2023-10-07 00:00:00+00:00,1644.32,1647.16,1629.03,1633.18,729971.504
2023-10-08 00:00:00+00:00,1633.17,1640.9,1615.19,1632.02,1153340.712
2023-10-09 00:00:00+00:00,1632.03,1635.81,1544.3,1579.4,2950124.049
2023-10-10 00:00:00+00:00,1579.39,1594.4,1545.6,1566.89,2076875.007
2023-10-11 00:00:00+00:00,1566.89,1577.89,1541.78,1566.07,2381820.983
2023-10-12 00:00:00+00:00,1566.08,1568.06,1514.5,1538.81,2299190.123
2023-10-13 00:00:00+00:00,1538.82,1575.53,1536.65,1551.55,1795481.428
2023-10-14 00:00:00+00:00,1551.55,1561.7,1543.83,1554.15,791727.302
2023-10-15 00:00:00+00:00,1554.15,1567.0,1546.14,1557.25,1000513.27
2023-10-16 00:00:00+00:00,1557.25,1642.0,1554.1,1598.61,3513907.329
2023-10-17 00:00:00+00:00,1598.61,1599.83,1541.0,1563.99,1821162.481
2023-10-18 00:00:00+00:00,1564.0,1584.9,1554.7,1562.65,1722717.852
2023-10-19 00:00:00+00:00,1562.66,1574.34,1539.0,1565.89,1914194.811
2023-10-20 00:00:00+00:00,1565.9,1630.01,1560.37,1603.14,2591313.635
2023-10-21 00:00:00+00:00,1603.15,1643.84,1591.25,1628.29,1630618.809
2023-10-22 00:00:00+00:00,1628.29,1667.5,1620.0,1662.83,1922557.976
2023-10-23 00:00:00+00:00,1662.82,1803.0,1656.25,1766.35,5040484.646
2023-10-24 00:00:00+00:00,1766.35,1854.87,1755.28,1784.31,5148312.495
2023-10-25 00:00:00+00:00,1784.3,1818.55,1759.16,1786.71,2706185.955
2023-10-26 00:00:00+00:00,1786.7,1872.64,1757.25,1803.3,4046404.43
2023-10-27 00:00:00+00:00,1803.31,1803.92,1735.5,1780.02,2440107.981
2023-10-28 00:00:00+00:00,1780.03,1806.23,1767.37,1776.76,1074543.724
2023-10-29 00:00:00+00:00,1776.76,1813.1,1762.49,1795.49,1315116.448
2023-10-30 00:00:00+00:00,1795.48,1832.65,1776.94,1809.81,2334817.504
2023-10-31 00:00:00+00:00,1809.82,1820.91,1781.0,1815.67,2155865.116
2023-11-01 00:00:00+00:00,1815.66,1861.63,1782.73,1848.2,3596670.145
2023-11-02 00:00:00+00:00,1848.2,1876.26,1784.0,1800.68,2902767.066
2023-11-03 00:00:00+00:00,1800.68,1834.32,1775.36,1832.49,2284646.929
2023-11-04 00:00:00+00:00,1832.49,1870.68,1823.32,1856.08,1368734.648
2023-11-05 00:00:00+00:00,1856.08,1914.96,1846.21,1892.49,3049000.645
2023-11-06 00:00:00+00:00,1892.49,1916.8,1869.13,1901.71,2360118.573
2023-11-07 00:00:00+00:00,1901.72,1908.47,1850.1,1885.79,2747654.474
2023-11-08 00:00:00+00:00,1885.79,1906.2,1873.13,1888.42,1671720.477
2023-11-09 00:00:00+00:00,1888.42,2134.3,1881.79,2122.92,8102128.485
2023-11-10 00:00:00+00:00,2122.92,2139.6,2066.0,2079.1,3645227.908
2023-11-11 00:00:00+00:00,2079.1,2091.97,2021.0,2054.52,2484048.95
2023-11-12 00:00:00+00:00,2054.53,2068.96,2011.5,2046.08,1719295.996
2023-11-13 00:00:00+00:00,2046.07,2120.0,2030.0,2055.18,4007607.657
2023-11-14 00:00:00+00:00,2055.18,2066.39,1920.0,1980.11,3803937.012
2023-11-15 00:00:00+00:00,1980.11,2064.08,1967.85,2059.29,3044717.364
2023-11-16 00:00:00+00:00,2059.3,2093.0,1938.4,1962.13,4348334.629
2023-11-17 00:00:00+00:00,1962.14,1992.26,1903.81,1961.21,3228385.518
2023-11-18 00:00:00+00:00,1961.21,1972.06,1916.0,1963.19,1643154.159
2023-11-19 00:00:00+00:00,1963.19,2016.45,1943.44,2012.46,1726269.572
2023-11-20 00:00:00+00:00,2012.45,2068.8,1981.96,2022.41,3280845.795
2023-11-21 00:00:00+00:00,2022.41,2036.06,1929.85,1933.44,4105107.032
2023-11-22 00:00:00+00:00,1933.44,2093.78,1928.74,2063.91,3525684.092
2023-11-23 00:00:00+00:00,2063.92,2089.75,2033.5,2062.68,2101282.327
2023-11-24 00:00:00+00:00,2062.67,2135.0,2057.77,2081.16,3231969.816
2023-11-25 00:00:00+00:00,2081.16,2090.79,2065.59,2082.87,1027458.693
2023-11-26 00:00:00+00:00,2082.87,2094.96,2035.0,2061.97,2265552.05
2023-11-27 00:00:00+00:00,2061.97,2071.0,1985.0,2027.57,2895401.474
2023-11-28 00:00:00+00:00,2027.57,2075.87,1994.85,2048.2,2601579.447
2023-11-29 00:00:00+00:00,2048.21,2077.0,2018.56,2028.41,2090299.255
2023-11-30 00:00:00+00:00,2028.41,2054.97,2020.4,2051.76,1702901.412
2023-12-01 00:00:00+00:00,2051.77,2111.5,2044.35,2086.99,2908736.552
2023-12-02 00:00:00+00:00,2086.99,2199.99,2085.63,2165.28,2703872.717
2023-12-03 00:00:00+00:00,2165.26,2219.17,2148.17,2193.24,2138376.029
2023-12-04 00:00:00+00:00,2193.25,2276.84,2191.52,2243.66,3783378.877
2023-12-05 00:00:00+00:00,2243.67,2311.51,2186.0,2293.97,4121719.56
2023-12-06 00:00:00+00:00,2293.97,2314.98,2218.49,2233.29,2935176.941
2023-12-07 00:00:00+00:00,2233.32,2387.2,2222.08,2357.04,3592068.146
2023-12-08 00:00:00+00:00,2357.05,2397.44,2333.36,2360.82,2691981.223
2023-12-09 00:00:00+00:00,2360.82,2407.63,2328.0,2342.4,2422255.37
2023-12-10 00:00:00+00:00,2342.41,2379.98,2323.0,2353.97,1509788.704
2023-12-11 00:00:00+00:00,2353.99,2356.73,2114.63,2225.56,4715186.38
2023-12-12 00:00:00+00:00,2225.55,2245.37,2164.82,2204.7,2861907.892
2023-12-13 00:00:00+00:00,2204.71,2285.91,2145.33,2261.44,3400818.732
2023-12-14 00:00:00+00:00,2261.45,2333.29,2212.04,2316.54,3279042.292
2023-12-15 00:00:00+00:00,2316.53,2319.32,2195.28,2221.71,2619585.033
2023-12-16 00:00:00+00:00,2221.71,2264.95,2211.16,2229.64,1615397.454
2023-12-17 00:00:00+00:00,2229.63,2251.24,2190.0,2197.93,1888776.25
2023-12-18 00:00:00+00:00,2197.93,2226.52,2116.56,2220.48,3103789.978
2023-12-19 00:00:00+00:00,2220.49,2256.64,2135.03,2179.02,2922787.525
2023-12-20 00:00:00+00:00,2179.01,2269.56,2156.0,2203.95,3264604.314
2023-12-21 00:00:00+00:00,2203.95,2282.41,2184.9,2241.35,3165860.981
2023-12-22 00:00:00+00:00,2241.47,2345.95,2232.56,2326.53,4099057.645
2023-12-23 00:00:00+00:00,2326.54,2332.75,2265.0,2309.86,1865910.468
2023-12-24 00:00:00+00:00,2309.86,2328.79,2241.2,2265.43,2062149.982
2023-12-25 00:00:00+00:00,2265.42,2308.0,2254.38,2273.07,1894335.789
2023-12-26 00:00:00+00:00,2273.08,2277.51,2178.84,2232.44,2717406.562
2023-12-27 00:00:00+00:00,2232.45,2395.0,2213.68,2380.31,3570723.046
2023-12-28 00:00:00+00:00,2380.32,2455.52,2336.02,2345.96,4260463.058
2023-12-29 00:00:00+00:00,2345.98,2388.74,2254.72,2300.6,3866751.979
2023-12-30 00:00:00+00:00,2300.61,2325.0,2269.15,2293.26,1809956.531
2023-12-31 00:00:00+00:00,2293.26,2324.78,2258.0,2283.85,1671717.997
2024-01-01 00:00:00+00:00,2283.84,2354.95,2266.67,2354.62,1658563.418
2024-01-02 00:00:00+00:00,2354.63,2434.49,2335.0,2356.93,3376173.73
2024-01-03 00:00:00+00:00,2356.92,2387.48,2067.16,2210.39,4996919.678
2024-01-04 00:00:00+00:00,2210.39,2295.55,2202.1,2267.85,2512800.256
2024-01-05 00:00:00+00:00,2267.85,2278.16,2206.0,2268.93,2640741.967
2024-01-06 00:00:00+00:00,2268.92,2270.34,2215.56,2240.36,1201310.744
2024-01-07 00:00:00+00:00,2240.36,2257.98,2201.06,2220.87,1609796.697
2024-01-08 00:00:00+00:00,2220.87,2359.63,2165.43,2331.11,3478939.516
2024-01-09 00:00:00+00:00,2331.12,2377.36,2222.44,2344.44,4370510.933
2024-01-10 00:00:00+00:00,2344.33,2645.65,2336.28,2585.82,7740895.596
2024-01-11 00:00:00+00:00,2585.81,2691.9,2565.69,2618.59,5161427.019
2024-01-12 00:00:00+00:00,2618.6,2719.89,2458.38,2523.3,6484996.966
2024-01-13 00:00:00+00:00,2523.3,2591.29,2497.79,2578.5,2509197.587
2024-01-14 00:00:00+00:00,2578.51,2579.13,2470.0,2474.36,2126298.888
2024-01-15 00:00:00+00:00,2474.3,2555.0,2472.04,2512.21,1818558.839
2024-01-16 00:00:00+00:00,2512.2,2613.8,2500.0,2587.4,2456630.069
2024-01-17 00:00:00+00:00,2587.4,2593.01,2505.76,2530.62,2299529.287
2024-01-18 00:00:00+00:00,2530.61,2549.99,2428.22,2471.29,2928749.65
2024-01-19 00:00:00+00:00,2471.29,2505.16,2415.55,2492.46,2594474.775
2024-01-20 00:00:00+00:00,2492.46,2492.46,2453.79,2472.27,938896.162
2024-01-21 00:00:00+00:00,2472.26,2482.7,2451.0,2457.02,708291.369
2024-01-22 00:00:00+00:00,2457.02,2466.46,2302.21,2314.33,3645112.961
2024-01-23 00:00:00+00:00,2314.33,2351.76,2167.5,2241.67,4379161.194
2024-01-24 00:00:00+00:00,2241.67,2264.44,2195.0,2234.62,2256073.0
2024-01-25 00:00:00+00:00,2234.62,2242.55,2169.04,2218.02,2082826.704
2024-01-26 00:00:00+00:00,2218.01,2281.96,2195.15,2266.72,2261609.947
2024-01-27 00:00:00+00:00,2266.73,2283.35,2250.33,2266.99,944833.561
2024-01-28 00:00:00+00:00,2267.0,2308.0,2236.56,2256.0,1596669.122
2024-01-29 00:00:00+00:00,2256.0,2322.53,2232.0,2316.52,1959261.39
2024-01-30 00:00:00+00:00,2316.53,2392.84,2295.1,2341.95,2383935.871
2024-01-31 00:00:00+00:00,2341.96,2351.23,2261.88,2282.0,2607909.368
2024-02-01 00:00:00+00:00,2281.99,2311.51,2237.0,2303.33,1894237.423
2024-02-02 00:00:00+00:00,2303.32,2324.9,2280.05,2307.99,1514215.851
2024-02-03 00:00:00+00:00,2308.0,2330.45,2291.0,2295.42,938282.273
2024-02-04 00:00:00+00:00,2295.41,2311.0,2261.51,2288.66,1193801.655
2024-02-05 00:00:00+00:00,2288.66,2338.0,2267.62,2300.83,1689233.364
2024-02-06 00:00:00+00:00,2300.83,2392.0,2297.74,2371.74,2197507.85
2024-02-07 00:00:00+00:00,2371.74,2445.0,2352.06,2424.22,2154502.953
2024-02-08 00:00:00+00:00,2424.21,2463.28,2410.16,2418.76,1910078.832
2024-02-09 00:00:00+00:00,2418.77,2528.66,2418.26,2485.24,2908524.98
2024-02-10 00:00:00+00:00,2485.24,2516.12,2470.04,2499.2,1320062.188
2024-02-11 00:00:00+00:00,2499.2,2539.2,2492.16,2506.1,1521963.675
2024-02-12 00:00:00+00:00,2506.11,2667.74,2470.05,2660.91,3172400.237
2024-02-13 00:00:00+00:00,2660.91,2688.8,2585.7,2640.83,3319971.574
2024-02-14 00:00:00+00:00,2640.88,2788.88,2619.12,2776.14,2845619.643
2024-02-15 00:00:00+00:00,2776.14,2870.98,2758.57,2824.54,3444416.851
2024-02-16 00:00:00+00:00,2824.53,2859.83,2732.7,2803.69,2736822.77
2024-02-17 00:00:00+00:00,2803.7,2806.09,2718.35,2787.43,1776912.75
2024-02-18 00:00:00+00:00,2787.44,2899.0,2764.8,2883.58,2111668.519
2024-02-19 00:00:00+00:00,2883.56,2988.22,2856.4,2946.55,2893244.938
2024-02-20 00:00:00+00:00,2946.55,3036.83,2873.6,3017.21,4598117.415
2024-02-21 00:00:00+00:00,3017.22,3020.0,2867.87,2969.65,4069738.764
2024-02-22 00:00:00+00:00,2969.65,3044.0,2907.16,2972.8,4052804.255
2024-02-23 00:00:00+00:00,2972.8,2996.0,2906.62,2923.35,2501284.482
2024-02-24 00:00:00+00:00,2923.36,3009.29,2907.16,2994.39,1450354.218
2024-02-25 00:00:00+00:00,2994.39,3131.0,2985.23,3115.24,2955696.567
2024-02-26 00:00:00+00:00,3115.24,3200.0,3037.25,3178.6,3828384.516
2024-02-27 00:00:00+00:00,3178.6,3295.57,3168.29,3244.98,3406593.01
2024-02-28 00:00:00+00:00,3244.99,3502.07,3152.94,3387.07,6595638.084
2024-02-29 00:00:00+00:00,3387.07,3531.0,3300.39,3343.15,4741266.907
2024-03-01 00:00:00+00:00,3343.16,3456.0,3342.18,3435.82,2297074.999
2024-03-02 00:00:00+00:00,3435.83,3475.0,3390.0,3424.43,1386240.615
2024-03-03 00:00:00+00:00,3424.43,3496.78,3355.88,3491.77,1889236.536
2024-03-04 00:00:00+00:00,3491.78,3644.77,3420.22,3629.72,3908128.352
2024-03-05 00:00:00+00:00,3629.72,3827.93,3205.0,3555.43,8430806.942
2024-03-06 00:00:00+00:00,3555.43,3906.42,3501.0,3822.36,4970650.254
2024-03-07 00:00:00+00:00,3822.35,3939.0,3736.44,3871.69,2852543.201
2024-03-08 00:00:00+00:00,3871.69,4003.33,3826.08,3886.04,3605867.534
2024-03-09 00:00:00+00:00,3886.04,3945.88,3871.46,3908.15,1056996.982
2024-03-10 00:00:00+00:00,3908.16,3970.84,3791.19,3881.22,1817977.804
2024-03-11 00:00:00+00:00,3881.32,4095.16,3719.0,4070.52,3797267.73
2024-03-12 00:00:00+00:00,4070.52,4098.64,3831.95,3984.18,3641750.754
2024-03-13 00:00:00+00:00,3984.18,4091.65,3935.0,4008.76,2445801.499
2024-03-14 00:00:00+00:00,4008.76,4015.45,3725.03,3884.99,3822719.006
2024-03-15 00:00:00+00:00,3884.99,3938.16,3566.0,3745.0,5393474.72
2024-03-16 00:00:00+00:00,3745.01,3784.87,3468.84,3525.58,2737209.353
2024-03-17 00:00:00+00:00,3525.57,3682.95,3414.72,3646.99,2757553.884
2024-03-18 00:00:00+00:00,3646.99,3648.78,3454.72,3523.43,2802619.048
2024-03-19 00:00:00+00:00,3523.44,3551.99,3153.0,3161.0,5894325.453
2024-03-20 00:00:00+00:00,3160.99,3539.16,3055.0,3517.8,7145176.265
2024-03-21 00:00:00+00:00,3517.8,3590.53,3414.06,3495.16,3449349.457
2024-03-22 00:00:00+00:00,3495.16,3545.36,3250.1,3339.0,3850579.18
2024-03-23 00:00:00+00:00,3338.99,3438.0,3271.38,3330.96,2065343.895
2024-03-24 00:00:00+00:00,3330.96,3474.16,3301.46,3457.16,1864567.712
2024-03-25 00:00:00+00:00,3457.16,3665.1,3422.18,3592.94,2530891.112
2024-03-26 00:00:00+00:00,3592.94,3684.45,3545.63,3589.64,2433410.106
2024-03-27 00:00:00+00:00,3589.65,3671.94,3461.18,3504.99,2908597.17
2024-03-28 00:00:00+00:00,3504.99,3615.83,3466.97,3563.99,1971184.35
2024-03-29 00:00:00+00:00,3564.0,3588.93,3475.0,3512.46,1730640.148
2024-03-30 00:00:00+00:00,3512.47,3569.97,3486.51,3508.66,1258779.458
2024-03-31 00:00:00+00:00,3508.66,3661.08,3507.39,3648.79,1535402.07
2024-04-01 00:00:00+00:00,3648.8,3649.67,3413.0,3506.52,2754500.509
2024-04-02 00:00:00+00:00,3506.52,3508.44,3212.0,3280.76,3971713.064
2024-04-03 00:00:00+00:00,3280.67,3370.0,3203.12,3313.29,2660184.672
2024-04-04 00:00:00+00:00,3313.28,3446.48,3252.59,3329.65,2446555.032
2024-04-05 00:00:00+00:00,3329.65,3352.07,3208.0,3319.66,2617392.108
2024-04-06 00:00:00+00:00,3319.66,3402.72,3308.0,3353.15,1131719.523
2024-04-07 00:00:00+00:00,3353.16,3462.19,3345.51,3455.99,1444094.538
2024-04-08 00:00:00+00:00,3456.0,3735.31,3407.33,3697.6,2845934.629
2024-04-09 00:00:00+00:00,3697.59,3730.0,3452.3,3508.45,3448082.837
2024-04-10 00:00:00+00:00,3508.46,3567.18,3413.2,3547.64,2832357.377
2024-04-11 00:00:00+00:00,3547.64,3621.74,3475.03,3504.43,2234984.241
2024-04-12 00:00:00+00:00,3504.42,3555.0,3062.04,3238.3,3896865.831
2024-04-13 00:00:00+00:00,3238.31,3305.42,2791.61,3005.46,5308516.817
2024-04-14 00:00:00+00:00,3005.47,3173.32,2903.0,3153.16,3950204.757
2024-04-15 00:00:00+00:00,3153.16,3277.74,3022.08,3100.75,3855036.931
2024-04-16 00:00:00+00:00,3100.76,3127.41,2976.43,3082.85,3451959.497
2024-04-17 00:00:00+00:00,3082.84,3123.12,2912.45,2983.25,3311729.707
2024-04-18 00:00:00+00:00,2983.26,3093.59,2949.54,3062.85,2675545.62
2024-04-19 00:00:00+00:00,3062.85,3128.52,2861.76,3054.91,4007802.786
2024-04-20 00:00:00+00:00,3054.91,3173.83,3016.4,3154.31,1625068.703
2024-04-21 00:00:00+00:00,3154.3,3196.41,3114.15,3145.73,1575165.839
2024-04-22 00:00:00+00:00,3145.74,3235.0,3127.14,3198.66,2047440.862
2024-04-23 00:00:00+00:00,3198.66,3266.91,3150.31,3218.04,1663106.378
2024-04-24 00:00:00+00:00,3218.03,3293.38,3102.5,3138.84,2482827.279
2024-04-25 00:00:00+00:00,3138.84,3189.97,3070.16,3154.44,2448075.918
2024-04-26 00:00:00+00:00,3154.44,3167.2,3100.38,3129.98,1764316.116
2024-04-27 00:00:00+00:00,3129.98,3283.54,3062.8,3253.97,2199813.487
2024-04-28 00:00:00+00:00,3253.97,3365.69,3248.8,3262.28,1999881.264
2024-04-29 00:00:00+00:00,3262.29,3286.29,3113.02,3215.27,2960135.349
2024-04-30 00:00:00+00:00,3215.28,3250.0,2918.33,3012.58,4278488.436
2024-05-01 00:00:00+00:00,3012.57,3021.94,2814.44,2970.61,4277387.307
2024-05-02 00:00:00+00:00,2970.61,3016.38,2890.0,2984.8,2293012.777
2024-05-03 00:00:00+00:00,2984.8,3126.44,2956.86,3100.83,2355561.832
2024-05-04 00:00:00+00:00,3100.83,3167.45,3090.75,3115.46,1371653.97
2024-05-05 00:00:00+00:00,3115.46,3171.15,3071.1,3135.24,1570278.517
2024-05-06 00:00:00+00:00,3135.24,3221.95,3043.92,3061.5,2638707.024
2024-05-07 00:00:00+00:00,3061.5,3128.59,2996.53,3004.55,2201536.706
2024-05-08 00:00:00+00:00,3004.55,3037.52,2930.64,2972.93,2195609.599
2024-05-09 00:00:00+00:00,2972.94,3058.23,2949.0,3034.75,1709515.974
2024-05-10 00:00:00+00:00,3034.75,3053.52,2877.0,2908.85,2264167.435
2024-05-11 00:00:00+00:00,2908.85,2946.6,2884.6,2911.27,1115231.905
2024-05-12 00:00:00+00:00,2911.27,2954.94,2898.97,2927.73,1003441.381
2024-05-13 00:00:00+00:00,2927.73,2996.44,2863.8,2949.71,2489504.728
2024-05-14 00:00:00+00:00,2949.72,2959.79,2858.14,2880.87,2087007.343
2024-05-15 00:00:00+00:00,2880.87,3039.52,2861.71,3030.66,2538941.374
2024-05-16 00:00:00+00:00,3030.67,3039.95,2920.93,2943.22,2031554.936
2024-05-17 00:00:00+00:00,2943.22,3119.0,2931.36,3090.48,2573872.238
2024-05-18 00:00:00+00:00,3090.47,3146.36,3081.59,3121.59,1335509.587
2024-05-19 00:00:00+00:00,3121.6,3135.58,3051.3,3069.98,1348685.716
2024-05-20 00:00:00+00:00,3069.98,3698.86,3045.06,3664.39,5394372.967
2024-05-21 00:00:00+00:00,3664.39,3849.26,3628.0,3792.32,5629142.3
2024-05-22 00:00:00+00:00,3792.33,3816.84,3655.0,3740.25,3626843.371
2024-05-23 00:00:00+00:00,3740.25,3952.89,3524.55,3784.8,7635174.311
2024-05-24 00:00:00+00:00,3784.79,3832.0,3627.0,3729.61,3215814.229
2024-05-25 00:00:00+00:00,3729.61,3782.82,3710.14,3751.15,1147234.262
2024-05-26 00:00:00+00:00,3751.16,3887.26,3732.06,3827.53,1903387.53
2024-05-27 00:00:00+00:00,3827.54,3980.0,3824.7,3896.09,2765129.283
2024-05-28 00:00:00+00:00,3896.09,3934.42,3775.42,3847.0,2743469.005
2024-05-29 00:00:00+00:00,3847.01,3891.79,3746.41,3770.0,2322064.217
2024-05-30 00:00:00+00:00,3770.01,3828.74,3704.7,3750.39,2337573.407
2024-05-31 00:00:00+00:00,3750.38,3859.53,3725.16,3764.35,2245502.251
2024-06-01 00:00:00+00:00,3764.35,3837.2,3754.36,3817.49,990970.998
2024-06-02 00:00:00+00:00,3817.49,3841.7,3753.8,3783.98,1399997.604
2024-06-03 00:00:00+00:00,3783.98,3854.0,3760.0,3769.15,1916780.125
2024-06-04 00:00:00+00:00,3769.14,3835.11,3720.0,3813.12,1757510.322
2024-06-05 00:00:00+00:00,3813.11,3892.06,3778.91,3868.61,1939160.262
2024-06-06 00:00:00+00:00,3868.6,3881.99,3760.0,3815.76,1550761.493
2024-06-07 00:00:00+00:00,3815.77,3844.32,3555.02,3679.82,2617598.785
2024-06-08 00:00:00+00:00,3679.82,3711.28,3659.0,3682.11,793561.955
2024-06-09 00:00:00+00:00,3682.12,3724.73,3666.71,3707.67,715200.186
2024-06-10 00:00:00+00:00,3707.67,3715.49,3642.6,3669.66,1149036.664
2024-06-11 00:00:00+00:00,3669.65,3675.0,3427.09,3498.16,3162055.189
2024-06-12 00:00:00+00:00,3498.17,3657.77,3462.09,3560.45,2861506.382
2024-06-13 00:00:00+00:00,3560.44,3562.33,3426.01,3469.18,2257441.373
2024-06-14 00:00:00+00:00,3469.18,3533.82,3361.05,3480.51,2523034.384
2024-06-15 00:00:00+00:00,3480.5,3594.99,3472.34,3567.87,1576530.079
2024-06-16 00:00:00+00:00,3567.88,3653.73,3540.0,3622.96,1335659.257
2024-06-17 00:00:00+00:00,3622.96,3637.47,3464.0,3509.56,2934501.925
2024-06-18 00:00:00+00:00,3509.56,3515.87,3341.85,3482.34,3312942.268
2024-06-19 00:00:00+00:00,3482.33,3587.63,3463.91,3558.85,2344216.428
2024-06-20 00:00:00+00:00,3558.84,3625.0,3483.63,3511.26,2504170.932
2024-06-21 00:00:00+00:00,3511.27,3546.66,3443.8,3517.18,2504862.799
2024-06-22 00:00:00+00:00,3517.18,3520.0,3472.57,3494.26,844082.802
2024-06-23 00:00:00+00:00,3494.25,3519.7,3397.87,3419.38,1408148.716
2024-06-24 00:00:00+00:00,3419.38,3434.75,3213.0,3352.0,4181333.575
2024-06-25 00:00:00+00:00,3351.99,3431.27,3335.58,3393.06,1973459.793
2024-06-26 00:00:00+00:00,3393.07,3425.0,3325.54,3370.76,1794812.97
2024-06-27 00:00:00+00:00,3370.78,3476.6,3360.22,3450.34,1724674.688
2024-06-28 00:00:00+00:00,3450.34,3487.98,3362.0,3379.51,2082751.457
2024-06-29 00:00:00+00:00,3379.5,3407.0,3369.07,3377.62,735883.787
2024-06-30 00:00:00+00:00,3377.63,3459.77,3348.5,3436.73,1174744.367
2024-07-01 00:00:00+00:00,3436.72,3524.16,3420.0,3440.46,1724896.32
2024-07-02 00:00:00+00:00,3440.47,3463.84,3399.22,3420.43,1214393.314
2024-07-03 00:00:00+00:00,3420.43,3431.36,3250.1,3294.75,2520352.735
2024-07-04 00:00:00+00:00,3294.75,3312.59,3049.39,3059.31,3862044.922
2024-07-05 00:00:00+00:00,3059.3,3108.28,2800.0,2980.43,5753070.194
2024-07-06 00:00:00+00:00,2980.37,3080.0,2953.45,3065.5,1595818.824
2024-07-07 00:00:00+00:00,3065.49,3072.0,2922.0,2930.24,1800470.608
2024-07-08 00:00:00+00:00,2930.23,3098.0,2821.26,3017.51,4593820.144
2024-07-09 00:00:00+00:00,3017.51,3115.8,3002.56,3065.06,2220259.045
2024-07-10 00:00:00+00:00,3065.05,3150.0,3022.57,3099.12,2157373.274
2024-07-11 00:00:00+00:00,3099.12,3216.6,3052.75,3098.25,2601339.395
2024-07-12 00:00:00+00:00,3098.24,3156.6,3044.51,3133.24,1932672.308
2024-07-13 00:00:00+00:00,3133.24,3200.72,3112.12,3174.01,1049485.437
2024-07-14 00:00:00+00:00,3174.0,3268.66,3162.06,3243.56,1366714.817
2024-07-15 00:00:00+00:00,3243.52,3493.94,3231.03,3481.62,2723612.97
2024-07-16 00:00:00+00:00,3481.62,3497.74,3345.0,3442.83,2845763.916
2024-07-17 00:00:00+00:00,3442.84,3517.14,3374.53,3386.0,2271175.016
2024-07-18 00:00:00+00:00,3386.01,3487.99,3364.62,3424.99,1913161.231
2024-07-19 00:00:00+00:00,3424.99,3539.38,3375.25,3502.18,2389303.433
2024-07-20 00:00:00+00:00,3502.18,3538.38,3478.01,3516.03,1048158.992
2024-07-21 00:00:00+00:00,3516.03,3547.84,3408.13,3534.29,1758109.934
2024-07-22 00:00:00+00:00,3534.3,3562.33,3421.0,3438.08,1946040.386
2024-07-23 00:00:00+00:00,3438.09,3540.94,3384.61,3481.01,3985761.867
2024-07-24 00:00:00+00:00,3481.01,3486.73,3285.69,3334.24,2296300.341
2024-07-25 00:00:00+00:00,3334.23,3342.02,3085.57,3173.67,4204282.853
2024-07-26 00:00:00+00:00,3173.67,3284.93,3169.14,3272.82,2257393.787
2024-07-27 00:00:00+00:00,3272.81,3326.9,3188.89,3248.17,2181510.66
2024-07-28 00:00:00+00:00,3248.16,3284.57,3195.84,3268.03,1114442.469
2024-07-29 00:00:00+00:00,3268.03,3396.07,3256.56,3316.87,2897273.325
2024-07-30 00:00:00+00:00,3316.86,3365.0,3230.1,3278.17,2000830.475
2024-07-31 00:00:00+00:00,3278.17,3348.74,3212.32,3231.48,2173585.083
2024-08-01 00:00:00+00:00,3231.49,3241.83,3078.4,3201.67,2840086.848
2024-08-02 00:00:00+00:00,3201.66,3217.06,2965.27,2988.11,3409297.384
2024-08-03 00:00:00+00:00,2988.1,3016.61,2855.0,2901.94,2621892.579
2024-08-04 00:00:00+00:00,2901.95,2934.66,2613.3,2687.6,3709293.795
2024-08-05 00:00:00+00:00,2687.6,2695.93,2112.0,2418.6,13557724.097
2024-08-06 00:00:00+00:00,2418.6,2558.24,2412.35,2459.87,4356686.925
2024-08-07 00:00:00+00:00,2459.86,2549.85,2307.0,2341.41,4906789.045
2024-08-08 00:00:00+00:00,2341.4,2723.77,2318.64,2681.59,4820970.35
2024-08-09 00:00:00+00:00,2681.59,2708.8,2551.23,2597.9,3151681.154
2024-08-10 00:00:00+00:00,2597.89,2644.43,2574.54,2608.76,1311479.404
2024-08-11 00:00:00+00:00,2608.77,2720.78,2537.76,2554.65,2629489.23
2024-08-12 00:00:00+00:00,2554.66,2749.97,2506.13,2721.15,4126997.22
2024-08-13 00:00:00+00:00,2721.15,2737.38,2610.04,2701.01,3016449.602
2024-08-14 00:00:00+00:00,2701.01,2788.88,2631.0,2659.82,3096528.693
2024-08-15 00:00:00+00:00,2659.82,2674.17,2513.65,2568.73,3219267.74
2024-08-16 00:00:00+00:00,2568.73,2630.73,2549.15,2591.52,2666495.856
2024-08-17 00:00:00+00:00,2591.53,2628.0,2585.81,2613.18,820608.568
2024-08-18 00:00:00+00:00,2613.18,2688.25,2593.0,2610.67,1615775.889
2024-08-19 00:00:00+00:00,2610.67,2647.29,2560.9,2635.15,2122248.285
2024-08-20 00:00:00+00:00,2635.16,2694.96,2552.5,2571.51,2504509.413
2024-08-21 00:00:00+00:00,2571.51,2663.55,2533.51,2629.38,2414391.575
2024-08-22 00:00:00+00:00,2629.37,2644.0,2582.27,2622.0,1631635.639
2024-08-23 00:00:00+00:00,2622.0,2798.88,2619.86,2761.58,3288873.603
2024-08-24 00:00:00+00:00,2761.58,2819.35,2729.15,2766.4,2124349.317
2024-08-25 00:00:00+00:00,2766.4,2791.66,2731.63,2744.47,1228055.898
2024-08-26 00:00:00+00:00,2744.48,2760.97,2665.0,2679.25,1907712.073
2024-08-27 00:00:00+00:00,2679.26,2699.11,2388.0,2455.98,3836573.429
2024-08-28 00:00:00+00:00,2455.98,2554.19,2416.56,2527.31,3674708.436
2024-08-29 00:00:00+00:00,2527.32,2594.0,2504.11,2526.28,2156748.728
2024-08-30 00:00:00+00:00,2526.28,2552.32,2431.0,2524.99,2705396.131
2024-08-31 00:00:00+00:00,2524.99,2533.29,2490.62,2511.91,785832.801
2024-09-01 00:00:00+00:00,2511.91,2514.97,2397.23,2424.55,2295800.358
2024-09-02 00:00:00+00:00,2424.55,2564.49,2421.8,2536.74,2289999.119
2024-09-03 00:00:00+00:00,2536.76,2552.55,2405.14,2424.05,2052035.733
2024-09-04 00:00:00+00:00,2424.05,2489.34,2304.87,2449.67,3391129.709
2024-09-05 00:00:00+00:00,2449.67,2465.23,2346.05,2367.37,2611081.826
2024-09-06 00:00:00+00:00,2367.33,2409.34,2150.0,2223.7,5476018.438
2024-09-07 00:00:00+00:00,2223.7,2310.0,2220.76,2272.21,1832770.243
2024-09-08 00:00:00+00:00,2272.21,2333.98,2238.88,2295.89,1933824.754
2024-09-09 00:00:00+00:00,2295.9,2382.51,2271.22,2358.19,2933575.518
2024-09-10 00:00:00+00:00,2358.19,2399.99,2319.09,2387.63,2148101.375
2024-09-11 00:00:00+00:00,2387.63,2388.39,2275.8,2339.22,3136148.113
2024-09-12 00:00:00+00:00,2339.18,2392.0,2313.16,2360.79,2141666.211
2024-09-13 00:00:00+00:00,2360.79,2463.77,2336.2,2438.15,2314979.037
2024-09-14 00:00:00+00:00,2438.16,2439.61,2373.82,2416.65,1075037.045
2024-09-15 00:00:00+00:00,2416.65,2429.44,2282.0,2314.85,1664319.311
2024-09-16 00:00:00+00:00,2314.85,2334.9,2251.06,2294.61,2822059.425
2024-09-17 00:00:00+00:00,2294.61,2392.62,2262.0,2340.59,2616421.538
2024-09-18 00:00:00+00:00,2340.59,2376.0,2275.25,2373.93,2861908.683
2024-09-19 00:00:00+00:00,2373.93,2494.68,2371.37,2464.56,2948555.003
2024-09-20 00:00:00+00:00,2464.55,2572.18,2436.11,2560.29,3062258.119
2024-09-21 00:00:00+00:00,2560.3,2623.85,2527.69,2611.4,1505216.371
2024-09-22 00:00:00+00:00,2611.4,2633.3,2522.57,2579.94,1969445.194
2024-09-23 00:00:00+00:00,2579.95,2702.0,2538.24,2645.84,3118835.195
2024-09-24 00:00:00+00:00,2645.84,2669.94,2590.1,2652.0,2718085.708
2024-09-25 00:00:00+00:00,2652.0,2673.06,2552.44,2578.9,2133334.523
2024-09-26 00:00:00+00:00,2578.9,2666.17,2557.5,2631.11,2641065.13
2024-09-27 00:00:00+00:00,2631.16,2727.66,2614.22,2693.53,2373825.623
2024-09-28 00:00:00+00:00,2693.52,2703.3,2648.32,2673.9,1392948.05
2024-09-29 00:00:00+00:00,2673.91,2683.0,2632.8,2656.3,1390536.4
2024-09-30 00:00:00+00:00,2656.3,2662.81,2572.82,2601.49,2859601.743
2024-10-01 00:00:00+00:00,2601.49,2658.63,2412.4,2446.85,4639427.429
2024-10-02 00:00:00+00:00,2446.85,2498.0,2350.0,2363.0,3570103.344
2024-10-03 00:00:00+00:00,2363.0,2402.29,2308.09,2348.74,3190067.071
2024-10-04 00:00:00+00:00,2348.74,2440.0,2338.27,2413.38,2533506.834
2024-10-05 00:00:00+00:00,2413.38,2427.94,2388.66,2413.42,1103480.476
2024-10-06 00:00:00+00:00,2413.42,2457.11,2405.76,2438.77,1219434.738
2024-10-07 00:00:00+00:00,2438.76,2520.25,2401.08,2421.75,3345508.612
2024-10-08 00:00:00+00:00,2421.75,2466.63,2400.01,2439.84,2262736.283
2024-10-09 00:00:00+00:00,2439.84,2472.9,2350.0,2369.6,2689510.593
2024-10-10 00:00:00+00:00,2369.6,2421.5,2329.44,2385.24,2863209.676
2024-10-11 00:00:00+00:00,2385.24,2470.0,2380.81,2438.46,2339315.627
2024-10-12 00:00:00+00:00,2438.45,2489.95,2433.2,2475.09,1118480.77
2024-10-13 00:00:00+00:00,2475.08,2484.0,2435.0,2467.79,1294682.574
2024-10-14 00:00:00+00:00,2467.79,2653.44,2442.0,2628.88,3677192.62
2024-10-15 00:00:00+00:00,2628.87,2688.76,2536.64,2606.53,3913137.317
2024-10-16 00:00:00+00:00,2606.54,2647.51,2588.01,2610.39,2129585.886
2024-10-17 00:00:00+00:00,2610.39,2647.9,2573.73,2605.01,2064665.138
2024-10-18 00:00:00+00:00,2605.01,2675.12,2595.61,2641.11,2309322.096
2024-10-19 00:00:00+00:00,2641.11,2662.66,2630.05,2647.45,811419.456
2024-10-20 00:00:00+00:00,2647.46,2759.62,2634.53,2746.98,1886789.344
2024-10-21 00:00:00+00:00,2746.98,2770.0,2655.52,2666.63,2440964.283
2024-10-22 00:00:00+00:00,2666.62,2671.59,2606.0,2621.78,2231512.621
2024-10-23 00:00:00+00:00,2621.79,2629.51,2443.01,2523.84,3189122.481
2024-10-24 00:00:00+00:00,2523.85,2561.83,2506.27,2535.39,2024878.304
2024-10-25 00:00:00+00:00,2535.39,2565.94,2380.63,2440.1,4024452.801
2024-10-26 00:00:00+00:00,2440.1,2507.1,2429.34,2482.04,1570141.847
2024-10-27 00:00:00+00:00,2482.04,2527.25,2462.86,2507.22,1121169.212
2024-10-28 00:00:00+00:00,2507.21,2590.78,2470.41,2566.49,2899028.949
2024-10-29 00:00:00+00:00,2566.48,2681.83,2560.3,2639.28,3011425.28
2024-10-30 00:00:00+00:00,2639.28,2724.65,2599.9,2659.36,3503151.793
2024-10-31 00:00:00+00:00,2659.35,2669.74,2502.5,2518.37,3205202.83
2024-11-01 00:00:00+00:00,2518.37,2587.86,2467.3,2511.57,3451022.637
2024-11-02 00:00:00+00:00,2511.57,2523.8,2467.1,2493.61,1213734.335
2024-11-03 00:00:00+00:00,2493.61,2496.21,2410.35,2457.29,2927779.094
2024-11-04 00:00:00+00:00,2457.3,2491.0,2356.0,2397.37,2683418.991
2024-11-05 00:00:00+00:00,2397.36,2479.6,2379.48,2421.42,2557859.231
2024-11-06 00:00:00+00:00,2421.41,2746.02,2419.2,2722.49,6240942.27
2024-11-07 00:00:00+00:00,2722.5,2916.56,2700.31,2895.76,5207698.306
2024-11-08 00:00:00+00:00,2895.76,2982.75,2886.47,2962.12,3870167.008
2024-11-09 00:00:00+00:00,2962.12,3158.66,2954.1,3127.03,3673317.244
2024-11-10 00:00:00+00:00,3127.02,3252.28,3073.86,3185.19,5615528.884
2024-11-11 00:00:00+00:00,3185.19,3392.06,3107.15,3375.02,6247550.0
2024-11-12 00:00:00+00:00,3375.02,3449.0,3211.15,3245.98,6898960.493
2024-11-13 00:00:00+00:00,3245.99,3335.0,3120.0,3188.9,5945632.887
2024-11-14 00:00:00+00:00,3188.9,3242.31,3031.6,3061.03,4177386.799
2024-11-15 00:00:00+00:00,3061.04,3133.68,3016.11,3091.75,3517544.364
2024-11-16 00:00:00+00:00,3091.75,3222.69,3073.47,3134.72,2517322.736
2024-11-17 00:00:00+00:00,3134.71,3164.8,3035.0,3078.09,3003350.309
2024-11-18 00:00:00+00:00,3078.09,3228.0,3051.5,3210.48,4140524.369
2024-11-19 00:00:00+00:00,3210.48,3224.83,3066.4,3109.34,3063837.655
2024-11-20 00:00:00+00:00,3109.33,3162.25,3030.5,3071.05,3143204.946
2024-11-21 00:00:00+00:00,3071.05,3389.99,3033.32,3358.42,5993751.26
2024-11-22 00:00:00+00:00,3358.69,3429.99,3260.42,3330.05,3830379.399
2024-11-23 00:00:00+00:00,3330.04,3498.94,3315.28,3396.33,4091652.282
2024-11-24 00:00:00+00:00,3396.32,3453.0,3282.48,3362.98,3119510.218
2024-11-25 00:00:00+00:00,3362.98,3549.91,3301.96,3416.92,6242839.345
2024-11-26 00:00:00+00:00,3416.91,3464.95,3254.19,3327.17,4595675.477
2024-11-27 00:00:00+00:00,3327.17,3688.0,3305.0,3655.88,4755415.766
2024-11-28 00:00:00+00:00,3655.89,3664.31,3531.0,3581.58,3330702.226
2024-11-29 00:00:00+00:00,3581.58,3649.28,3535.52,3594.5,2545976.992
2024-11-30 00:00:00+00:00,3594.51,3742.18,3570.2,3705.73,2866770.739
2024-12-01 00:00:00+00:00,3705.74,3750.67,3661.35,3711.24,2458452.706
2024-12-02 00:00:00+00:00,3711.22,3766.0,3557.61,3646.26,4609268.921
2024-12-03 00:00:00+00:00,3646.26,3673.9,3502.01,3616.82,3627143.717
2024-12-04 00:00:00+00:00,3616.83,3891.0,3616.82,3840.75,5709329.425
2024-12-05 00:00:00+00:00,3840.74,3960.0,3615.0,3787.31,6207399.404
2024-12-06 00:00:00+00:00,3787.3,4092.83,3780.0,4001.75,4645126.843
2024-12-07 00:00:00+00:00,4001.75,4028.69,3970.0,3999.79,1549576.994
2024-12-08 00:00:00+00:00,3999.8,4019.57,3926.0,4007.3,1787672.127
2024-12-09 00:00:00+00:00,4007.31,4010.67,3475.0,3712.55,6542091.049
2024-12-10 00:00:00+00:00,3712.55,3781.29,3512.71,3628.4,5674583.192
2024-12-11 00:00:00+00:00,3628.41,3846.95,3562.65,3830.44,3007758.489
2024-12-12 00:00:00+00:00,3830.44,3986.94,3795.25,3880.52,3937234.533
2024-12-13 00:00:00+00:00,3880.52,3967.96,3851.8,3905.6,2515017.007
2024-12-14 00:00:00+00:00,3905.59,3944.99,3822.37,3868.6,1893829.596
2024-12-15 00:00:00+00:00,3868.6,3973.67,3829.0,3958.5,1930757.605
2024-12-16 00:00:00+00:00,3958.5,4109.99,3882.22,3984.76,4190982.527
2024-12-17 00:00:00+00:00,3984.76,4039.99,3844.59,3890.81,3370320.436
2024-12-18 00:00:00+00:00,3890.81,3908.0,3615.01,3625.4,4440453.127
2024-12-19 00:00:00+00:00,3625.41,3718.47,3322.2,3416.7,7030380.882
2024-12-20 00:00:00+00:00,3416.69,3496.54,3100.0,3470.88,7970055.665
2024-12-21 00:00:00+00:00,3470.88,3553.76,3291.03,3337.6,3404611.235
2024-12-22 00:00:00+00:00,3337.61,3402.08,3219.59,3280.8,2966199.056
2024-12-23 00:00:00+00:00,3280.81,3465.75,3214.81,3420.74,3962458.373
2024-12-24 00:00:00+00:00,3420.75,3539.4,3356.01,3491.97,2605267.471
2024-12-25 00:00:00+00:00,3491.98,3547.01,3439.0,3495.72,1695270.242
2024-12-26 00:00:00+00:00,3495.73,3514.32,3302.73,3333.15,2522058.848
2024-12-27 00:00:00+00:00,3333.15,3444.0,3306.0,3332.09,2851118.849
2024-12-28 00:00:00+00:00,3332.1,3427.5,3320.92,3402.54,1144976.458
2024-12-29 00:00:00+00:00,3402.53,3413.0,3324.63,3355.46,1333521.072
2024-12-30 00:00:00+00:00,3355.46,3436.86,3302.2,3360.11,2953842.227
2024-12-31 00:00:00+00:00,3360.1,3452.0,3313.96,3336.57,2093246.431
2025-01-01 00:00:00+00:00,3336.58,3374.14,3312.62,3359.36,1271279.84
2025-01-02 00:00:00+00:00,3359.35,3511.14,3353.5,3454.83,2410080.281
2025-01-03 00:00:00+00:00,3454.83,3630.0,3421.56,3607.89,2490827.774
2025-01-04 00:00:00+00:00,3607.9,3670.0,3570.66,3655.99,1729182.603
2025-01-05 00:00:00+00:00,3655.98,3674.71,3592.14,3634.96,1270073.705
2025-01-06 00:00:00+00:00,3634.96,3744.28,3609.0,3685.72,2686061.958
2025-01-07 00:00:00+00:00,3685.72,3700.31,3353.59,3379.38,4062657.507
2025-01-08 00:00:00+00:00,3379.37,3413.55,3206.54,3325.38,3959258.697
2025-01-09 00:00:00+00:00,3325.38,3355.85,3156.0,3218.24,3639862.647
2025-01-10 00:00:00+00:00,3218.24,3323.0,3193.43,3265.52,2960794.58
2025-01-11 00:00:00+00:00,3265.51,3319.3,3217.36,3281.84,1182807.831
2025-01-12 00:00:00+00:00,3281.85,3299.0,3222.4,3265.7,1348856.48
2025-01-13 00:00:00+00:00,3265.7,3338.32,2900.0,3136.14,6106720.33
2025-01-14 00:00:00+00:00,3136.13,3255.84,3123.47,3223.99,2714405.364
2025-01-15 00:00:00+00:00,3223.99,3472.93,3185.09,3449.8,3291912.768
2025-01-16 00:00:00+00:00,3449.81,3458.99,3263.06,3306.94,3258757.747
2025-01-17 00:00:00+00:00,3306.93,3524.85,3306.41,3472.38,3028696.472
2025-01-18 00:00:00+00:00,3472.38,3492.95,3225.65,3306.7,4090676.503
2025-01-19 00:00:00+00:00,3306.71,3449.77,3129.63,3214.15,6927128.105
2025-01-20 00:00:00+00:00,3214.16,3455.76,3141.25,3283.2,6609534.854
2025-01-21 00:00:00+00:00,3283.21,3367.95,3203.5,3326.72,3033556.395
2025-01-22 00:00:00+00:00,3326.71,3365.97,3220.82,3242.0,2024070.863
2025-01-23 00:00:00+00:00,3241.99,3347.7,3177.0,3337.88,3535707.19
2025-01-24 00:00:00+00:00,3337.87,3429.99,3273.94,3308.62,2912997.928
2025-01-25 00:00:00+00:00,3308.61,3349.8,3266.53,3317.91,1413725.645
2025-01-26 00:00:00+00:00,3317.91,3363.0,3226.57,3230.5,1594638.892
2025-01-27 00:00:00+00:00,3230.5,3253.19,3020.17,3180.99,4938995.28
2025-01-28 00:00:00+00:00,3181.0,3221.98,3038.0,3075.96,2591573.539
2025-01-29 00:00:00+00:00,3075.96,3180.93,3052.88,3112.55,2863466.609
2025-01-30 00:00:00+00:00,3112.54,3282.6,3089.0,3245.86,2475377.574
2025-01-31 00:00:00+00:00,3245.86,3436.39,3212.31,3299.5,4130284.914
2025-02-01 00:00:00+00:00,3299.5,3330.82,3100.67,3116.22,2633608.712
2025-02-02 00:00:00+00:00,3116.23,3161.86,2736.01,2868.05,6388796.102
2025-02-03 00:00:00+00:00,2868.06,2919.34,2080.19,2878.69,13603740.638
2025-02-04 00:00:00+00:00,2878.68,2888.8,2630.5,2730.03,6593771.039
2025-02-05 00:00:00+00:00,2730.06,2827.98,2697.95,2787.0,4064890.548
2025-02-06 00:00:00+00:00,2787.0,2857.43,2650.0,2685.25,3677522.354
2025-02-07 00:00:00+00:00,2685.26,2796.12,2560.68,2620.66,4069680.275
2025-02-08 00:00:00+00:00,2620.66,2667.15,2587.05,2630.99,1942560.926
2025-02-09 00:00:00+00:00,2630.99,2698.0,2518.12,2626.07,2482123.177
2025-02-10 00:00:00+00:00,2626.07,2692.99,2556.91,2659.99,2710643.453
2025-02-11 00:00:00+00:00,2659.99,2724.49,2552.88,2601.03,3346333.954
2025-02-12 00:00:00+00:00,2601.03,2794.99,2542.21,2737.14,4299721.893
2025-02-13 00:00:00+00:00,2737.14,2756.51,2610.72,2674.52,2864504.217
2025-02-14 00:00:00+00:00,2674.52,2791.0,2662.97,2724.74,2712685.991
2025-02-15 00:00:00+00:00,2724.75,2738.0,2655.31,2691.73,1286579.513
2025-02-16 00:00:00+00:00,2691.74,2726.27,2643.75,2660.0,1494743.59
2025-02-17 00:00:00+00:00,2660.01,2848.76,2632.81,2743.0,4114492.169
2025-02-18 00:00:00+00:00,2742.99,2755.85,2604.18,2670.57,3579587.482
2025-02-19 00:00:00+00:00,2670.56,2736.12,2654.82,2714.06,2404564.481
2025-02-20 00:00:00+00:00,2714.06,2770.5,2705.64,2736.87,2363654.302
2025-02-21 00:00:00+00:00,2736.86,2845.0,2614.76,2660.85,6002308.013
2025-02-22 00:00:00+00:00,2660.86,2797.21,2651.24,2762.01,2505671.695
2025-02-23 00:00:00+00:00,2762.0,2860.9,2743.62,2818.54,3105005.707
2025-02-24 00:00:00+00:00,2818.54,2839.0,2466.34,2512.27,5891164.461
2025-02-25 00:00:00+00:00,2512.26,2532.89,2287.13,2494.45,8206583.668
2025-02-26 00:00:00+00:00,2494.46,2506.45,2252.78,2335.33,6596169.478
2025-02-27 00:00:00+00:00,2335.34,2381.44,2229.0,2306.66,4574087.764
2025-02-28 00:00:00+00:00,2306.65,2313.24,2070.0,2236.59,9311975.744
2025-03-01 00:00:00+00:00,2236.59,2279.75,2141.17,2216.6,3472964.049
2025-03-02 00:00:00+00:00,2216.59,2550.0,2170.09,2517.12,8185197.482
2025-03-03 00:00:00+00:00,2517.12,2522.84,2094.76,2148.22,7766111.123
2025-03-04 00:00:00+00:00,2148.21,2221.77,1979.99,2170.51,9151176.202
2025-03-05 00:00:00+00:00,2170.51,2272.94,2153.7,2240.45,4626954.982
2025-03-06 00:00:00+00:00,2240.44,2318.99,2175.5,2201.34,4574430.922
2025-03-07 00:00:00+00:00,2201.33,2259.34,2100.75,2140.72,6125675.539
2025-03-08 00:00:00+00:00,2140.72,2234.4,2103.07,2202.84,2667066.135
2025-03-09 00:00:00+00:00,2202.83,2211.27,1986.8,2019.2,4793159.949
2025-03-10 00:00:00+00:00,2019.34,2152.99,1807.75,1864.51,9275180.166
2025-03-11 00:00:00+00:00,1864.52,1969.77,1752.5,1922.61,9136006.396
2025-03-12 00:00:00+00:00,1922.6,1955.9,1828.87,1907.24,7503776.831
2025-03-13 00:00:00+00:00,1907.23,1922.0,1820.2,1863.76,5305883.8
2025-03-14 00:00:00+00:00,1863.75,1945.62,1860.41,1910.79,3494472.929
2025-03-15 00:00:00+00:00,1910.78,1957.68,1902.47,1936.27,1877714.35
2025-03-16 00:00:00+00:00,1936.26,1940.0,1857.08,1885.97,3167735.396
2025-03-17 00:00:00+00:00,1885.96,1951.76,1878.66,1925.37,3207773.053
2025-03-18 00:00:00+00:00,1925.36,1935.44,1871.14,1930.64,3234486.937
2025-03-19 00:00:00+00:00,1930.63,2069.69,1927.12,2055.21,6384300.0
2025-03-20 00:00:00+00:00,2055.22,2067.15,1951.15,1982.72,4033783.537
2025-03-21 00:00:00+00:00,1982.72,1995.8,1932.0,1964.81,2832280.447
2025-03-22 00:00:00+00:00,1964.81,2006.0,1963.41,1979.56,1718916.027
2025-03-23 00:00:00+00:00,1979.55,2020.0,1975.51,2005.0,2158448.476
2025-03-24 00:00:00+00:00,2005.0,2104.24,1976.46,2080.41,4667944.526
2025-03-25 00:00:00+00:00,2080.4,2097.21,2036.0,2065.22,3242153.268
2025-03-26 00:00:00+00:00,2065.22,2077.7,1980.41,2008.69,3880044.941
2025-03-27 00:00:00+00:00,2008.69,2036.88,1985.71,2002.8,3264548.453
2025-03-28 00:00:00+00:00,2002.8,2015.09,1854.2,1896.02,5692204.684
2025-03-29 00:00:00+00:00,1896.03,1912.94,1796.13,1827.32,4384848.185
2025-03-30 00:00:00+00:00,1827.31,1848.08,1766.04,1806.99,3858562.08
2025-03-31 00:00:00+00:00,1806.99,1853.34,1775.92,1821.59,5212530.713
2025-04-01 00:00:00+00:00,1821.59,1927.79,1816.64,1904.21,4671744.603
2025-04-02 00:00:00+00:00,1904.21,1957.97,1780.52,1794.1,7079855.203
2025-04-03 00:00:00+00:00,1794.11,1844.97,1747.47,1816.48,5186368.349
2025-04-04 00:00:00+00:00,1816.48,1834.7,1757.52,1815.97,6221114.502
2025-04-05 00:00:00+00:00,1815.97,1826.63,1761.18,1805.15,2358927.115
2025-04-06 00:00:00+00:00,1805.14,1816.38,1535.27,1579.98,9388042.765
2025-04-07 00:00:00+00:00,1579.98,1638.47,1410.0,1552.44,17632071.352
2025-04-08 00:00:00+00:00,1552.44,1618.0,1441.62,1472.67,9197866.83
2025-04-09 00:00:00+00:00,1472.68,1688.0,1384.0,1668.69,16116570.623
2025-04-10 00:00:00+00:00,1668.7,1669.19,1470.84,1521.57,9945193.041
2025-04-11 00:00:00+00:00,1521.56,1590.88,1503.63,1565.96,6468082.686
2025-04-12 00:00:00+00:00,1565.97,1669.85,1545.06,1643.6,5604513.987
2025-04-13 00:00:00+00:00,1643.6,1649.2,1559.4,1596.92,6495362.492
2025-04-14 00:00:00+00:00,1596.93,1691.57,1594.73,1623.02,6972175.93
2025-04-15 00:00:00+00:00,1623.02,1660.68,1582.14,1588.0,5330097.578
2025-04-16 00:00:00+00:00,1588.0,1614.95,1537.56,1576.58,7222095.782
2025-04-17 00:00:00+00:00,1576.57,1616.81,1562.26,1582.84,4942514.542
2025-04-18 00:00:00+00:00,1582.84,1600.0,1572.65,1587.91,2400463.737
2025-04-19 00:00:00+00:00,1587.91,1632.29,1584.01,1612.44,2503971.109
2025-04-20 00:00:00+00:00,1612.45,1618.46,1564.69,1586.56,3100920.987
2025-04-21 00:00:00+00:00,1586.57,1658.0,1560.62,1578.64,7470078.354
2025-04-22 00:00:00+00:00,1578.63,1779.02,1535.0,1755.57,10307669.455
2025-04-23 00:00:00+00:00,1755.58,1838.0,1744.3,1794.46,8309523.12
2025-04-24 00:00:00+00:00,1794.45,1802.27,1721.22,1768.8,5247333.371
2025-04-25 00:00:00+00:00,1768.79,1826.91,1737.4,1783.77,5989110.176
2025-04-26 00:00:00+00:00,1783.76,1841.49,1777.31,1820.0,3965587.849
2025-04-27 00:00:00+00:00,1819.99,1857.0,1780.25,1790.21,3619555.606
2025-04-28 00:00:00+00:00,1790.22,1826.71,1742.15,1799.22,6352728.687
2025-04-29 00:00:00+00:00,1799.21,1842.82,1779.36,1796.57,5315318.445
2025-04-30 00:00:00+00:00,1796.57,1816.0,1730.6,1792.71,5626543.488
2025-05-01 00:00:00+00:00,1792.71,1872.71,1791.55,1837.19,5360708.038
2025-05-02 00:00:00+00:00,1837.18,1871.06,1812.0,1841.22,4329970.344
2025-05-03 00:00:00+00:00,1841.22,1848.0,1807.75,1832.55,2801643.56
2025-05-04 00:00:00+00:00,1832.55,1849.53,1801.71,1807.87,3055757.356
2025-05-05 00:00:00+00:00,1807.87,1832.98,1780.02,1819.43,4641355.365
2025-05-06 00:00:00+00:00,1819.43,1820.3,1750.0,1816.22,5344191.56
2025-05-07 00:00:00+00:00,1816.23,1850.0,1786.0,1810.14,5769207.963
2025-05-08 00:00:00+00:00,1810.13,2227.0,1807.72,2206.54,13290171.723
2025-05-09 00:00:00+00:00,2206.53,2490.75,2183.59,2344.3,13924417.937
2025-05-10 00:00:00+00:00,2344.31,2600.76,2315.09,2581.91,9337754.747
2025-05-11 00:00:00+00:00,2581.9,2608.0,2434.89,2513.48,7493744.561
2025-05-12 00:00:00+00:00,2513.48,2624.84,2406.55,2494.16,9197060.865
2025-05-13 00:00:00+00:00,2494.16,2738.62,2414.36,2678.59,8696179.007
2025-05-14 00:00:00+00:00,2678.58,2724.96,2545.0,2608.74,6914278.151
2025-05-15 00:00:00+00:00,2608.75,2646.1,2475.61,2547.75,8115677.622
2025-05-16 00:00:00+00:00,2547.76,2648.68,2527.14,2535.72,5514825.122
2025-05-17 00:00:00+00:00,2535.71,2537.63,2442.65,2474.09,5088864.02
2025-05-18 00:00:00+00:00,2474.09,2587.52,2312.62,2496.98,8079064.264
2025-05-19 00:00:00+00:00,2496.98,2546.97,2346.99,2526.87,8872894.591
2025-05-20 00:00:00+00:00,2526.87,2588.0,2438.39,2523.09,6945963.632
2025-05-21 00:00:00+00:00,2523.08,2615.46,2450.72,2550.26,10600046.776
2025-05-22 00:00:00+00:00,2550.26,2692.61,2543.37,2663.72,6985054.685
2025-05-23 00:00:00+00:00,2663.72,2734.3,2497.0,2525.39,9061544.83
2025-05-24 00:00:00+00:00,2525.38,2574.5,2511.13,2529.27,2752527.948
2025-05-25 00:00:00+00:00,2529.27,2553.0,2457.6,2550.03,4036746.533
2025-05-26 00:00:00+00:00,2550.03,2598.6,2521.29,2562.43,3750834.338
2025-05-27 00:00:00+00:00,2562.42,2711.8,2508.0,2659.84,6941172.913
2025-05-28 00:00:00+00:00,2659.83,2689.13,2606.0,2680.4,5156133.407
2025-05-29 00:00:00+00:00,2680.4,2788.88,2617.11,2630.3,7588357.955
2025-05-30 00:00:00+00:00,2630.3,2648.42,2503.37,2529.63,6984847.342
2025-05-31 00:00:00+00:00,2529.62,2550.0,2474.0,2527.08,3446829.335
2025-06-01 00:00:00+00:00,2527.08,2547.0,2465.0,2537.89,3484871.729
2025-06-02 00:00:00+00:00,2537.89,2614.2,2472.74,2606.48,5275446.384
2025-06-03 00:00:00+00:00,2606.49,2654.98,2563.0,2592.16,5191907.18
2025-06-04 00:00:00+00:00,2592.16,2679.64,2582.41,2606.62,5284587.533
2025-06-05 00:00:00+00:00,2606.62,2640.0,2390.0,2412.9,8492400.72
2025-06-06 00:00:00+00:00,2412.9,2529.67,2379.62,2475.38,5419019.543
2025-06-07 00:00:00+00:00,2475.38,2545.0,2455.85,2523.4,2692914.761
2025-06-08 00:00:00+00:00,2523.41,2548.02,2483.28,2508.32,2632952.539
2025-06-09 00:00:00+00:00,2508.31,2693.2,2475.83,2679.12,5572543.306
2025-06-10 00:00:00+00:00,2679.13,2827.0,2655.0,2815.74,8830157.515
2025-06-11 00:00:00+00:00,2815.74,2879.0,2742.57,2770.34,7913878.569
2025-06-12 00:00:00+00:00,2770.35,2783.9,2614.24,2641.38,7405894.267
2025-06-13 00:00:00+00:00,2641.38,2644.32,2433.8,2578.09,11165882.996
2025-06-14 00:00:00+00:00,2578.1,2578.18,2486.68,2529.66,3565324.383
2025-06-15 00:00:00+00:00,2529.66,2559.76,2490.38,2546.32,3498181.69
2025-06-16 00:00:00+00:00,2546.32,2680.0,2513.38,2543.12,7101649.996
2025-06-17 00:00:00+00:00,2543.11,2617.74,2451.97,2508.99,8004120.988
2025-06-18 00:00:00+00:00,2508.99,2547.35,2465.0,2523.49,6693705.668
2025-06-19 00:00:00+00:00,2523.5,2546.29,2483.58,2520.18,3666746.681
2025-06-20 00:00:00+00:00,2520.17,2568.56,2363.88,2405.42,7724171.787
2025-06-21 00:00:00+00:00,2405.43,2447.96,2213.07,2294.63,6347781.449
2025-06-22 00:00:00+00:00,2294.64,2312.96,2111.0,2226.33,10976426.378
2025-06-23 00:00:00+00:00,2226.33,2440.0,2187.01,2410.39,10119602.037
2025-06-24 00:00:00+00:00,2410.4,2481.28,2374.9,2447.58,6672609.972
2025-06-25 00:00:00+00:00,2447.58,2467.84,2388.23,2417.28,5000125.213
2025-06-26 00:00:00+00:00,2417.28,2520.0,2392.12,2414.54,5704994.512
2025-06-27 00:00:00+00:00,2414.59,2463.38,2377.0,2422.06,4375482.494
2025-06-28 00:00:00+00:00,2422.07,2447.42,2404.75,2434.8,1533911.759
2025-06-29 00:00:00+00:00,2434.8,2524.41,2406.45,2499.25,3066795.2
2025-06-30 00:00:00+00:00,2499.25,2523.43,2431.87,2484.3,5172486.705
2025-07-01 00:00:00+00:00,2484.3,2499.6,2383.33,2403.65,4506176.03
2025-07-02 00:00:00+00:00,2403.66,2618.2,2367.53,2569.37,6609066.769
2025-07-03 00:00:00+00:00,2569.37,2635.0,2555.25,2590.17,5268757.244
2025-07-04 00:00:00+00:00,2590.18,2601.96,2473.07,2506.86,5033671.72
2025-07-05 00:00:00+00:00,2506.87,2528.86,2486.31,2515.25,2011813.011
2025-07-06 00:00:00+00:00,2515.25,2607.08,2502.25,2569.14,3600165.163
2025-07-07 00:00:00+00:00,2569.14,2589.88,2505.37,2541.37,4567857.773
2025-07-08 00:00:00+00:00,2541.36,2627.83,2522.07,2613.97,4474456.244
2025-07-09 00:00:00+00:00,2613.97,2795.73,2588.49,2767.7,7269179.795
2025-07-10 00:00:00+00:00,2767.69,3010.44,2754.08,2950.62,8576372.082
2025-07-11 00:00:00+00:00,2950.61,3040.95,2913.72,2956.93,8156318.681
2025-07-12 00:00:00+00:00,2956.94,2979.0,2902.8,2941.87,3279022.65
2025-07-13 00:00:00+00:00,2941.88,3019.52,2930.0,2970.37,3503115.926
2025-07-14 00:00:00+00:00,2970.37,3083.0,2961.44,3012.26,6656768.639
2025-07-15 00:00:00+00:00,3012.26,3144.48,2930.99,3137.62,8695662.537
2025-07-16 00:00:00+00:00,3137.62,3423.47,3099.6,3370.55,9404285.667
2025-07-17 00:00:00+00:00,3370.54,3524.0,3311.0,3476.65,8831516.299
2025-07-18 00:00:00+00:00,3476.66,3674.43,3458.0,3546.36,9940209.861
2025-07-19 00:00:00+00:00,3546.36,3608.0,3505.0,3591.31,3451544.417
2025-07-20 00:00:00+00:00,3591.32,3826.0,3578.05,3755.67,7235342.352
2025-07-21 00:00:00+00:00,3755.68,3857.82,3700.19,3760.96,6672579.311
2025-07-22 00:00:00+00:00,3760.95,3798.58,3616.53,3746.01,7931786.206
2025-07-23 00:00:00+00:00,3746.02,3764.08,3526.5,3627.49,6962184.377
2025-07-24 00:00:00+00:00,3627.5,3772.63,3505.0,3706.2,7785869.615
2025-07-25 00:00:00+00:00,3706.22,3746.42,3570.13,3724.17,7413357.205
2025-07-26 00:00:00+00:00,3724.18,3795.2,3694.56,3740.0,3327830.068
2025-07-27 00:00:00+00:00,3740.0,3878.53,3728.36,3871.47,4061335.758
2025-07-28 00:00:00+00:00,3871.48,3940.81,3751.03,3796.0,6290790.926
2025-07-29 00:00:00+00:00,3795.99,3885.43,3712.24,3791.55,6546244.159
2025-07-30 00:00:00+00:00,3791.55,3832.61,3670.0,3808.67,5758788.738
2025-07-31 00:00:00+00:00,3808.67,3878.0,3682.23,3696.58,5397334.756
2025-08-01 00:00:00+00:00,3696.57,3722.9,3428.86,3486.42,9193572.267
2025-08-02 00:00:00+00:00,3486.41,3536.48,3366.5,3392.42,5424066.49
2025-08-03 00:00:00+00:00,3392.42,3520.97,3353.51,3495.0,3427531.227
2025-08-04 00:00:00+00:00,3495.01,3735.0,3489.28,3719.42,5316512.393
2025-08-05 00:00:00+00:00,3719.41,3720.1,3542.58,3610.19,5815168.146
2025-08-06 00:00:00+00:00,3610.19,3697.39,3562.34,3681.21,4199037.186
2025-08-07 00:00:00+00:00,3681.21,3926.38,3645.78,3908.4,5937102.226
2025-08-08 00:00:00+00:00,3908.4,4070.0,3876.7,4009.05,6145342.857
2025-08-09 00:00:00+00:00,4009.04,4325.24,4005.02,4259.1,6548032.73
2025-08-10 00:00:00+00:00,4259.11,4331.99,4160.0,4248.77,4745124.651
2025-08-11 00:00:00+00:00,4248.77,4370.0,4164.23,4221.31,7280638.345
2025-08-12 00:00:00+00:00,4221.31,4640.0,4216.61,4589.31,8478717.163
2025-08-13 00:00:00+00:00,4589.31,4783.62,4562.59,4748.37,7960032.485
2025-08-14 00:00:00+00:00,4748.36,4794.0,4451.0,4545.26,10442559.67
2025-08-15 00:00:00+00:00,4545.26,4670.23,4364.0,4437.16,7420333.141
2025-08-16 00:00:00+00:00,4437.15,4488.33,4370.0,4420.22,3186954.848
2025-08-17 00:00:00+00:00,4420.22,4574.95,4392.45,4470.66,4146129.176
2025-08-18 00:00:00+00:00,4470.66,4480.0,4224.1,4311.73,8232985.759
2025-08-19 00:00:00+00:00,4311.72,4354.22,4064.96,4073.94,7641112.186
2025-08-20 00:00:00+00:00,4073.93,4376.13,4060.0,4334.5,7670009.51
2025-08-21 00:00:00+00:00,4334.5,4338.94,4202.0,4223.7,4937369.302
2025-08-22 00:00:00+00:00,4223.69,4888.49,4206.0,4830.37,11984283.633
2025-08-23 00:00:00+00:00,4830.36,4830.37,4662.25,4777.26,3997279.661
2025-08-24 00:00:00+00:00,4777.25,4957.67,4702.47,4778.32,6361395.851
2025-08-25 00:00:00+00:00,4778.33,4796.8,4331.15,4374.25,9104476.925
2025-08-26 00:00:00+00:00,4374.25,4632.92,4310.0,4598.49,6833123.715
2025-08-27 00:00:00+00:00,4598.5,4662.5,4479.01,4504.84,5766618.714
2025-08-28 00:00:00+00:00,4504.86,4633.12,4425.0,4509.1,4426437.919
2025-08-29 00:00:00+00:00,4509.1,4514.66,4264.29,4358.65,6209654.111
2025-08-30 00:00:00+00:00,4358.65,4414.45,4254.97,4372.0,2942714.992
2025-08-31 00:00:00+00:00,4372.0,4498.0,4370.33,4389.58,3156027.534
2025-09-01 00:00:00+00:00,4389.58,4490.0,4205.49,4313.0,5447493.883
2025-09-02 00:00:00+00:00,4313.0,4414.73,4254.33,4324.59,5122607.494
2025-09-03 00:00:00+00:00,4324.58,4488.36,4281.0,4448.22,3880391.161
2025-09-04 00:00:00+00:00,4448.22,4480.99,4263.0,4295.68,4894116.686
2025-09-05 00:00:00+00:00,4295.68,4494.45,4252.47,4305.71,6326357.485
2025-09-06 00:00:00+00:00,4305.71,4327.0,4220.0,4271.69,2147554.767
2025-09-07 00:00:00+00:00,4271.68,4336.05,4267.44,4303.84,1711470.552
2025-09-08 00:00:00+00:00,4303.83,4382.75,4276.21,4303.98,3546410.615
2025-09-09 00:00:00+00:00,4303.97,4380.77,4275.0,4308.4,3523559.615
2025-09-10 00:00:00+00:00,4308.41,4453.56,4283.0,4347.83,4432223.474
2025-09-11 00:00:00+00:00,4347.83,4483.44,4328.88,4456.86,4235830.637
2025-09-12 00:00:00+00:00,4456.87,4750.0,4448.35,4710.83,4819201.204
2025-09-13 00:00:00+00:00,4710.82,4768.0,4603.0,4664.74,3171687.815
2025-09-14 00:00:00+00:00,4664.74,4691.3,4575.0,4602.0,2511259.911
2025-09-15 00:00:00+00:00,4602.0,4668.0,4463.0,4521.54,4176404.992
2025-09-16 00:00:00+00:00,4521.54,4536.31,4421.01,4499.41,3109858.769
2025-09-17 00:00:00+00:00,4499.41,4615.26,4404.08,4588.3,5124507.153
2025-09-18 00:00:00+00:00,4588.31,4642.6,4551.75,4585.31,2928393.691
2025-09-19 00:00:00+00:00,4585.32,4619.5,4433.0,4466.49,3411338.53
2025-09-20 00:00:00+00:00,4466.48,4506.75,4451.62,4478.27,1210096.976
2025-09-21 00:00:00+00:00,4478.26,4497.01,4440.01,4443.01,1366255.572
2025-09-22 00:00:00+00:00,4443.0,4454.01,4000.88,4196.86,6100386.078
2025-09-23 00:00:00+00:00,4196.87,4230.06,4112.43,4162.25,3491189.582
2025-09-24 00:00:00+00:00,4162.25,4204.99,4070.0,4150.51,3047254.366
2025-09-25 00:00:00+00:00,4150.51,4158.95,3822.0,3873.1,8452019.741
2025-09-26 00:00:00+00:00,3873.1,4066.39,3866.0,4030.17,4740997.735
2025-09-27 00:00:00+00:00,4030.17,4038.62,3971.45,4017.01,1763090.139
2025-09-28 00:00:00+00:00,4017.01,4143.05,3963.1,4139.55,2514830.299
2025-09-29 00:00:00+00:00,4139.54,4234.27,4080.0,4212.98,3781396.686
2025-09-30 00:00:00+00:00,4212.99,4246.87,4091.0,4142.75,3692892.942
2025-10-01 00:00:00+00:00,4142.75,4356.07,4120.61,4345.85,4436505.357
2025-10-02 00:00:00+00:00,4345.85,4516.65,4330.11,4481.7,4471666.244
2025-10-03 00:00:00+00:00,4481.7,4590.83,4426.0,4511.11,4421328.072
2025-10-04 00:00:00+00:00,4511.12,4515.8,4438.0,4484.79,1887541.368
2025-10-05 00:00:00+00:00,4484.79,4618.44,4465.01,4512.34,3476365.707
2025-10-06 00:00:00+00:00,4512.35,4734.99,4486.05,4682.43,3988549.973
2025-10-07 00:00:00+00:00,4682.42,4754.0,4422.44,4445.76,5946456.672
2025-10-08 00:00:00+00:00,4445.77,4556.75,4408.69,4523.67,3755083.452
2025-10-09 00:00:00+00:00,4523.66,4529.15,4262.55,4365.83,5102570.656
2025-10-10 00:00:00+00:00,4365.83,4392.0,3400.0,3819.99,12017119.047
2025-10-11 00:00:00+00:00,3820.0,3874.28,3640.0,3744.99,5215588.468
2025-10-12 00:00:00+00:00,3744.99,4200.0,3692.96,4149.99,9472267.39
2025-10-13 00:00:00+00:00,4150.0,4293.03,4034.12,4239.7,7867416.54
2025-10-14 00:00:00+00:00,4239.7,4262.0,3885.09,4123.05,8470013.274
2025-10-15 00:00:00+00:00,4123.06,4216.12,3925.0,3983.81,5383244.01
2025-10-16 00:00:00+00:00,3983.8,4089.34,3822.5,3892.02,5731700.779
2025-10-17 00:00:00+00:00,3892.02,3948.06,3671.0,3829.99,6653715.864
2025-10-18 00:00:00+00:00,3830.0,3926.0,3817.21,3887.01,1938785.098
2025-10-19 00:00:00+00:00,3887.01,4030.0,3810.0,3980.59,3378168.171
2025-10-20 00:00:00+00:00,3980.6,4085.0,3906.89,3977.54,3964193.706
2025-10-21 00:00:00+00:00,3977.54,4108.41,3838.21,3871.11,6065458.751
2025-10-22 00:00:00+00:00,3871.11,3887.45,3706.31,3803.93,5014922.865
2025-10-23 00:00:00+00:00,3803.94,3933.4,3794.89,3855.21,3703936.916
2025-10-24 00:00:00+00:00,3855.22,4026.48,3844.02,3933.19,3655431.455
2025-10-25 00:00:00+00:00,3933.2,3968.93,3910.0,3952.25,1294911.079
2025-10-26 00:00:00+00:00,3952.24,4179.27,3914.3,4156.37,2929386.864
2025-10-27 00:00:00+00:00,4156.36,4253.0,4090.61,4118.47,4177961.802
2025-10-28 00:00:00+00:00,4118.46,4174.08,3925.01,3977.56,4291976.218
2025-10-29 00:00:00+00:00,3977.56,4034.99,3836.0,3900.38,4458210.334
2025-10-30 00:00:00+00:00,3900.38,3947.0,3677.7,3802.8,5769173.941
2025-10-31 00:00:00+00:00,3802.8,3904.9,3794.13,3846.42,3815967.522
2025-11-01 00:00:00+00:00,3846.42,3907.61,3828.8,3872.14,1270485.006
2025-11-02 00:00:00+00:00,3872.14,3917.0,3837.04,3904.8,1816853.789
2025-11-03 00:00:00+00:00,3904.79,3913.34,3556.0,3602.15,6599474.497
2025-11-04 00:00:00+00:00,3602.15,3653.65,3055.0,3285.28,10678270.996
2025-11-05 00:00:00+00:00,3285.28,3479.0,3165.41,3423.06,5529908.978
2025-11-06 00:00:00+00:00,3423.06,3455.0,3245.0,3313.7,4923419.396
2025-11-07 00:00:00+00:00,3313.7,3472.23,3192.92,3434.36,5003943.428
2025-11-08 00:00:00+00:00,3434.37,3490.0,3353.31,3400.07,2663386.219
2025-11-09 00:00:00+00:00,3400.08,3624.4,3356.74,3581.31,3242104.849
2025-11-10 00:00:00+00:00,3581.31,3658.0,3505.55,3566.38,3732092.709
2025-11-11 00:00:00+00:00,3566.38,3647.54,3403.02,3416.32,4510443.944
2025-11-12 00:00:00+00:00,3416.33,3587.24,3370.0,3413.46,4885053.439
2025-11-13 00:00:00+00:00,3413.45,3565.0,3152.49,3230.12,7753251.79
2025-11-14 00:00:00+00:00,3230.13,3255.95,3068.0,3111.2,8107655.483
2025-11-15 00:00:00+00:00,3111.2,3230.56,3109.16,3166.55,2382547.615
2025-11-16 00:00:00+00:00,3166.56,3248.5,3001.01,3094.05,5514051.792
2025-11-17 00:00:00+00:00,3094.04,3223.22,2958.0,3030.06,6720441.979
2025-11-18 00:00:00+00:00,3030.06,3169.28,2943.31,3122.2,6218662.842
2025-11-19 00:00:00+00:00,3122.2,3125.05,2873.0,3024.09,7755927.867
2025-11-20 00:00:00+00:00,3024.08,3063.0,2788.01,2832.97,8009557.115
2025-11-21 00:00:00+00:00,2832.96,2885.84,2620.0,2764.69,10727173.104
2025-11-22 00:00:00+00:00,2764.7,2798.0,2702.87,2769.06,2709820.893
2025-11-23 00:00:00+00:00,2769.06,2857.0,2766.87,2800.73,3288963.717
2025-11-24 00:00:00+00:00,2800.74,2986.98,2761.38,2952.19,6158375.151
2025-11-25 00:00:00+00:00,2952.18,2979.31,2855.0,2958.24,4774258.874
2025-11-26 00:00:00+00:00,2958.24,3044.46,2887.09,3025.02,4273427.784
2025-11-27 00:00:00+00:00,3025.02,3070.0,2983.81,3013.8,2959023.537
2025-11-28 00:00:00+00:00,3013.81,3099.0,2992.1,3029.8,3878973.607
2025-11-29 00:00:00+00:00,3029.8,3051.46,2960.01,2987.96,2258392.443
2025-11-30 00:00:00+00:00,2987.96,3052.21,2974.0,2990.02,1978839.3
2025-12-01 00:00:00+00:00,2990.02,2998.84,2718.07,2797.47,6741830.72
2025-12-02 00:00:00+00:00,2797.48,3034.94,2780.6,2994.63,5080990.853
2025-12-03 00:00:00+00:00,2994.63,3216.53,2983.76,3187.07,5461248.054
2025-12-04 00:00:00+00:00,3187.08,3239.27,3064.81,3132.01,5001099.111
2025-12-05 00:00:00+00:00,3132.01,3192.72,2978.0,3020.38,5378728.01
2025-12-06 00:00:00+00:00,3020.38,3068.58,3011.0,3036.53,1618613.158
2025-12-07 00:00:00+00:00,3036.53,3150.0,2903.75,3058.14,4316087.325
2025-12-08 00:00:00+00:00,3058.14,3179.99,3038.76,3123.14,4298631.798
2025-12-09 00:00:00+00:00,3123.15,3397.5,3089.01,3316.49,5589772.365
2025-12-10 00:00:00+00:00,3316.5,3446.12,3286.58,3322.79,4812014.096
2025-12-11 00:00:00+00:00,3322.8,3326.74,3142.92,3235.77,5182963.105
2025-12-12 00:00:00+00:00,3235.78,3264.78,3041.1,3083.34,4616717.641
2025-12-13 00:00:00+00:00,3083.34,3135.0,3075.0,3113.01,1450299.521
2025-12-14 00:00:00+00:00,3113.0,3128.65,3022.51,3062.02,2689994.308
2025-12-15 00:00:00+00:00,3062.01,3177.0,2890.51,2963.25,6080692.972
2025-12-16 00:00:00+00:00,2963.25,2982.1,2870.0,2960.84,4501415.709
2025-12-17 00:00:00+00:00,2960.83,3030.0,2789.52,2832.0,5886093.565
2025-12-18 00:00:00+00:00,2831.99,2997.05,2772.97,2827.3,6355841.595
2025-12-19 00:00:00+00:00,2827.32,3017.99,2806.15,2978.33,5024441.542
2025-12-20 00:00:00+00:00,2978.34,2992.97,2965.28,2976.54,1037932.071
2025-12-21 00:00:00+00:00,2976.55,3011.99,2943.0,3000.62,1880938.477
2025-12-22 00:00:00+00:00,3000.61,3077.99,2961.0,3008.49,4028005.767
2025-12-23 00:00:00+00:00,3008.5,3035.0,2899.3,2963.29,4025936.154
2025-12-24 00:00:00+00:00,2963.29,2976.48,2886.75,2946.23,2622651.93
2025-12-25 00:00:00+00:00,2946.23,2969.99,2888.88,2902.32,1833895.842
2025-12-26 00:00:00+00:00,2902.32,2994.0,2892.72,2926.82,3511943.959
2025-12-27 00:00:00+00:00,2926.83,2959.84,2914.63,2947.61,899512.695
2025-12-28 00:00:00+00:00,2947.61,2959.99,2922.84,2949.6,1156340.657
2025-12-29 00:00:00+00:00,2949.6,3056.0,2908.58,2936.45,4975460.686
2025-12-30 00:00:00+00:00,2936.45,3008.67,2917.48,2972.22,3160478.075
2025-12-31 00:00:00+00:00,2972.23,3027.73,2957.59,2970.4,2411514.797
2026-01-01 00:00:00+00:00,2970.4,3008.56,2970.0,3002.49,1078103.921
2026-01-02 00:00:00+00:00,3002.5,3149.0,2990.67,3123.89,4632283.725
2026-01-03 00:00:00+00:00,3123.88,3135.0,3074.52,3125.47,1466597.6
2026-01-04 00:00:00+00:00,3125.46,3165.99,3115.0,3143.32,1887902.79
2026-01-05 00:00:00+00:00,3143.33,3266.0,3131.47,3223.71,4530955.5
2026-01-06 00:00:00+00:00,3223.72,3308.0,3180.71,3295.46,4587035.481
2026-01-07 00:00:00+00:00,3295.46,3295.79,3123.01,3167.52,4540326.148
2026-01-08 00:00:00+00:00,3167.53,3183.68,3052.43,3105.45,4244975.433
2026-01-09 00:00:00+00:00,3105.44,3148.0,3056.79,3087.15,3688956.785
2026-01-10 00:00:00+00:00,3087.16,3102.75,3077.08,3085.47,690476.319
2026-01-11 00:00:00+00:00,3085.47,3147.0,3083.23,3122.0,1514111.583
2026-01-12 00:00:00+00:00,3122.0,3170.88,3061.35,3093.84,3879346.739
2026-01-13 00:00:00+00:00,3093.85,3383.63,3090.18,3324.69,4721555.817
2026-01-14 00:00:00+00:00,3324.68,3403.77,3280.0,3353.27,4884153.834
2026-01-15 00:00:00+00:00,3353.28,3383.07,3266.0,3317.0,4131982.824
2026-01-16 00:00:00+00:00,3317.0,3325.34,3251.42,3294.77,2550182.156
2026-01-17 00:00:00+00:00,3294.77,3328.36,3282.39,3308.87,1148627.857
2026-01-18 00:00:00+00:00,3308.86,3367.98,3277.42,3282.77,1816518.47
2026-01-19 00:00:00+00:00,3282.77,3283.2,3165.0,3188.01,3565887.7
2026-01-20 00:00:00+00:00,3188.01,3199.73,2910.0,2938.24,5863217.618
2026-01-21 00:00:00+00:00,2938.25,3069.34,2864.29,2980.66,6529694.517
2026-01-22 00:00:00+00:00,2980.67,3037.49,2904.11,2951.21,3511036.223
2026-01-23 00:00:00+00:00,2951.21,3020.45,2890.2,2955.08,3421101.166
2026-01-24 00:00:00+00:00,2955.08,2968.75,2942.0,2952.09,782585.277
2026-01-25 00:00:00+00:00,2952.09,2959.27,2784.15,2815.49,3639269.207
2026-01-26 00:00:00+00:00,2815.49,2950.0,2810.72,2928.9,5212624.57
2026-01-27 00:00:00+00:00,2928.89,3034.99,2898.89,3024.92,3892928.818
2026-01-28 00:00:00+00:00,3024.92,3045.0,2981.7,3009.36,2975250.747
2026-01-29 00:00:00+00:00,3009.36,3012.04,2752.5,2821.0,5756506.007
2026-01-30 00:00:00+00:00,2821.0,2827.27,2634.63,2705.66,7083805.908
2026-01-31 00:00:00+00:00,2705.66,2713.43,2202.4,2450.38,9597331.925
2026-02-01 00:00:00+00:00,2450.38,2474.98,2218.0,2269.04,7484600.303
2026-02-02 00:00:00+00:00,2269.03,2395.4,2156.0,2345.55,9776544.584
2026-02-03 00:00:00+00:00,2345.56,2358.6,2103.4,2232.23,10848208.477
2026-02-04 00:00:00+00:00,2232.23,2295.0,2073.68,2147.01,10585464.616
2026-02-05 00:00:00+00:00,2147.01,2173.0,1813.44,1824.95,16655460.741
2026-02-06 00:00:00+00:00,1824.94,2095.1,1736.02,2062.54,12992141.928
2026-02-07 00:00:00+00:00,2062.55,2125.0,1993.34,2085.93,9242436.501
2026-02-08 00:00:00+00:00,2085.94,2152.0,2065.28,2088.6,4555179.279
2026-02-09 00:00:00+00:00,2088.59,2148.0,2008.0,2103.96,6112389.381
2026-02-10 00:00:00+00:00,2103.96,2123.7,1983.77,2021.51,5719539.726
2026-02-11 00:00:00+00:00,2021.51,2031.0,1901.22,1940.07,7001716.607
2026-02-12 00:00:00+00:00,1940.07,2000.9,1893.77,1947.15,5249452.151
2026-02-13 00:00:00+00:00,1947.15,2073.0,1923.29,2047.6,4756924.94
2026-02-14 00:00:00+00:00,2047.6,2107.02,2041.0,2085.43,2551809.818
2026-02-15 00:00:00+00:00,2085.43,2102.73,1926.83,1965.47,5263088.682
2026-02-16 00:00:00+00:00,1965.48,2023.3,1935.39,1997.35,4222483.641
2026-02-17 00:00:00+00:00,1997.36,2014.91,1940.01,1990.68,4415263.662
2026-02-18 00:00:00+00:00,1990.68,2038.27,1921.64,1954.77,4947193.478
2026-02-19 00:00:00+00:00,1954.77,1986.91,1905.5,1948.15,4169323.203
2026-02-20 00:00:00+00:00,1948.15,1980.73,1921.53,1967.85,4614697.353
2026-02-21 00:00:00+00:00,1967.85,1996.64,1955.07,1972.54,1952314.278
2026-02-22 00:00:00+00:00,1972.54,1982.83,1933.0,1957.01,2181545.112
2026-02-23 00:00:00+00:00,1957.0,1957.58,1836.06,1855.47,6596823.284
2026-02-24 00:00:00+00:00,1855.47,1868.94,1796.0,1851.09,5451865.185
2026-02-25 00:00:00+00:00,1851.1,2149.95,1845.7,2056.5,8508406.312
2026-02-26 00:00:00+00:00,2056.51,2083.09,1973.49,2026.71,5317905.842
2026-02-27 00:00:00+00:00,2026.7,2063.71,1885.0,1928.5,5765278.24
2026-02-28 00:00:00+00:00,1928.51,1984.22,1834.06,1963.48,6413987.498
2026-03-01 00:00:00+00:00,1963.48,2054.67,1905.91,1938.57,6813284.796
2026-03-02 00:00:00+00:00,1938.58,2089.0,1916.0,2026.69,7122677.456
2026-03-03 00:00:00+00:00,2026.69,2041.22,1926.32,1981.85,6737214.335
2026-03-04 00:00:00+00:00,1981.85,2199.47,1943.4,2125.98,8276703.768
2026-03-05 00:00:00+00:00,2125.97,2163.0,2053.3,2072.18,5635437.004
2026-03-06 00:00:00+00:00,2072.17,2092.39,1954.25,1977.66,5122007.554
2026-03-07 00:00:00+00:00,1977.66,1995.74,1946.87,1968.39,2177663.083
2026-03-08 00:00:00+00:00,1968.39,1979.03,1906.63,1935.97,4103521.455
2026-03-09 00:00:00+00:00,1935.98,2052.83,1928.2,1992.28,6267966.906
2026-03-10 00:00:00+00:00,1992.28,2088.0,1990.23,2035.39,6003913.771
2026-03-11 00:00:00+00:00,2035.38,2084.98,2005.9,2050.99,4590062.81
2026-03-12 00:00:00+00:00,2050.98,2094.57,2016.17,2072.6,5389229.449
2026-03-13 00:00:00+00:00,2072.6,2209.49,2069.1,2091.01,7769112.85
2026-03-14 00:00:00+00:00,2091.0,2105.75,2060.09,2095.27,2147825.724
2026-03-15 00:00:00+00:00,2095.28,2202.87,2081.59,2177.73,3897654.309
2026-03-16 00:00:00+00:00,2177.73,2385.78,2163.32,2351.66,9230354.53
2026-03-17 00:00:00+00:00,2351.66,2377.0,2292.57,2316.45,5494951.391
2026-03-18 00:00:00+00:00,2316.45,2349.99,2150.7,2201.95,7125002.425
2026-03-19 00:00:00+00:00,2201.96,2232.64,2098.02,2136.56,6232708.908
2026-03-20 00:00:00+00:00,2136.56,2175.64,2114.2,2145.08,4465173.651
2026-03-21 00:00:00+00:00,2145.08,2168.0,2068.78,2083.37,1888068.546
2026-03-22 00:00:00+00:00,2083.37,2126.38,2024.11,2052.85,4214366.298
2026-03-23 00:00:00+00:00,2052.86,2199.0,2021.58,2151.01,8293509.298
2026-03-24 00:00:00+00:00,2151.0,2174.71,2102.0,2155.29,4711394.096
2026-03-25 00:00:00+00:00,2155.3,2200.11,2142.66,2168.0,4267494.054
2026-03-26 00:00:00+00:00,2168.0,2171.32,2033.22,2059.17,5445914.451
2026-03-27 00:00:00+00:00,2059.18,2076.43,1966.2,1991.58,5023322.317
2026-03-28 00:00:00+00:00,1991.57,2049.36,1981.52,1993.48,2477055.928
2026-03-29 00:00:00+00:00,1993.48,2019.0,1936.54,1983.44,2832513.215
2026-03-30 00:00:00+00:00,1983.45,2086.99,1978.7,2025.69,5457974.968
2026-03-31 00:00:00+00:00,2025.69,2124.51,2011.25,2104.49,6430786.319
2026-04-01 00:00:00+00:00,2104.48,2167.2,2081.19,2138.8,4726113.806
2026-04-02 00:00:00+00:00,2138.8,2158.42,2015.55,2055.96,5764960.393
2026-04-03 00:00:00+00:00,2055.97,2084.02,2038.35,2052.92,2137709.797
2026-04-04 00:00:00+00:00,2052.93,2083.36,2043.0,2064.43,1306192.46
2026-04-05 00:00:00+00:00,2064.43,2123.23,2020.61,2109.35,3133077.468
2026-04-06 00:00:00+00:00,2109.36,2174.41,2086.29,2106.14,5140998.259
2026-04-07 00:00:00+00:00,2106.14,2273.0,2058.01,2239.14,6881146.135
2026-04-08 00:00:00+00:00,2239.14,2269.65,2177.77,2188.87,5066512.92
2026-04-09 00:00:00+00:00,2188.87,2196.53,2157.4,2164.52,1833673.114
